{
  "old_new": "new",
  "id": "DIA-NN_20260428_152129",
  "software_name": "DIA-NN",
  "software_version": "2.2.0 Academia ",
  "search_engine": "DIA-NN",
  "search_engine_version": "2.2.0 Academia ",
  "ident_fdr_psm": "0.01",
  "ident_fdr_peptide": NaN,
  "ident_fdr_protein": NaN,
  "enable_match_between_runs": false,
  "precursor_mass_tolerance": "[-20.0 ppm, 20.0 ppm]",
  "fragment_mass_tolerance": "[-20.0 ppm, 20.0 ppm]",
  "enzyme": "Trypins/P",
  "allowed_miscleavages": "2",
  "min_peptide_length": "7",
  "max_peptide_length": "30",
  "is_temporary": false,
  "intermediate_hash": "03b85008fdb343ec95ac6d6a447db4fda173595e",
  "results": {
    "6": {
      "median_abs_epsilon_global": 0.10167884826660156,
      "median_abs_epsilon_eq_species": 0.14257939656575522,
      "median_abs_epsilon_ECOLI": 0.18553447723388672,
      "median_abs_epsilon_HUMAN": 0.09330177307128906,
      "median_abs_epsilon_YEAST": 0.14890193939208984,
      "mean_abs_epsilon_global": 0.1451690903871857,
      "mean_abs_epsilon_eq_species": 0.19171616376263353,
      "mean_abs_epsilon_ECOLI": 0.2446516746583559,
      "mean_abs_epsilon_HUMAN": 0.13228689042404568,
      "mean_abs_epsilon_YEAST": 0.19820992620549902,
      "median_log2_empirical_ECOLI": -1.8436031341552734,
      "median_log2_empirical_HUMAN": 0.0037736892700195312,
      "median_log2_empirical_YEAST": 0.8722505569458008,
      "median_abs_epsilon_precision_global": 0.09689998626708984,
      "median_abs_epsilon_precision_eq_species": 0.11372168858846028,
      "median_abs_epsilon_precision_ECOLI": 0.13208389282226562,
      "median_abs_epsilon_precision_HUMAN": 0.09282779693603516,
      "median_abs_epsilon_precision_YEAST": 0.11625337600708008,
      "mean_log2_empirical_ECOLI": -1.8098955475465974,
      "mean_log2_empirical_HUMAN": -0.009993998749229741,
      "mean_log2_empirical_YEAST": 0.8470189384820376,
      "mean_abs_epsilon_precision_global": 0.13877784068154703,
      "mean_abs_epsilon_precision_eq_species": 0.16301068726826917,
      "mean_abs_epsilon_precision_ECOLI": 0.19581255681398133,
      "mean_abs_epsilon_precision_HUMAN": 0.1328223289361812,
      "mean_abs_epsilon_precision_YEAST": 0.160397176054645,
      "CV_median": 0.07898615443805289,
      "CV_q75": 0.1330709113279573,
      "CV_q90": 0.20541313483962426,
      "CV_q95": 0.26026937549426654,
      "variance_epsilon_global": 0.04439018906467185,
      "nr_prec": 65335,
      "roc_auc": 0.9906826684252472
    },
    "5": {
      "median_abs_epsilon_global": 0.10989570617675781,
      "median_abs_epsilon_eq_species": 0.15543731053670248,
      "median_abs_epsilon_ECOLI": 0.2019038200378418,
      "median_abs_epsilon_HUMAN": 0.09980583190917969,
      "median_abs_epsilon_YEAST": 0.16460227966308594,
      "mean_abs_epsilon_global": 0.15850851648531186,
      "mean_abs_epsilon_eq_species": 0.2124625640313247,
      "mean_abs_epsilon_ECOLI": 0.2769856846836928,
      "mean_abs_epsilon_HUMAN": 0.14250937677439812,
      "mean_abs_epsilon_YEAST": 0.21789263063588327,
      "median_log2_empirical_ECOLI": -1.8277382850646973,
      "median_log2_empirical_HUMAN": 0.00322723388671875,
      "median_log2_empirical_YEAST": 0.8596735000610352,
      "median_abs_epsilon_precision_global": 0.10515403747558594,
      "median_abs_epsilon_precision_eq_species": 0.1264820098876953,
      "median_abs_epsilon_precision_ECOLI": 0.15024375915527344,
      "median_abs_epsilon_precision_HUMAN": 0.09960079193115234,
      "median_abs_epsilon_precision_YEAST": 0.12960147857666016,
      "mean_log2_empirical_ECOLI": -1.782607574924036,
      "mean_log2_empirical_HUMAN": -0.009871634013431392,
      "mean_log2_empirical_YEAST": 0.8313074122360198,
      "mean_abs_epsilon_precision_global": 0.15093482530959712,
      "mean_abs_epsilon_precision_eq_species": 0.1814839053592062,
      "mean_abs_epsilon_precision_ECOLI": 0.22511630758276138,
      "mean_abs_epsilon_precision_HUMAN": 0.14297217932383322,
      "mean_abs_epsilon_precision_YEAST": 0.17636322917102393,
      "CV_median": 0.08327420143286514,
      "CV_q75": 0.1423073130259154,
      "CV_q90": 0.22030133483970865,
      "CV_q95": 0.27921262940072644,
      "variance_epsilon_global": 0.05288019543982293,
      "nr_prec": 76770,
      "roc_auc": 0.986555299711079
    },
    "4": {
      "median_abs_epsilon_global": 0.11828422546386719,
      "median_abs_epsilon_eq_species": 0.17181777954101562,
      "median_abs_epsilon_ECOLI": 0.22837305068969727,
      "median_abs_epsilon_HUMAN": 0.1059274673461914,
      "median_abs_epsilon_YEAST": 0.1811528205871582,
      "mean_abs_epsilon_global": 0.17429891852818943,
      "mean_abs_epsilon_eq_species": 0.24137407557483845,
      "mean_abs_epsilon_ECOLI": 0.3273171755690646,
      "mean_abs_epsilon_HUMAN": 0.15304884456371026,
      "mean_abs_epsilon_YEAST": 0.2437562065917405,
      "median_log2_empirical_ECOLI": -1.800621509552002,
      "median_log2_empirical_HUMAN": 0.002471923828125,
      "median_log2_empirical_YEAST": 0.8449630737304688,
      "median_abs_epsilon_precision_global": 0.11300182342529297,
      "median_abs_epsilon_precision_eq_species": 0.1422694524129232,
      "median_abs_epsilon_precision_ECOLI": 0.1778273582458496,
      "median_abs_epsilon_precision_HUMAN": 0.10590744018554688,
      "median_abs_epsilon_precision_YEAST": 0.14307355880737305,
      "mean_log2_empirical_ECOLI": -1.7338014496470417,
      "mean_log2_empirical_HUMAN": -0.010722669260812015,
      "mean_log2_empirical_YEAST": 0.8101852139479568,
      "mean_abs_epsilon_precision_global": 0.16518162154014943,
      "mean_abs_epsilon_precision_eq_species": 0.20639744320630019,
      "mean_abs_epsilon_precision_ECOLI": 0.2676846683737317,
      "mean_abs_epsilon_precision_HUMAN": 0.15351574059193274,
      "mean_abs_epsilon_precision_YEAST": 0.19799192065323606,
      "CV_median": 0.08564594252260715,
      "CV_q75": 0.14728120714680104,
      "CV_q90": 0.22834649875629587,
      "CV_q95": 0.2908168592017172,
      "variance_epsilon_global": 0.0653470756326282,
      "nr_prec": 86087,
      "roc_auc": 0.9781887982365484
    },
    "3": {
      "median_abs_epsilon_global": 0.12384176254272461,
      "median_abs_epsilon_eq_species": 0.17776012420654297,
      "median_abs_epsilon_ECOLI": 0.23206424713134766,
      "median_abs_epsilon_HUMAN": 0.1114044189453125,
      "median_abs_epsilon_YEAST": 0.18981170654296875,
      "mean_abs_epsilon_global": 0.18531349131710603,
      "mean_abs_epsilon_eq_species": 0.2528930314306761,
      "mean_abs_epsilon_ECOLI": 0.33611340694362357,
      "mean_abs_epsilon_HUMAN": 0.16413556359921944,
      "mean_abs_epsilon_YEAST": 0.2584301237491853,
      "median_log2_empirical_ECOLI": -1.7971744537353516,
      "median_log2_empirical_HUMAN": 0.0024280548095703125,
      "median_log2_empirical_YEAST": 0.8374671936035156,
      "median_abs_epsilon_precision_global": 0.11878538131713867,
      "median_abs_epsilon_precision_eq_species": 0.14719708760579428,
      "median_abs_epsilon_precision_ECOLI": 0.18030357360839844,
      "median_abs_epsilon_precision_HUMAN": 0.11115169525146484,
      "median_abs_epsilon_precision_YEAST": 0.15013599395751953,
      "mean_log2_empirical_ECOLI": -1.7249421028756458,
      "mean_log2_empirical_HUMAN": -0.010053634694334715,
      "mean_log2_empirical_YEAST": 0.796869437391276,
      "mean_abs_epsilon_precision_global": 0.1760270292299143,
      "mean_abs_epsilon_precision_eq_species": 0.2171574143161723,
      "mean_abs_epsilon_precision_ECOLI": 0.27626629104866945,
      "mean_abs_epsilon_precision_HUMAN": 0.16453337160001413,
      "mean_abs_epsilon_precision_YEAST": 0.21067258029983332,
      "CV_median": 0.08767971055431731,
      "CV_q75": 0.15129708634130634,
      "CV_q90": 0.23494897909009155,
      "CV_q95": 0.2995485372095888,
      "variance_epsilon_global": 0.0746719562898936,
      "nr_prec": 97638,
      "roc_auc": 0.9699445332202037
    },