{
  "old_new": "new",
  "id": "DIA-NN_20250430_085747",
  "software_name": "DIA-NN",
  "software_version": "1.9.2",
  "search_engine": "DIA-NN",
  "search_engine_version": "1.9.2",
  "ident_fdr_psm": "0.01",
  "ident_fdr_peptide": NaN,
  "ident_fdr_protein": NaN,
  "enable_match_between_runs": true,
  "precursor_mass_tolerance": "[-13.8504 ppm, 13.8504 ppm]",
  "fragment_mass_tolerance": "[-11.5251 ppm, 11.5251 ppm]",
  "enzyme": "Trypsin/P",
  "allowed_miscleavages": "1",
  "min_peptide_length": "6",
  "max_peptide_length": "30",
  "is_temporary": false,
  "intermediate_hash": "086b2ad161ee988c6178d533528c15bee4566d4c",
  "results": {
    "6": {
      "median_abs_epsilon": 0.12459179342037885,
      "mean_abs_epsilon": 0.18094129100270182,
      "variance_epsilon": 0.06848744902603575,
      "nr_prec": 83662,
      "CV_median": 0.09223453784206816,
      "CV_q90": 0.24043026985404808,
      "CV_q75": 0.1575564878691744,
      "CV_q95": 0.30216945193559475
    },
    "5": {
      "median_abs_epsilon": 0.13369554323578736,
      "mean_abs_epsilon": 0.19804844287210951,
      "variance_epsilon": 0.08368887543588013,
      "nr_prec": 94924,
      "CV_median": 0.09646318699128706,
      "CV_q90": 0.2553503200864002,
      "CV_q75": 0.1659962131919399,
      "CV_q95": 0.32147186467545735
    },
    "4": {
      "median_abs_epsilon": 0.14031899194280584,
      "mean_abs_epsilon": 0.2138986892582607,
      "variance_epsilon": 0.1021985957559054,
      "nr_prec": 101345,
      "CV_median": 0.09807009999597055,
      "CV_q90": 0.26088179831172187,
      "CV_q75": 0.16915029913952118,
      "CV_q95": 0.3291492813369333
    },
    "3": {
      "median_abs_epsilon": 0.14261368527839124,
      "mean_abs_epsilon": 0.21938708951018465,
      "variance_epsilon": 0.1086807430363732,
      "nr_prec": 105535,
      "CV_median": 0.09887090227153562,
      "CV_q90": 0.26312571008294583,
      "CV_q75": 0.17073200343786193,
      "CV_q95": 0.3323247432864217
    },
    "2": {
      "median_abs_epsilon": 0.1435125593103299,
      "mean_abs_epsilon": 0.22193734944196622,
      "variance_epsilon": 0.11223420314463878,
      "nr_prec": 107638,
      "CV_median": 0.09901049168770332,
      "CV_q90": 0.26391970783428564,
      "CV_q75": 0.171165106716499,
      "CV_q95": 0.3334162399855857
    },
    "1": {
      "median_abs_epsilon": 0.1435125593103299,
      "mean_abs_epsilon": 0.22193734944196614,
      "variance_epsilon": 0.11223420314463879,
      "nr_prec": 108686,
      "CV_median": 0.09901049168770332,
      "CV_q90": 0.26391970783428564,
      "CV_q75": 0.171165106716499,
      "CV_q95": 0.3334162399855857
    }
  },
  "median_abs_epsilon": 0.14261368527839124,
  "mean_abs_epsilon": 0.21938708951018465,
  "nr_prec": 105535,
  "comments": "",
  "proteobench_version": "0.8.6",
  "color": "#d30067",
  "hover_text": "ProteoBench ID: DIA-NN_20250430_085747<br>Software tool: DIA-NN <br>Comment (private submission): ...",
  "scatter_size": 40,
  "fixed_mods": "unimod4",
  "variable_mods": "UniMod:35/15.994915/M,UniMod:1/42.010565/*n",
  "max_mods": "1",
  "min_precursor_charge": "1",
  "max_precursor_charge": "4",
  "quantification_method": "Legacy",
  "protein_inference": "Genes",
  "abundance_normalization_ions": null,
  "submission_comments": "\n\n ### Parameter changes Detected:\n- **ident_fdr_protein**: `None` \u2192 `nan`\n- **ident_fdr_peptide**: `None` \u2192 `nan`\n\nDataset URL: https://proteobench.cubimed.rub.de/datasets/086b2ad161ee988c6178d533528c15bee4566d4c/"
}