{
  "old_new": "new",
  "id": "PEAKS_20250714_150458",
  "software_name": "PEAKS",
  "software_version": "13 20250520",
  "search_engine": "PEAKS",
  "search_engine_version": "13 20250520",
  "ident_fdr_psm": "1.0%",
  "ident_fdr_peptide": "1.0%",
  "ident_fdr_protein": null,
  "enable_match_between_runs": true,
  "precursor_mass_tolerance": "Auto Detected",
  "fragment_mass_tolerance": "Auto Detected",
  "enzyme": "Trypsin/P",
  "allowed_miscleavages": "1",
  "min_peptide_length": "6",
  "max_peptide_length": "30",
  "is_temporary": false,
  "intermediate_hash": "0c976edd998139880e0b9ef9ae9ba2cc0fe811db",
  "results": {
    "6": {
      "median_abs_epsilon": 0.1477747649071679,
      "mean_abs_epsilon": 0.20654609939457735,
      "variance_epsilon": 0.08745056467108657,
      "nr_prec": 72082,
      "CV_median": 0.11426271942983263,
      "CV_q75": 0.18487998087468496,
      "CV_q90": 0.2791560086568538,
      "CV_q95": 0.35299992925133367
    },
    "5": {
      "median_abs_epsilon": 0.1566443906246846,
      "mean_abs_epsilon": 0.2204023203963697,
      "variance_epsilon": 0.10098877677619983,
      "nr_prec": 82197,
      "CV_median": 0.11781711885718754,
      "CV_q75": 0.1933050783719299,
      "CV_q90": 0.29480149032654235,
      "CV_q95": 0.3738698483709686
    },
    "4": {
      "median_abs_epsilon": 0.16111356927894604,
      "mean_abs_epsilon": 0.22940639424918502,
      "variance_epsilon": 0.1113945678291959,
      "nr_prec": 86779,
      "CV_median": 0.11895796551387618,
      "CV_q75": 0.19612537189477308,
      "CV_q90": 0.30026603800025814,
      "CV_q95": 0.3813497518981569
    },
    "3": {
      "median_abs_epsilon": 0.16318620088116376,
      "mean_abs_epsilon": 0.23365736231708578,
      "variance_epsilon": 0.11695686646122197,
      "nr_prec": 102341,
      "CV_median": 0.12254964796317544,
      "CV_q75": 0.20260510092343803,
      "CV_q90": 0.3099253352218401,
      "CV_q95": 0.39288197606350267
    },
    "2": {
      "median_abs_epsilon": 0.1637462508466525,
      "mean_abs_epsilon": 0.23529361718732048,
      "variance_epsilon": 0.11988963020466126,
      "nr_prec": 112102,
      "CV_median": 0.12386350224185481,
      "CV_q75": 0.20635697809033582,
      "CV_q90": 0.31739851084383597,
      "CV_q95": 0.4037272360506263
    },
    "1": {
      "median_abs_epsilon": 0.1637462508466525,
      "mean_abs_epsilon": 0.23529361718732048,
      "variance_epsilon": 0.1198896302046613,
      "nr_prec": 113854,
      "CV_median": 0.12386350224185481,
      "CV_q75": 0.20635697809033582,
      "CV_q90": 0.31739851084383597,
      "CV_q95": 0.4037272360506263
    }
  },
  "median_abs_epsilon": 0.16318620088116376,
  "mean_abs_epsilon": 0.23365736231708578,
  "nr_prec": 102341,
  "comments": "",
  "proteobench_version": "0.8.29",
  "color": "#f032e6",
  "hover_text": "ProteoBench ID: PEAKS_20250714_150458<br>Software tool: PEAKS <br>Comment (private submission): ...",
  "scatter_size": 20,
  "fixed_mods": "Carbamidomethylation (+57.02)",
  "variable_mods": "Oxidation (M) (+15.99) ,Acetylation (Protein N-term) (+42.01)",
  "max_mods": "1",
  "min_precursor_charge": "1",
  "max_precursor_charge": "5",
  "quantification_method": "Identification Directed Quantification",
  "protein_inference": null,
  "abundance_normalization_ions": "No Normalization",
  "submission_comments": "\n\n ### No parameter changes detected. \n\n\nDataset URL: https://proteobench.cubimed.rub.de/datasets/0c976edd998139880e0b9ef9ae9ba2cc0fe811db/"
}