{
  "old_new": "new",
  "id": "Spectronaut_20260309_102932",
  "software_name": "Spectronaut",
  "software_version": "20.0.250606.92449",
  "search_engine": "Spectronaut",
  "search_engine_version": "20.0.250606.92449",
  "ident_fdr_psm": 0.01,
  "ident_fdr_peptide": null,
  "ident_fdr_protein": 0.01,
  "enable_match_between_runs": false,
  "precursor_mass_tolerance": "Dynamic",
  "fragment_mass_tolerance": "Dynamic",
  "enzyme": "Trypsin",
  "allowed_miscleavages": 1,
  "min_peptide_length": 6,
  "max_peptide_length": 30,
  "is_temporary": false,
  "intermediate_hash": "0cd46fb74a1b4369d0dec277714fd9704c122890",
  "results": {
    "6": {
      "median_abs_epsilon_global": 0.16448580691307368,
      "median_abs_epsilon_eq_species": 0.223630405007729,
      "median_abs_epsilon_ECOLI": 0.27248916991137406,
      "median_abs_epsilon_HUMAN": 0.1461916186961547,
      "median_abs_epsilon_YEAST": 0.25221042641565816,
      "mean_abs_epsilon_global": 0.2567051872645334,
      "mean_abs_epsilon_eq_species": 0.34189474423047805,
      "mean_abs_epsilon_ECOLI": 0.44778760686562796,
      "mean_abs_epsilon_HUMAN": 0.22568981272282077,
      "mean_abs_epsilon_YEAST": 0.35220681310298535,
      "median_log2_empirical_ECOLI": -1.8404560870824982,
      "median_log2_empirical_HUMAN": -0.02826006983158269,
      "median_log2_empirical_YEAST": 0.8177922177415375,
      "median_abs_epsilon_precision_global": 0.15703719470707345,
      "median_abs_epsilon_precision_eq_species": 0.20481757900891884,
      "median_abs_epsilon_precision_ECOLI": 0.26304833069356537,
      "median_abs_epsilon_precision_HUMAN": 0.14449112830757338,
      "median_abs_epsilon_precision_YEAST": 0.20691327802561776,
      "mean_log2_empirical_ECOLI": -1.7124180269071552,
      "mean_log2_empirical_HUMAN": -0.02902637968840243,
      "mean_log2_empirical_YEAST": 0.7868582633215186,
      "mean_abs_epsilon_precision_global": 0.24725192690672051,
      "mean_abs_epsilon_precision_eq_species": 0.3209311139666636,
      "mean_abs_epsilon_precision_ECOLI": 0.4329453812326462,
      "mean_abs_epsilon_precision_HUMAN": 0.22396176526460512,
      "mean_abs_epsilon_precision_YEAST": 0.3058861954027394,
      "CV_median": 0.128350403420594,
      "CV_q75": 0.22920186555273292,
      "CV_q90": 0.36576729730323704,
      "CV_q95": 0.4730104536508339,
      "roc_auc": 0.9274299327786304,
      "roc_auc_directional": 0.9569464949925057,
      "nr_prec": 112610,
      "nr_prec_HUMAN": 89190,
      "nr_prec_YEAST": 17879,
      "nr_prec_ECOLI": 5541,
      "variance_epsilon_global": 0.1543503426599768
    },
    "5": {
      "median_abs_epsilon_global": 0.17318384479193227,
      "median_abs_epsilon_eq_species": 0.24996449366271625,
      "median_abs_epsilon_ECOLI": 0.3281861617297184,
      "median_abs_epsilon_HUMAN": 0.15109994622607203,
      "median_abs_epsilon_YEAST": 0.2706073730323584,
      "mean_abs_epsilon_global": 0.2781197769946136,
      "mean_abs_epsilon_eq_species": 0.3837332477773175,
      "mean_abs_epsilon_ECOLI": 0.5338211880489163,
      "mean_abs_epsilon_HUMAN": 0.23808228525604627,
      "mean_abs_epsilon_YEAST": 0.37929627002699,
      "median_log2_empirical_ECOLI": -1.7807865792226352,
      "median_log2_empirical_HUMAN": -0.02786636147781696,
      "median_log2_empirical_YEAST": 0.8057758061583784,
      "median_abs_epsilon_precision_global": 0.16586139635730657,
      "median_abs_epsilon_precision_eq_species": 0.23019948539805282,
      "median_abs_epsilon_precision_ECOLI": 0.31832006756668996,
      "median_abs_epsilon_precision_HUMAN": 0.14936866968604345,
      "median_abs_epsilon_precision_YEAST": 0.22290971894142508,
      "mean_log2_empirical_ECOLI": -1.618464708589714,
      "mean_log2_empirical_HUMAN": -0.025288521707590123,
      "mean_log2_empirical_YEAST": 0.7686415047709704,
      "mean_abs_epsilon_precision_global": 0.2670848401194474,
      "mean_abs_epsilon_precision_eq_species": 0.35749659751277857,
      "mean_abs_epsilon_precision_ECOLI": 0.5061862151621529,
      "mean_abs_epsilon_precision_HUMAN": 0.23645795062502636,
      "mean_abs_epsilon_precision_YEAST": 0.3298456267511563,
      "CV_median": 0.13247944187490285,
      "CV_q75": 0.2384094824173571,
      "CV_q90": 0.3838389765283875,
      "CV_q95": 0.499364413710101,
      "roc_auc": 0.9144736025494156,
      "roc_auc_directional": 0.9436164142101,
      "nr_prec": 119447,
      "nr_prec_HUMAN": 92895,
      "nr_prec_YEAST": 19868,
      "nr_prec_ECOLI": 6684,
      "variance_epsilon_global": 0.1911295316527774
    },
    "4": {
      "median_abs_epsilon_global": 0.17737050315791247,
      "median_abs_epsilon_eq_species": 0.2729048358886894,
      "median_abs_epsilon_ECOLI": 0.38685756046860176,
      "median_abs_epsilon_HUMAN": 0.15281206147843207,
      "median_abs_epsilon_YEAST": 0.2790448857190344,
      "mean_abs_epsilon_global": 0.2932759232304671,
      "mean_abs_epsilon_eq_species": 0.417091791372417,
      "mean_abs_epsilon_ECOLI": 0.6102330964083351,
      "mean_abs_epsilon_HUMAN": 0.245055671847902,
      "mean_abs_epsilon_YEAST": 0.39598660586101375,
      "median_log2_empirical_ECOLI": -1.7246484815589862,
      "median_log2_empirical_HUMAN": -0.02777048125656023,
      "median_log2_empirical_YEAST": 0.8011994085828924,
      "median_abs_epsilon_precision_global": 0.1706719339548599,
      "median_abs_epsilon_precision_eq_species": 0.24910822522094614,
      "median_abs_epsilon_precision_ECOLI": 0.3667946919591296,
      "median_abs_epsilon_precision_HUMAN": 0.1511001497565938,
      "median_abs_epsilon_precision_YEAST": 0.22942983394711502,
      "mean_log2_empirical_ECOLI": -1.5385729856020458,
      "mean_log2_empirical_HUMAN": -0.023599019933138166,
      "mean_log2_empirical_YEAST": 0.7611406224134112,
      "mean_abs_epsilon_precision_global": 0.28085136686041734,
      "mean_abs_epsilon_precision_eq_species": 0.38543023811347865,
      "mean_abs_epsilon_precision_ECOLI": 0.5674648583047651,
      "mean_abs_epsilon_precision_HUMAN": 0.2434829712628012,
      "mean_abs_epsilon_precision_YEAST": 0.3453428847728698,
      "CV_median": 0.13378841991567395,
      "CV_q75": 0.24120701183201626,
      "CV_q90": 0.38952616649711075,
      "CV_q95": 0.5084741013329267,
      "roc_auc": 0.9084288621773855,
      "roc_auc_directional": 0.9328597283490874,
      "nr_prec": 122396,
      "nr_prec_HUMAN": 94106,
      "nr_prec_YEAST": 20672,
      "nr_prec_ECOLI": 7618,
      "variance_epsilon_global": 0.22631361824663368
    },
    "3": {
      "median_abs_epsilon_global": 0.17823079040794276,
      "median_abs_epsilon_eq_species": 0.2745467752837693,
      "median_abs_epsilon_ECOLI": 0.38934079165361,
      "median_abs_epsilon_HUMAN": 0.15348554512937262,
      "median_abs_epsilon_YEAST": 0.2808139890683252,
      "mean_abs_epsilon_global": 0.2987186986482864,
      "mean_abs_epsilon_eq_species": 0.42260035575610244,
      "mean_abs_epsilon_ECOLI": 0.614581488406957,
      "mean_abs_epsilon_HUMAN": 0.25015618468560424,
      "mean_abs_epsilon_YEAST": 0.40306339417574605,
      "median_log2_empirical_ECOLI": -1.7219038888398712,
      "median_log2_empirical_HUMAN": -0.027689464633573024,
      "median_log2_empirical_YEAST": 0.8010971146614594,
      "median_abs_epsilon_precision_global": 0.1716997109401177,
      "median_abs_epsilon_precision_eq_species": 0.25104136911223246,
      "median_abs_epsilon_precision_ECOLI": 0.37016289864711993,
      "median_abs_epsilon_precision_HUMAN": 0.1517539506692298,
      "median_abs_epsilon_precision_YEAST": 0.2312072580203477,
      "mean_log2_empirical_ECOLI": -1.534610186511457,
      "mean_log2_empirical_HUMAN": -0.02131908907304289,
      "mean_log2_empirical_YEAST": 0.7623559721378774,
      "mean_abs_epsilon_precision_global": 0.2863125349017658,
      "mean_abs_epsilon_precision_eq_species": 0.3908676133730305,
      "mean_abs_epsilon_precision_ECOLI": 0.5714496763975504,
      "mean_abs_epsilon_precision_HUMAN": 0.2486469845231752,