{
  "old_new": "new",
  "id": "AlphaDIA_20251027_153904",
  "software_name": "AlphaDIA",
  "software_version": "1.12.1",
  "search_engine": "AlphaDIA",
  "search_engine_version": NaN,
  "ident_fdr_psm": "0.01",
  "ident_fdr_peptide": NaN,
  "ident_fdr_protein": "0.01",
  "enable_match_between_runs": true,
  "precursor_mass_tolerance": "[-15 ppm, 15 ppm]",
  "fragment_mass_tolerance": "[-15 ppm, 15 ppm]",
  "enzyme": "trypsin/p ",
  "allowed_miscleavages": "1",
  "min_peptide_length": 6,
  "max_peptide_length": 30,
  "is_temporary": false,
  "intermediate_hash": "170da3745034ca03d85988edcfcbdd7ec96206c1",
  "results": {
    "6": {
      "median_abs_epsilon_global": 0.16409873962562394,
      "median_abs_epsilon_eq_species": 0.26333840687931787,
      "median_abs_epsilon_ECOLI": 0.3673709233593412,
      "median_abs_epsilon_HUMAN": 0.14602057139148528,
      "median_abs_epsilon_YEAST": 0.27662372588712714,
      "mean_abs_epsilon_global": 0.25589998583565515,
      "mean_abs_epsilon_eq_species": 0.37452865924644924,
      "mean_abs_epsilon_ECOLI": 0.5233546760590675,
      "mean_abs_epsilon_HUMAN": 0.22646794670191267,
      "mean_abs_epsilon_YEAST": 0.3737633549783676,
      "median_log2_empirical_ECOLI": -1.6996987660737863,
      "median_log2_empirical_HUMAN": 0.0056247711184092,
      "median_log2_empirical_YEAST": 0.7806205749508628,
      "median_abs_epsilon_precision_global": 0.15696843464918686,
      "median_abs_epsilon_precision_eq_species": 0.21237500508714113,
      "median_abs_epsilon_precision_ECOLI": 0.27567021052033525,
      "median_abs_epsilon_precision_HUMAN": 0.1463411649047952,
      "median_abs_epsilon_precision_YEAST": 0.21511363983629295,
      "mean_log2_empirical_ECOLI": -1.5933814622657565,
      "mean_log2_empirical_HUMAN": 0.006385435391084797,
      "mean_log2_empirical_YEAST": 0.74410283158887,
      "mean_abs_epsilon_precision_global": 0.24487489675156415,
      "mean_abs_epsilon_precision_eq_species": 0.3247419454864789,
      "mean_abs_epsilon_precision_ECOLI": 0.4349848508034654,
      "mean_abs_epsilon_precision_HUMAN": 0.22640286348616506,
      "mean_abs_epsilon_precision_YEAST": 0.3128381221698063,
      "CV_median": 0.12027811789864432,
      "CV_q75": 0.24524512351522335,
      "CV_q90": 0.37680899772726384,
      "CV_q95": 0.47690663861609867,
      "roc_auc": 0.9176183172532004,
      "roc_auc_directional": 0.945783916089197,
      "nr_prec": 62613,
      "nr_prec_HUMAN": 52324,
      "nr_prec_YEAST": 8101,
      "nr_prec_ECOLI": 2188,
      "variance_epsilon_global": 0.1536379477310513
    },
    "5": {
      "median_abs_epsilon_global": 0.17576948801722736,
      "median_abs_epsilon_eq_species": 0.2951010068274389,
      "median_abs_epsilon_ECOLI": 0.4380375544319106,
      "median_abs_epsilon_HUMAN": 0.15382798512812812,
      "median_abs_epsilon_YEAST": 0.29343748092227795,
      "mean_abs_epsilon_global": 0.27321125826555454,
      "mean_abs_epsilon_eq_species": 0.409555783674545,
      "mean_abs_epsilon_ECOLI": 0.599574236318415,
      "mean_abs_epsilon_HUMAN": 0.23637149304664695,
      "mean_abs_epsilon_YEAST": 0.392721621658573,
      "median_log2_empirical_ECOLI": -1.6170345942182038,
      "median_log2_empirical_HUMAN": 0.006003061923616215,
      "median_log2_empirical_YEAST": 0.7639609972550012,
      "median_abs_epsilon_precision_global": 0.16773955027623177,
      "median_abs_epsilon_precision_eq_species": 0.2373827298487375,
      "median_abs_epsilon_precision_ECOLI": 0.3298589388544624,
      "median_abs_epsilon_precision_HUMAN": 0.1537831624367385,
      "median_abs_epsilon_precision_YEAST": 0.22850608825501162,
      "mean_log2_empirical_ECOLI": -1.5003517893612586,
      "mean_log2_empirical_HUMAN": 0.006755928498056733,
      "mean_log2_empirical_YEAST": 0.7253216268282727,
      "mean_abs_epsilon_precision_global": 0.25891488041588157,
      "mean_abs_epsilon_precision_eq_species": 0.34713269632866767,
      "mean_abs_epsilon_precision_ECOLI": 0.47882330716435384,
      "mean_abs_epsilon_precision_HUMAN": 0.2363020791887225,
      "mean_abs_epsilon_precision_YEAST": 0.32627270263292674,
      "CV_median": 0.12541180353986014,
      "CV_q75": 0.25432604934647984,
      "CV_q90": 0.38965122265088403,
      "CV_q95": 0.498006604620013,
      "roc_auc": 0.9073554638379552,
      "roc_auc_directional": 0.9361594452399482,
      "nr_prec": 71324,
      "nr_prec_HUMAN": 58498,
      "nr_prec_YEAST": 9818,
      "nr_prec_ECOLI": 3008,
      "variance_epsilon_global": 0.1728083667540376
    },
    "4": {
      "median_abs_epsilon_global": 0.1875937779754242,
      "median_abs_epsilon_eq_species": 0.32756045129660194,
      "median_abs_epsilon_ECOLI": 0.5117629369162762,
      "median_abs_epsilon_HUMAN": 0.15938997268291555,
      "median_abs_epsilon_YEAST": 0.3115284442906141,
      "mean_abs_epsilon_global": 0.29559024907621334,
      "mean_abs_epsilon_eq_species": 0.4483415336552427,
      "mean_abs_epsilon_ECOLI": 0.6842446000412838,
      "mean_abs_epsilon_HUMAN": 0.24608089778395506,
      "mean_abs_epsilon_YEAST": 0.41469910314048913,
      "median_log2_empirical_ECOLI": -1.539359490100355,
      "median_log2_empirical_HUMAN": 0.0063574314149708044,
      "median_log2_empirical_YEAST": 0.7580025990810295,
      "median_abs_epsilon_precision_global": 0.17899405956370895,
      "median_abs_epsilon_precision_eq_species": 0.26415144072112806,
      "median_abs_epsilon_precision_ECOLI": 0.3911593755021885,
      "median_abs_epsilon_precision_HUMAN": 0.1593592961626502,
      "median_abs_epsilon_precision_YEAST": 0.24193565049854548,
      "mean_log2_empirical_ECOLI": -1.4337017862960943,
      "mean_log2_empirical_HUMAN": 0.006579945144996806,
      "mean_log2_empirical_YEAST": 0.7206973248778328,
      "mean_abs_epsilon_precision_global": 0.2776149470895308,
      "mean_abs_epsilon_precision_eq_species": 0.37777634439431157,
      "mean_abs_epsilon_precision_ECOLI": 0.5386540343843766,
      "mean_abs_epsilon_precision_HUMAN": 0.24600523303702046,
      "mean_abs_epsilon_precision_YEAST": 0.3486697657615376,
      "CV_median": 0.12821548639362707,
      "CV_q75": 0.25881754167418913,
      "CV_q90": 0.3966286172486435,
      "CV_q95": 0.5099700648686085,
      "roc_auc": 0.9003144959363806,
      "roc_auc_directional": 0.9250135385142242,
      "nr_prec": 78126,
      "nr_prec_HUMAN": 62262,
      "nr_prec_YEAST": 11438,
      "nr_prec_ECOLI": 4426,
      "variance_epsilon_global": 0.20584851946645147
    },
    "3": {
      "median_abs_epsilon_global": 0.19497330983401717,
      "median_abs_epsilon_eq_species": 0.33766502804974624,
      "median_abs_epsilon_ECOLI": 0.5250825882093881,
      "median_abs_epsilon_HUMAN": 0.1655782063975657,
      "median_abs_epsilon_YEAST": 0.32233428954228494,
      "mean_abs_epsilon_global": 0.30912785645819696,
      "mean_abs_epsilon_eq_species": 0.4658933146494615,
      "mean_abs_epsilon_ECOLI": 0.7071923039058833,
      "mean_abs_epsilon_HUMAN": 0.2577490454487655,
      "mean_abs_epsilon_YEAST": 0.43273859459373554,
      "median_log2_empirical_ECOLI": -1.5302766164117063,
      "median_log2_empirical_HUMAN": 0.00683585802802078,
      "median_log2_empirical_YEAST": 0.7528864542636242,
      "median_abs_epsilon_precision_global": 0.1857059399303651,
      "median_abs_epsilon_precision_eq_species": 0.2727752791494898,
      "median_abs_epsilon_precision_ECOLI": 0.40139834085746706,
      "median_abs_epsilon_precision_HUMAN": 0.16543404261216388,
      "median_abs_epsilon_precision_YEAST": 0.2514934539788385,
      "mean_log2_empirical_ECOLI": -1.4124494608711045,
      "mean_log2_empirical_HUMAN": 0.008334438982015253,
      "mean_log2_empirical_YEAST": 0.7132816280588614,
      "mean_abs_epsilon_precision_global": 0.2907568346791385,
      "mean_abs_epsilon_precision_eq_species": 0.39407765926248545,
      "mean_abs_epsilon_precision_ECOLI": 0.55847741285347,
      "mean_abs_epsilon_precision_HUMAN": 0.25766705382419747,