{
  "old_new": "new",
  "id": "AlphaDIA_20251027_153904",
  "software_name": "AlphaDIA",
  "software_version": "1.12.1",
  "search_engine": "AlphaDIA",
  "search_engine_version": NaN,
  "ident_fdr_psm": "0.01",
  "ident_fdr_peptide": NaN,
  "ident_fdr_protein": "0.01",
  "enable_match_between_runs": true,
  "precursor_mass_tolerance": "[-15 ppm, 15 ppm]",
  "fragment_mass_tolerance": "[-15 ppm, 15 ppm]",
  "enzyme": "trypsin/p ",
  "allowed_miscleavages": "1",
  "min_peptide_length": "6",
  "max_peptide_length": "30",
  "is_temporary": false,
  "intermediate_hash": "170da3745034ca03d85988edcfcbdd7ec96206c1",
  "results": {
    "6": {
      "median_abs_epsilon": 0.1641322771712863,
      "mean_abs_epsilon": 0.2564961608468416,
      "variance_epsilon": 0.15506085584118517,
      "nr_prec": 62998,
      "CV_median": 0.12024853585707937,
      "CV_q75": 0.24532300587252048,
      "CV_q90": 0.3773767512647962,
      "CV_q95": 0.4779227845384306
    },
    "5": {
      "median_abs_epsilon": 0.17576471964596863,
      "mean_abs_epsilon": 0.27370768883562535,
      "variance_epsilon": 0.17413576318985122,
      "nr_prec": 71729,
      "CV_median": 0.12536153657111765,
      "CV_q75": 0.25437465096216294,
      "CV_q90": 0.3901326940941368,
      "CV_q95": 0.4991868065298144
    },
    "4": {
      "median_abs_epsilon": 0.18757184346836553,
      "mean_abs_epsilon": 0.29599712518572807,
      "variance_epsilon": 0.2070110128119099,
      "nr_prec": 78543,
      "CV_median": 0.12815696491129294,
      "CV_q75": 0.2588790374550176,
      "CV_q90": 0.39724608127054195,
      "CV_q95": 0.5110619060405664
    },
    "3": {
      "median_abs_epsilon": 0.19492403666188451,
      "mean_abs_epsilon": 0.30945777669429975,
      "variance_epsilon": 0.22706179148366726,
      "nr_prec": 83552,
      "CV_median": 0.12954291454119377,
      "CV_q75": 0.2616690939578737,
      "CV_q90": 0.4025511669018504,
      "CV_q95": 0.520630509324078
    },
    "2": {
      "median_abs_epsilon": 0.20200284320951134,
      "mean_abs_epsilon": 0.3223744441919348,
      "variance_epsilon": 0.247610009068572,
      "nr_prec": 88099,
      "CV_median": 0.1297728474288093,
      "CV_q75": 0.26221848942978543,
      "CV_q90": 0.4034747928060577,
      "CV_q95": 0.5217108454862975
    },
    "1": {
      "median_abs_epsilon": 0.20200284320951134,
      "mean_abs_epsilon": 0.3223744441919348,
      "variance_epsilon": 0.247610009068572,
      "nr_prec": 88099,
      "CV_median": 0.1297728474288093,
      "CV_q75": 0.26221848942978543,
      "CV_q90": 0.4034747928060577,
      "CV_q95": 0.5217108454862975
    }
  },
  "median_abs_epsilon": 0.19492403666188451,
  "mean_abs_epsilon": 0.30945777669429975,
  "nr_prec": 83552,
  "comments": "",
  "proteobench_version": "0.10.3",
  "color": "#1D2732",
  "hover_text": "ProteoBench ID: AlphaDIA_20251027_153904<br>Software tool: AlphaDIA <br>Comment (private submission): ...",
  "scatter_size": 20,
  "fixed_mods": "Carbamidomethyl@C",
  "variable_mods": "Oxidation@M;Acetyl@Protein_N-term",
  "max_mods": "1 ",
  "min_precursor_charge": "1",
  "max_precursor_charge": "5",
  "quantification_method": "DirectLFQ",
  "protein_inference": "heuristic",
  "abundance_normalization_ions": NaN,
  "submission_comments": "\n\n ### Parameter changes detected:\n- **abundance_normalization_ions**: `None` \u2192 `nan`\n- **search_engine_version**: `None` \u2192 `nan`\n- **ident_fdr_peptide**: `None` \u2192 `nan`\n- **scan_window**: `None` \u2192 `nan`\n\nDataset URL: https://proteobench.cubimed.rub.de/datasets/170da3745034ca03d85988edcfcbdd7ec96206c1/",
  "min_precursor_mz": "400",
  "max_precursor_mz": "1000",
  "min_fragment_mz": "50",
  "max_fragment_mz": "2000",
  "predictors_library": "AlphaPeptDeep",
  "scan_window": NaN
}