{
  "old_new": "new",
  "id": "DIA-NN_20250430_083503",
  "software_name": "DIA-NN",
  "software_version": "1.7.16",
  "search_engine": "DIA-NN",
  "search_engine_version": "1.7.16",
  "ident_fdr_psm": "0.01",
  "ident_fdr_peptide": NaN,
  "ident_fdr_protein": NaN,
  "enable_match_between_runs": true,
  "precursor_mass_tolerance": "[-14.9565 ppm, 14.9565 ppm]",
  "fragment_mass_tolerance": "[-20.4164 ppm, 20.4164 ppm]",
  "enzyme": "Trypsin/P",
  "allowed_miscleavages": "1",
  "min_peptide_length": "6",
  "max_peptide_length": "30",
  "is_temporary": false,
  "intermediate_hash": "1a119c29266f0b288dddaa073cf1f96d2bf3aa97",
  "results": {
    "6": {
      "median_abs_epsilon": 0.13520417087942604,
      "mean_abs_epsilon": 0.2056025041370981,
      "variance_epsilon": 0.09196809906683413,
      "nr_prec": 74050,
      "CV_median": 0.10045500670707441,
      "CV_q90": 0.29478065482469734,
      "CV_q75": 0.18408151840311454,
      "CV_q95": 0.37730525616306365
    },
    "5": {
      "median_abs_epsilon": 0.1451127484230108,
      "mean_abs_epsilon": 0.2255027676200343,
      "variance_epsilon": 0.1129117948902667,
      "nr_prec": 82744,
      "CV_median": 0.10554247770010934,
      "CV_q90": 0.30979955932873704,
      "CV_q75": 0.1937246077436098,
      "CV_q95": 0.3970264939089492
    },
    "4": {
      "median_abs_epsilon": 0.15100472822738809,
      "mean_abs_epsilon": 0.2413817126617545,
      "variance_epsilon": 0.13401964212652653,
      "nr_prec": 86969,
      "CV_median": 0.10714807110735072,
      "CV_q90": 0.31480361973259985,
      "CV_q75": 0.19647966639481296,
      "CV_q95": 0.4031583623782608
    },
    "3": {
      "median_abs_epsilon": 0.1526123609118386,
      "mean_abs_epsilon": 0.24523554678115805,
      "variance_epsilon": 0.13915968173960247,
      "nr_prec": 89441,
      "CV_median": 0.1077136793631541,
      "CV_q90": 0.3160928374590628,
      "CV_q75": 0.19753982280954274,
      "CV_q95": 0.40511875835254674
    },
    "2": {
      "median_abs_epsilon": 0.1531645023155228,
      "mean_abs_epsilon": 0.2468884964948589,
      "variance_epsilon": 0.14182897583002516,
      "nr_prec": 90484,
      "CV_median": 0.10779438469866563,
      "CV_q90": 0.31642969535764964,
      "CV_q75": 0.19779552726121805,
      "CV_q95": 0.40560724309247354
    },
    "1": {
      "median_abs_epsilon": 0.1531645023155228,
      "mean_abs_epsilon": 0.2468884964948589,
      "variance_epsilon": 0.14182897583002516,
      "nr_prec": 90978,
      "CV_median": 0.10779438469866563,
      "CV_q90": 0.31642969535764964,
      "CV_q75": 0.19779552726121805,
      "CV_q95": 0.40560724309247354
    }
  },
  "median_abs_epsilon": 0.1526123609118386,
  "mean_abs_epsilon": 0.24523554678115805,
  "nr_prec": 89441,
  "comments": "",
  "proteobench_version": "0.8.6",
  "color": "#8c564b",
  "hover_text": "ProteoBench ID: DIA-NN_20250430_083503<br>Software tool: DIA-NN <br>Comment (private submission): ...",
  "scatter_size": 20,
  "fixed_mods": "Carbamidomethyl (C)",
  "variable_mods": "Oxidation (M)",
  "max_mods": "1",
  "min_precursor_charge": NaN,
  "max_precursor_charge": NaN,
  "quantification_method": "QuantUMS high-precision",
  "protein_inference": "Genes",
  "abundance_normalization_ions": null,
  "submission_comments": "\n\n ### Parameter changes Detected:\n- **min_precursor_charge**: `None` \u2192 `nan`\n- **ident_fdr_protein**: `None` \u2192 `nan`\n- **ident_fdr_peptide**: `None` \u2192 `nan`\n- **max_precursor_charge**: `None` \u2192 `nan`\n\nDataset URL: https://proteobench.cubimed.rub.de/datasets/1a119c29266f0b288dddaa073cf1f96d2bf3aa97/"
}