{
  "old_new": "new",
  "id": "DIA-NN_20260428_152306",
  "software_name": "DIA-NN",
  "software_version": "2.3.0 Academia ",
  "search_engine": "DIA-NN",
  "search_engine_version": "2.3.0 Academia ",
  "ident_fdr_psm": "0.01",
  "ident_fdr_peptide": NaN,
  "ident_fdr_protein": NaN,
  "enable_match_between_runs": false,
  "precursor_mass_tolerance": "[-20.0 ppm, 20.0 ppm]",
  "fragment_mass_tolerance": "[-20.0 ppm, 20.0 ppm]",
  "enzyme": "Trypsin/P",
  "allowed_miscleavages": "2",
  "min_peptide_length": "7",
  "max_peptide_length": "30",
  "is_temporary": false,
  "intermediate_hash": "1d73b99580c82df0daaa6b0229764cacdeb3eb70",
  "results": {
    "6": {
      "median_abs_epsilon_global": 0.10301351547241211,
      "median_abs_epsilon_eq_species": 0.14569362004597983,
      "median_abs_epsilon_ECOLI": 0.1901569366455078,
      "median_abs_epsilon_HUMAN": 0.09452390670776367,
      "median_abs_epsilon_YEAST": 0.15240001678466797,
      "mean_abs_epsilon_global": 0.14808753852296133,
      "mean_abs_epsilon_eq_species": 0.19653734834331205,
      "mean_abs_epsilon_ECOLI": 0.25285244460153106,
      "mean_abs_epsilon_HUMAN": 0.13472533821867833,
      "mean_abs_epsilon_YEAST": 0.20203426220972673,
      "median_log2_empirical_ECOLI": -1.8393335342407227,
      "median_log2_empirical_HUMAN": 0.007210731506347656,
      "median_log2_empirical_YEAST": 0.8722214698791504,
      "median_abs_epsilon_precision_global": 0.09832096099853516,
      "median_abs_epsilon_precision_eq_species": 0.11751969655354817,
      "median_abs_epsilon_precision_ECOLI": 0.13887500762939453,
      "median_abs_epsilon_precision_HUMAN": 0.09392738342285156,
      "median_abs_epsilon_precision_YEAST": 0.11975669860839844,
      "mean_log2_empirical_ECOLI": -1.804651385486716,
      "mean_log2_empirical_HUMAN": -0.007854884360174058,
      "mean_log2_empirical_YEAST": 0.8448090205090402,
      "mean_abs_epsilon_precision_global": 0.14174917946747198,
      "mean_abs_epsilon_precision_eq_species": 0.1679106074336015,
      "mean_abs_epsilon_precision_ECOLI": 0.20312507732652377,
      "mean_abs_epsilon_precision_HUMAN": 0.135224650895166,
      "mean_abs_epsilon_precision_YEAST": 0.16538209407911475,
      "CV_median": 0.08063381553208185,
      "CV_q75": 0.1360589143262288,
      "CV_q90": 0.20863555666240885,
      "CV_q95": 0.26430614630212856,
      "variance_epsilon_global": 0.04608651077647755,
      "nr_prec": 67510,
      "roc_auc": 0.9896309033295061
    },
    "5": {
      "median_abs_epsilon_global": 0.11160612106323242,
      "median_abs_epsilon_eq_species": 0.16012303034464517,
      "median_abs_epsilon_ECOLI": 0.21105384826660156,
      "median_abs_epsilon_HUMAN": 0.10133552551269531,
      "median_abs_epsilon_YEAST": 0.16797971725463867,
      "mean_abs_epsilon_global": 0.16210291704860058,
      "mean_abs_epsilon_eq_species": 0.21865765174943877,
      "mean_abs_epsilon_ECOLI": 0.2878190593042501,
      "mean_abs_epsilon_HUMAN": 0.14547028596651834,
      "mean_abs_epsilon_YEAST": 0.22268360997754785,
      "median_log2_empirical_ECOLI": -1.8186864852905273,
      "median_log2_empirical_HUMAN": 0.00650787353515625,
      "median_log2_empirical_YEAST": 0.8577566146850586,
      "median_abs_epsilon_precision_global": 0.10657978057861328,
      "median_abs_epsilon_precision_eq_species": 0.13076305389404297,
      "median_abs_epsilon_precision_ECOLI": 0.15854454040527344,
      "median_abs_epsilon_precision_HUMAN": 0.10075092315673828,
      "median_abs_epsilon_precision_YEAST": 0.1329936981201172,
      "mean_log2_empirical_ECOLI": -1.7708327098686196,
      "mean_log2_empirical_HUMAN": -0.007647310838858481,
      "mean_log2_empirical_YEAST": 0.8272824123999356,
      "mean_abs_epsilon_precision_global": 0.15442441739902793,
      "mean_abs_epsilon_precision_eq_species": 0.18679968475646366,
      "mean_abs_epsilon_precision_ECOLI": 0.2327397443868521,
      "mean_abs_epsilon_precision_HUMAN": 0.14589286627121456,
      "mean_abs_epsilon_precision_YEAST": 0.1817664436113243,
      "CV_median": 0.08515280176770257,
      "CV_q75": 0.14553558519555884,
      "CV_q90": 0.2239475563206505,
      "CV_q95": 0.28472773295675513,
      "variance_epsilon_global": 0.05501055651563681,
      "nr_prec": 79112,
      "roc_auc": 0.9849480987812291
    },
    "4": {
      "median_abs_epsilon_global": 0.11990690231323242,
      "median_abs_epsilon_eq_species": 0.17763535181681314,
      "median_abs_epsilon_ECOLI": 0.23912286758422852,
      "median_abs_epsilon_HUMAN": 0.10741615295410156,
      "median_abs_epsilon_YEAST": 0.18636703491210938,
      "mean_abs_epsilon_global": 0.1781236282465783,
      "mean_abs_epsilon_eq_species": 0.2474197970425569,
      "mean_abs_epsilon_ECOLI": 0.33775765388754586,
      "mean_abs_epsilon_HUMAN": 0.15628032495124725,
      "mean_abs_epsilon_YEAST": 0.24822141228887762,
      "median_log2_empirical_ECOLI": -1.7880735397338867,
      "median_log2_empirical_HUMAN": 0.0058231353759765625,
      "median_log2_empirical_YEAST": 0.8437557220458984,
      "median_abs_epsilon_precision_global": 0.11492919921875,
      "median_abs_epsilon_precision_eq_species": 0.1465474764506022,
      "median_abs_epsilon_precision_ECOLI": 0.18630647659301758,
      "median_abs_epsilon_precision_HUMAN": 0.10672569274902344,
      "median_abs_epsilon_precision_YEAST": 0.14661026000976562,
      "mean_log2_empirical_ECOLI": -1.7224417637861216,
      "mean_log2_empirical_HUMAN": -0.008269134377402254,
      "mean_log2_empirical_YEAST": 0.8073715408906007,
      "mean_abs_epsilon_precision_global": 0.1688979603322885,
      "mean_abs_epsilon_precision_eq_species": 0.2114400515485233,
      "mean_abs_epsilon_precision_ECOLI": 0.2742277773850873,
      "mean_abs_epsilon_precision_HUMAN": 0.156705228948791,
      "mean_abs_epsilon_precision_YEAST": 0.2033871483116916,
      "CV_median": 0.0876820843373742,
      "CV_q75": 0.15076305256118078,
      "CV_q90": 0.23269158328054335,
      "CV_q95": 0.29699338867430136,
      "variance_epsilon_global": 0.06812368322562089,
      "nr_prec": 88570,
      "roc_auc": 0.9765201129306088
    },
    "3": {
      "median_abs_epsilon_global": 0.12570667266845703,
      "median_abs_epsilon_eq_species": 0.18250242869059244,
      "median_abs_epsilon_ECOLI": 0.2410888671875,
      "median_abs_epsilon_HUMAN": 0.1131124496459961,
      "median_abs_epsilon_YEAST": 0.19330596923828125,
      "mean_abs_epsilon_global": 0.1889525635655194,
      "mean_abs_epsilon_eq_species": 0.25753191722570473,
      "mean_abs_epsilon_ECOLI": 0.343416040638445,
      "mean_abs_epsilon_HUMAN": 0.16758712031855857,
      "mean_abs_epsilon_YEAST": 0.26159259072011054,
      "median_log2_empirical_ECOLI": -1.7862186431884766,
      "median_log2_empirical_HUMAN": 0.005886077880859375,
      "median_log2_empirical_YEAST": 0.8368568420410156,
      "median_abs_epsilon_precision_global": 0.1205759048461914,
      "median_abs_epsilon_precision_eq_species": 0.15151214599609375,
      "median_abs_epsilon_precision_ECOLI": 0.18944168090820312,
      "median_abs_epsilon_precision_HUMAN": 0.1126251220703125,
      "median_abs_epsilon_precision_YEAST": 0.15246963500976562,
      "mean_log2_empirical_ECOLI": -1.7169092033885716,
      "mean_log2_empirical_HUMAN": -0.007314849812109129,
      "mean_log2_empirical_YEAST": 0.7943714156577851,
      "mean_abs_epsilon_precision_global": 0.17957772688720303,
      "mean_abs_epsilon_precision_eq_species": 0.22084230679746542,
      "mean_abs_epsilon_precision_ECOLI": 0.2797594161354389,
      "mean_abs_epsilon_precision_HUMAN": 0.1679327189522869,
      "mean_abs_epsilon_precision_YEAST": 0.21483478530467043,
      "CV_median": 0.08968689314298081,
      "CV_q75": 0.15477849666412044,
      "CV_q90": 0.23948441282414015,
      "CV_q95": 0.3044634625794672,
      "variance_epsilon_global": 0.07744399094472179,
      "nr_prec": 100308,
      "roc_auc": 0.9686055360639431
    },