{
  "old_new": "new",
  "id": "FragPipe (DIA-NN quant)_20250430_090454",
  "software_name": "FragPipe (DIA-NN quant)",
  "software_version": "22.0",
  "search_engine": "MSFragger",
  "search_engine_version": "",
  "ident_fdr_psm": "0.01",
  "ident_fdr_peptide": null,
  "ident_fdr_protein": "0.01",
  "enable_match_between_runs": false,
  "precursor_mass_tolerance": "[-10 ppm, 10 ppm]",
  "fragment_mass_tolerance": "[-20 ppm, 20 ppm]",
  "enzyme": "Trypsin/P",
  "allowed_miscleavages": "1",
  "min_peptide_length": "6",
  "max_peptide_length": "50",
  "is_temporary": false,
  "intermediate_hash": "26e8b44a9078d91d855a6e5343c2a0fae25cf15f",
  "results": {
    "6": {
      "median_abs_epsilon": 0.120990591500032,
      "mean_abs_epsilon": 0.18116782415173954,
      "variance_epsilon": 0.07337589774662472,
      "nr_prec": 76653,
      "CV_median": 0.08881175304714864,
      "CV_q90": 0.2443378252895202,
      "CV_q75": 0.15534464306082657,
      "CV_q95": 0.31321788809421713
    },
    "5": {
      "median_abs_epsilon": 0.1262092057275801,
      "mean_abs_epsilon": 0.1927129729270019,
      "variance_epsilon": 0.08460139012815268,
      "nr_prec": 81242,
      "CV_median": 0.09127488476186357,
      "CV_q90": 0.25546040646484297,
      "CV_q75": 0.1608844092879751,
      "CV_q95": 0.3280543846530567
    },
    "4": {
      "median_abs_epsilon": 0.12883145911572313,
      "mean_abs_epsilon": 0.20041343032003256,
      "variance_epsilon": 0.09375163345483559,
      "nr_prec": 83334,
      "CV_median": 0.0919943721819157,
      "CV_q90": 0.25921966401866103,
      "CV_q75": 0.1626077532142759,
      "CV_q95": 0.33318230497126955
    },
    "3": {
      "median_abs_epsilon": 0.1298988238464176,
      "mean_abs_epsilon": 0.20318171563271414,
      "variance_epsilon": 0.09714857819999001,
      "nr_prec": 84497,
      "CV_median": 0.09224633931171561,
      "CV_q90": 0.2603873493827339,
      "CV_q75": 0.16320538546513177,
      "CV_q95": 0.3350137068070993
    },
    "2": {
      "median_abs_epsilon": 0.1303781024327204,
      "mean_abs_epsilon": 0.20467620729115038,
      "variance_epsilon": 0.09921759403890205,
      "nr_prec": 85198,
      "CV_median": 0.09231851098265409,
      "CV_q90": 0.2606402090668582,
      "CV_q75": 0.16337577782667734,
      "CV_q95": 0.3353814620964901
    },
    "1": {
      "median_abs_epsilon": 0.1303781024327204,
      "mean_abs_epsilon": 0.20467620729115032,
      "variance_epsilon": 0.09921759403890204,
      "nr_prec": 85890,
      "CV_median": 0.09231851098265409,
      "CV_q90": 0.2606402090668582,
      "CV_q75": 0.16337577782667734,
      "CV_q95": 0.3353814620964901
    }
  },
  "median_abs_epsilon": 0.1298988238464176,
  "mean_abs_epsilon": 0.20318171563271414,
  "nr_prec": 84497,
  "comments": "",
  "proteobench_version": "0.8.6",
  "color": "#d30067",
  "hover_text": "ProteoBench ID: FragPipe (DIA-NN quant)_20250430_090454<br>Software tool: FragPipe (DIA-NN quant) <br>Comment (private submission): ...",
  "scatter_size": 40,
  "fixed_mods": "0.0,C-Term Peptide,true,-1; 0.0,N-Term Peptide,true,-1; 0.0,C-Term Protein,true,-1; 0.0,N-Term Protein,true,-1; 0.0,G (glycine),true,-1; 0.0,A (alanine),true,-1; 0.0,S (serine),true,-1; 0.0,P (proline),true,-1; 0.0,V (valine),true,-1; 0.0,T (threonine),true,-1; 57.02146,C (cysteine),true,-1; 0.0,L (leucine),true,-1; 0.0,I (isoleucine),true,-1; 0.0,N (asparagine),true,-1; 0.0,D (aspartic acid),true,-1; 0.0,Q (glutamine),true,-1; 0.0,K (lysine),true,-1; 0.0,E (glutamic acid),true,-1; 0.0,M (methionine),true,-1; 0.0,H (histidine),true,-1; 0.0,F (phenylalanine),true,-1; 0.0,R (arginine),true,-1; 0.0,Y (tyrosine),true,-1; 0.0,W (tryptophan),true,-1; 0.0,B ,true,-1; 0.0,J,true,-1; 0.0,O,true,-1; 0.0,U,true,-1; 0.0,X,true,-1; 0.0,Z,true,-1",
  "variable_mods": "15.9949,M,true,2; 42.0106,[^,true,1; 79.96633,STY,false,3; -17.0265,nQnC,false,1; -18.0106,nE,false,1; 4.025107,K,false,2; 6.020129,R,false,2; 8.014199,K,false,2; 10.008269,R,false,2; 0.0,site_10,false,1; 0.0,site_11,false,1; 0.0,site_12,false,1; 0.0,site_13,false,1; 0.0,site_14,false,1; 0.0,site_15,false,1; 0.0,site_16,false,1",
  "max_mods": "1",
  "min_precursor_charge": "1",
  "max_precursor_charge": "4",
  "quantification_method": "Robust LC (high accuracy)",
  "protein_inference": "ProteinProphet: --maxppmdiff 2000000",
  "abundance_normalization_ions": null,
  "submission_comments": "\n\n ### No parameter changes detected. \n\n\nDataset URL: https://proteobench.cubimed.rub.de/datasets/26e8b44a9078d91d855a6e5343c2a0fae25cf15f/"
}