{
  "old_new": "new",
  "id": "Spectronaut_20250314_101553",
  "software_name": "Spectronaut",
  "software_version": "19.5.241126.62635",
  "search_engine": "Spectronaut",
  "search_engine_version": "19.5.241126.62635",
  "ident_fdr_psm": "0.01",
  "ident_fdr_peptide": null,
  "ident_fdr_protein": "0.01",
  "enable_match_between_runs": false,
  "precursor_mass_tolerance": "[-40 ppm, 40 ppm]",
  "fragment_mass_tolerance": "[-40 ppm, 40 ppm]",
  "enzyme": "Trypsin/P",
  "allowed_miscleavages": "2",
  "min_peptide_length": "7",
  "max_peptide_length": "52",
  "is_temporary": false,
  "intermediate_hash": "273e81ee74a5e47b791f1fa49c320ccd07639fa6",
  "results": {
    "6": {
      "median_abs_epsilon": 0.14780521185918793,
      "mean_abs_epsilon": 0.23002553026758435,
      "variance_epsilon": 0.12287007602019041,
      "nr_prec": 111789,
      "CV_median": 0.10895995804412675,
      "CV_q90": 0.28280348670007954,
      "CV_q75": 0.18403713101594432,
      "CV_q95": 0.3608569768589582
    },
    "5": {
      "median_abs_epsilon": 0.15545649886003243,
      "mean_abs_epsilon": 0.2496676333776885,
      "variance_epsilon": 0.15000743852612453,
      "nr_prec": 119701,
      "CV_median": 0.11186110786752,
      "CV_q90": 0.2942213499430209,
      "CV_q75": 0.18997261115583097,
      "CV_q95": 0.37930862472247473
    },
    "4": {
      "median_abs_epsilon": 0.1599560393102557,
      "mean_abs_epsilon": 0.26635009070713567,
      "variance_epsilon": 0.18172309686439572,
      "nr_prec": 123735,
      "CV_median": 0.11297920179114324,
      "CV_q90": 0.2994765341793836,
      "CV_q75": 0.19238215320900595,
      "CV_q95": 0.3886739752895968
    },
    "3": {
      "median_abs_epsilon": 0.16219475048520415,
      "mean_abs_epsilon": 0.27656860631503016,
      "variance_epsilon": 0.2122314557594521,
      "nr_prec": 126486,
      "CV_median": 0.11354650454018307,
      "CV_q90": 0.30267859382853046,
      "CV_q75": 0.1936650933957252,
      "CV_q95": 0.3949484989886569
    },
    "2": {
      "median_abs_epsilon": 0.16340145231524028,
      "mean_abs_epsilon": 0.2842775482915219,
      "variance_epsilon": 0.24158437157095847,
      "nr_prec": 128188,
      "CV_median": 0.11376693006935629,
      "CV_q90": 0.30419741990090043,
      "CV_q75": 0.19421690845718587,
      "CV_q95": 0.3975113427714232
    },
    "1": {
      "median_abs_epsilon": 0.16340145231524028,
      "mean_abs_epsilon": 0.2842775482915219,
      "variance_epsilon": 0.2415843715709584,
      "nr_prec": 129539,
      "CV_median": 0.11376693006935629,
      "CV_q90": 0.30419741990090043,
      "CV_q75": 0.19421690845718587,
      "CV_q95": 0.3975113427714232
    }
  },
  "median_abs_epsilon": 0.16219475048520415,
  "mean_abs_epsilon": 0.27656860631503016,
  "nr_prec": 126486,
  "comments": "",
  "proteobench_version": "0.7.1",
  "color": "#bcbd22",
  "hover_text": "ProteoBench ID: Spectronaut_20250314_101553<br>Software tool: Spectronaut <br>Comment (private submission): ",
  "scatter_size": 20,
  "fixed_mods": "Carbamidomethyl (C)",
  "variable_mods": "Acetyl (Protein N-term), Oxidation (M)",
  "max_mods": "5",
  "min_precursor_charge": null,
  "max_precursor_charge": null,
  "quantification_method": "MS2",
  "protein_inference": "IDPicker",
  "abundance_normalization_ions": "False",
  "submission_comments": "no Cross-Run Normalization\n\n ### Parameter changes Detected:\n- **second_pass**: `directDIA+ (Deep)` \u2192 `[MISSING]`\n- **scan_window**: `Dynamic` \u2192 `[MISSING]`\n- **predictors_library**: `False` \u2192 `[MISSING]`\n\nDataset URL: https://proteobench.cubimed.rub.de/datasets/273e81ee74a5e47b791f1fa49c320ccd07639fa6/"
}