{
  "old_new": "new",
  "id": "Spectronaut_20250609_135453",
  "software_name": "Spectronaut",
  "software_version": "19.5.241126.62635",
  "search_engine": "Spectronaut",
  "search_engine_version": "19.5.241126.62635",
  "ident_fdr_psm": 0.01,
  "ident_fdr_peptide": NaN,
  "ident_fdr_protein": 0.01,
  "enable_match_between_runs": false,
  "precursor_mass_tolerance": "Automatic calibration",
  "fragment_mass_tolerance": "Automatic calibration",
  "enzyme": "Trypsin/P",
  "allowed_miscleavages": 2,
  "min_peptide_length": 7,
  "max_peptide_length": 52,
  "is_temporary": false,
  "intermediate_hash": "273e81ee74a5e47b791f1fa49c320ccd07639fa6",
  "results": {
    "6": {
      "median_abs_epsilon_global": 0.14784662678039195,
      "median_abs_epsilon_eq_species": 0.27012603182442607,
      "median_abs_epsilon_ECOLI": 0.4243666824367964,
      "median_abs_epsilon_HUMAN": 0.1281103620890005,
      "median_abs_epsilon_YEAST": 0.2579010509474813,
      "mean_abs_epsilon_global": 0.23002800928345551,
      "mean_abs_epsilon_eq_species": 0.37593164788722794,
      "mean_abs_epsilon_ECOLI": 0.5994986287907812,
      "mean_abs_epsilon_HUMAN": 0.18502894761680846,
      "mean_abs_epsilon_YEAST": 0.34326736725409424,
      "median_log2_empirical_ECOLI": -1.5872436890085981,
      "median_log2_empirical_HUMAN": 0.024499272560783325,
      "median_log2_empirical_YEAST": 0.7748369600432574,
      "median_abs_epsilon_precision_global": 0.14186871837302806,
      "median_abs_epsilon_precision_eq_species": 0.20996870394009814,
      "median_abs_epsilon_precision_ECOLI": 0.3001943048498008,
      "median_abs_epsilon_precision_HUMAN": 0.12596503134477732,
      "median_abs_epsilon_precision_YEAST": 0.2037467756257163,
      "mean_log2_empirical_ECOLI": -1.4377301351760674,
      "mean_log2_empirical_HUMAN": 0.01574989930351638,
      "mean_log2_empirical_YEAST": 0.7234013803328554,
      "mean_abs_epsilon_precision_global": 0.21106558377757606,
      "mean_abs_epsilon_precision_eq_species": 0.30244326784116504,
      "mean_abs_epsilon_precision_ECOLI": 0.44816169230103026,
      "mean_abs_epsilon_precision_HUMAN": 0.18382292185846869,
      "mean_abs_epsilon_precision_YEAST": 0.2753451893639962,
      "CV_median": 0.1090237217053164,
      "CV_q75": 0.18409131297565573,
      "CV_q90": 0.282872649904123,
      "CV_q95": 0.36093598424455997,
      "variance_epsilon_global": 0.12284886031670224,
      "nr_feature": 111504,
      "roc_auc": 0.9352774409451385
    },
    "5": {
      "median_abs_epsilon_global": 0.15550713639707991,
      "median_abs_epsilon_eq_species": 0.3092782121179917,
      "median_abs_epsilon_ECOLI": 0.513488931434789,
      "median_abs_epsilon_HUMAN": 0.13197864924320157,
      "median_abs_epsilon_YEAST": 0.2823670556759845,
      "mean_abs_epsilon_global": 0.24972231446595675,
      "mean_abs_epsilon_eq_species": 0.416340609491654,
      "mean_abs_epsilon_ECOLI": 0.6830572714522021,
      "mean_abs_epsilon_HUMAN": 0.19380753428932038,
      "mean_abs_epsilon_YEAST": 0.3721570227334396,
      "median_log2_empirical_ECOLI": -1.4961669081156472,
      "median_log2_empirical_HUMAN": 0.024942251988171904,
      "median_log2_empirical_YEAST": 0.748962317108349,
      "median_abs_epsilon_precision_global": 0.14987562846136537,
      "median_abs_epsilon_precision_eq_species": 0.23716530722990084,
      "median_abs_epsilon_precision_ECOLI": 0.361262192223994,
      "median_abs_epsilon_precision_HUMAN": 0.12991631072465992,
      "median_abs_epsilon_precision_YEAST": 0.2203174187410486,
      "mean_log2_empirical_ECOLI": -1.3543433590422504,
      "mean_log2_empirical_HUMAN": 0.017454582981046088,
      "mean_log2_empirical_YEAST": 0.6948057928732404,
      "mean_abs_epsilon_precision_global": 0.22574720744267388,
      "mean_abs_epsilon_precision_eq_species": 0.3270739168563106,
      "mean_abs_epsilon_precision_ECOLI": 0.4938853822177101,
      "mean_abs_epsilon_precision_HUMAN": 0.1925340519653866,
      "mean_abs_epsilon_precision_YEAST": 0.29480231638583515,
      "CV_median": 0.11192199123245372,
      "CV_q75": 0.1900325030768094,
      "CV_q90": 0.29426635266483603,
      "CV_q95": 0.37940571394886247,
      "variance_epsilon_global": 0.15005651606057618,
      "nr_feature": 119412,
      "roc_auc": 0.9205051219276987
    },
    "4": {
      "median_abs_epsilon_global": 0.16002172561034644,
      "median_abs_epsilon_eq_species": 0.3380789424102004,
      "median_abs_epsilon_ECOLI": 0.5860925884769923,
      "median_abs_epsilon_HUMAN": 0.13430544743265216,
      "median_abs_epsilon_YEAST": 0.2938387913209568,
      "mean_abs_epsilon_global": 0.2664097569455675,
      "mean_abs_epsilon_eq_species": 0.4505668040066571,
      "mean_abs_epsilon_ECOLI": 0.7605225967371246,
      "mean_abs_epsilon_HUMAN": 0.20145720589407146,
      "mean_abs_epsilon_YEAST": 0.38972060938877523,
      "median_log2_empirical_ECOLI": -1.4218179742814439,
      "median_log2_empirical_HUMAN": 0.024906564378125218,
      "median_log2_empirical_YEAST": 0.7374612414289254,
      "median_abs_epsilon_precision_global": 0.15481910762568507,
      "median_abs_epsilon_precision_eq_species": 0.25907434475945595,
      "median_abs_epsilon_precision_ECOLI": 0.4158833466516825,
      "median_abs_epsilon_precision_HUMAN": 0.13219017283235868,
      "median_abs_epsilon_precision_YEAST": 0.22914951479432677,
      "mean_log2_empirical_ECOLI": -1.275592663856522,
      "mean_log2_empirical_HUMAN": 0.018521404481664765,
      "mean_log2_empirical_YEAST": 0.6803194426347936,
      "mean_abs_epsilon_precision_global": 0.23849150919915615,
      "mean_abs_epsilon_precision_eq_species": 0.34879498414377696,
      "mean_abs_epsilon_precision_ECOLI": 0.5378697282764333,
      "mean_abs_epsilon_precision_HUMAN": 0.20017161272136041,
      "mean_abs_epsilon_precision_YEAST": 0.3083436114335371,
      "CV_median": 0.11305007728497646,
      "CV_q75": 0.19245172852353898,
      "CV_q90": 0.29952020896442655,
      "CV_q95": 0.3887321168898829,
      "variance_epsilon_global": 0.181802453687353,
      "nr_feature": 123438,
      "roc_auc": 0.9112790128331827
    },
    "3": {
      "median_abs_epsilon_global": 0.16225132717601198,
      "median_abs_epsilon_eq_species": 0.3440625972087708,
      "median_abs_epsilon_ECOLI": 0.5975253196559009,
      "median_abs_epsilon_HUMAN": 0.13593155425622516,
      "median_abs_epsilon_YEAST": 0.29873091771418636,
      "mean_abs_epsilon_global": 0.2766338206182173,
      "mean_abs_epsilon_eq_species": 0.4622680653635884,
      "mean_abs_epsilon_ECOLI": 0.7740011911726167,
      "mean_abs_epsilon_HUMAN": 0.2108745981646264,
      "mean_abs_epsilon_YEAST": 0.4019284067535219,
      "median_log2_empirical_ECOLI": -1.4138776891324243,
      "median_log2_empirical_HUMAN": 0.02490401775375828,
      "median_log2_empirical_YEAST": 0.7326869560559768,
      "median_abs_epsilon_precision_global": 0.15705148033200356,
      "median_abs_epsilon_precision_eq_species": 0.2632554446895686,
      "median_abs_epsilon_precision_ECOLI": 0.4226844696823635,
      "median_abs_epsilon_precision_HUMAN": 0.13379499485212643,
      "median_abs_epsilon_precision_YEAST": 0.23328686953421585,
      "mean_log2_empirical_ECOLI": -1.2643119430924283,
      "mean_log2_empirical_HUMAN": 0.018614784222898948,
      "mean_log2_empirical_YEAST": 0.6729857227140639,
      "mean_abs_epsilon_precision_global": 0.24834924280089,
      "mean_abs_epsilon_precision_eq_species": 0.3592822378123999,
      "mean_abs_epsilon_precision_ECOLI": 0.5487390200879319,
      "mean_abs_epsilon_precision_HUMAN": 0.20959937312118043,
      "mean_abs_epsilon_precision_YEAST": 0.31950832022808723,
      "CV_median": 0.11362622040964612,
      "CV_q75": 0.19372870803398848,
      "CV_q90": 0.3027395237762236,
      "CV_q95": 0.3950391473066983,
      "variance_epsilon_global": 0.21236488876275925,
      "nr_feature": 126185,
      "roc_auc": 0.9053152994364911
    },