{
  "id": "DIA-NN_20260428_151710",
  "software_name": "DIA-NN",
  "software_version": "1.9.2",
  "search_engine": "DIA-NN",
  "search_engine_version": "1.9.2",
  "ident_fdr_psm": 0.01,
  "ident_fdr_peptide": NaN,
  "ident_fdr_protein": NaN,
  "enable_match_between_runs": false,
  "precursor_mass_tolerance": "[-20.0 ppm, 20.0 ppm]",
  "fragment_mass_tolerance": "[-20.0 ppm, 20.0 ppm]",
  "enzyme": "Trypsin/P",
  "allowed_miscleavages": 2,
  "min_peptide_length": 7,
  "max_peptide_length": 30,
  "is_temporary": false,
  "intermediate_hash": "273f12a724a1193d25157083af35df6895fbb60c",
  "results": {
    "6": {
      "median_abs_epsilon_global": 0.09553555894850341,
      "median_abs_epsilon_eq_species": 0.13644587066909195,
      "median_abs_epsilon_ECOLI": 0.15368444919006485,
      "median_abs_epsilon_HUMAN": 0.08482841481198378,
      "median_abs_epsilon_YEAST": 0.17082474800522718,
      "mean_abs_epsilon_global": 0.140104941984752,
      "mean_abs_epsilon_eq_species": 0.18589900452132138,
      "mean_abs_epsilon_ECOLI": 0.21810818168633195,
      "mean_abs_epsilon_HUMAN": 0.12485148141735078,
      "mean_abs_epsilon_YEAST": 0.2147373504602814,
      "median_log2_empirical_ECOLI": -1.8808244947279231,
      "median_log2_empirical_HUMAN": -0.029267122173615157,
      "median_log2_empirical_YEAST": 0.8408148654874203,
      "median_abs_epsilon_precision_global": 0.08738764413383393,
      "median_abs_epsilon_precision_eq_species": 0.10554305547236116,
      "median_abs_epsilon_precision_ECOLI": 0.12346484949734382,
      "median_abs_epsilon_precision_HUMAN": 0.08309367701699166,
      "median_abs_epsilon_precision_YEAST": 0.11007063990274801,
      "mean_log2_empirical_ECOLI": -1.8484714056676443,
      "mean_log2_empirical_HUMAN": -0.042347731949529246,
      "mean_log2_empirical_YEAST": 0.8178177804720729,
      "mean_abs_epsilon_precision_global": 0.12885829254921008,
      "mean_abs_epsilon_precision_eq_species": 0.15458210309752807,
      "mean_abs_epsilon_precision_ECOLI": 0.18827195161640953,
      "mean_abs_epsilon_precision_HUMAN": 0.12247664561026099,
      "mean_abs_epsilon_precision_YEAST": 0.15299771206591364,
      "CV_median": 0.06748373753547533,
      "CV_q75": 0.11673757460493084,
      "CV_q90": 0.1827116231758762,
      "CV_q95": 0.23521041458809802,
      "variance_epsilon_global": 0.03968139021430857,
      "nr_feature": 57882,
      "roc_auc": 0.9900891144288803
    },
    "5": {
      "median_abs_epsilon_global": 0.10372161800377278,
      "median_abs_epsilon_eq_species": 0.14734055380811117,
      "median_abs_epsilon_ECOLI": 0.16877327991138724,
      "median_abs_epsilon_HUMAN": 0.09160981293733883,
      "median_abs_epsilon_YEAST": 0.18163856857560745,
      "mean_abs_epsilon_global": 0.15354816666918816,
      "mean_abs_epsilon_eq_species": 0.20409315592793054,
      "mean_abs_epsilon_ECOLI": 0.24536424828667194,
      "mean_abs_epsilon_HUMAN": 0.13614766025499744,
      "mean_abs_epsilon_YEAST": 0.2307675592421222,
      "median_log2_empirical_ECOLI": -1.869445557883318,
      "median_log2_empirical_HUMAN": -0.030004835374667138,
      "median_log2_empirical_YEAST": 0.8328716001736858,
      "median_abs_epsilon_precision_global": 0.09529580003928295,
      "median_abs_epsilon_precision_eq_species": 0.11677406717776506,
      "median_abs_epsilon_precision_ECOLI": 0.1396930470017992,
      "median_abs_epsilon_precision_HUMAN": 0.0901858330332388,
      "median_abs_epsilon_precision_YEAST": 0.1204433214982572,
      "mean_log2_empirical_ECOLI": -1.8245421278538347,
      "mean_log2_empirical_HUMAN": -0.04309031105488567,
      "mean_log2_empirical_YEAST": 0.805949016704461,
      "mean_abs_epsilon_precision_global": 0.14155707367908932,
      "mean_abs_epsilon_precision_eq_species": 0.17181949506642583,
      "mean_abs_epsilon_precision_ECOLI": 0.2142325061777453,
      "mean_abs_epsilon_precision_HUMAN": 0.13377846628876616,
      "mean_abs_epsilon_precision_YEAST": 0.167447512732766,
      "CV_median": 0.07183401467772964,
      "CV_q75": 0.12594409431932876,
      "CV_q90": 0.19812169192989915,
      "CV_q95": 0.2582521667776525,
      "variance_epsilon_global": 0.04839850659841419,
      "nr_feature": 68877,
      "roc_auc": 0.9855160512146112
    },
    "4": {
      "median_abs_epsilon_global": 0.11201791506633008,
      "median_abs_epsilon_eq_species": 0.16339682259680957,
      "median_abs_epsilon_ECOLI": 0.19496410212855153,
      "median_abs_epsilon_HUMAN": 0.09786388490852627,
      "median_abs_epsilon_YEAST": 0.19736248075335094,
      "mean_abs_epsilon_global": 0.16914016585920683,
      "mean_abs_epsilon_eq_species": 0.23090904084112407,
      "mean_abs_epsilon_ECOLI": 0.2911273394300547,
      "mean_abs_epsilon_HUMAN": 0.14723696955192148,
      "mean_abs_epsilon_YEAST": 0.25436281354139595,
      "median_log2_empirical_ECOLI": -1.848514268148456,
      "median_log2_empirical_HUMAN": -0.030607312640470674,
      "median_log2_empirical_YEAST": 0.8202344463906641,
      "median_abs_epsilon_precision_global": 0.10326296207420693,
      "median_abs_epsilon_precision_eq_species": 0.1320111804330685,
      "median_abs_epsilon_precision_ECOLI": 0.1665734831979755,
      "median_abs_epsilon_precision_HUMAN": 0.0962313389149303,
      "median_abs_epsilon_precision_YEAST": 0.13322871918629975,
      "mean_log2_empirical_ECOLI": -1.7827551933490902,
      "mean_log2_empirical_HUMAN": -0.04395771158654431,
      "mean_log2_empirical_YEAST": 0.7892962197802234,
      "mean_abs_epsilon_precision_global": 0.15602585676907754,
      "mean_abs_epsilon_precision_eq_species": 0.19655497360259644,
      "mean_abs_epsilon_precision_ECOLI": 0.2563551740895357,
      "mean_abs_epsilon_precision_HUMAN": 0.14486813568169196,
      "mean_abs_epsilon_precision_YEAST": 0.18844161103656168,
      "CV_median": 0.07446021704822592,
      "CV_q75": 0.1312273559412661,
      "CV_q90": 0.2081904034210483,
      "CV_q95": 0.2718851273848598,
      "variance_epsilon_global": 0.06036958630934869,
      "nr_feature": 78029,
      "roc_auc": 0.9783240214965212
    },
    "3": {
      "median_abs_epsilon_global": 0.11809975560512598,
      "median_abs_epsilon_eq_species": 0.16878653515367267,
      "median_abs_epsilon_ECOLI": 0.19766813182450704,
      "median_abs_epsilon_HUMAN": 0.10331933601603183,
      "median_abs_epsilon_YEAST": 0.20537213762047912,
      "mean_abs_epsilon_global": 0.18088313624756683,
      "mean_abs_epsilon_eq_species": 0.24423330983881544,
      "mean_abs_epsilon_ECOLI": 0.30248737475651616,
      "mean_abs_epsilon_HUMAN": 0.15847721194629674,
      "mean_abs_epsilon_YEAST": 0.27173534281363343,
      "median_log2_empirical_ECOLI": -1.844729384890222,
      "median_log2_empirical_HUMAN": -0.030919738738592883,
      "median_log2_empirical_YEAST": 0.8139120666469175,
      "median_abs_epsilon_precision_global": 0.1090986892201915,
      "median_abs_epsilon_precision_eq_species": 0.13732077860735892,
      "median_abs_epsilon_precision_ECOLI": 0.16979457449296476,
      "median_abs_epsilon_precision_HUMAN": 0.10176599315715151,
      "median_abs_epsilon_precision_YEAST": 0.14040176817196048,
      "mean_log2_empirical_ECOLI": -1.7704803669222668,
      "mean_log2_empirical_HUMAN": -0.04344735417351274,
      "mean_log2_empirical_YEAST": 0.7737877201896967,
      "mean_abs_epsilon_precision_global": 0.16764433161150105,
      "mean_abs_epsilon_precision_eq_species": 0.20941224882943713,
      "mean_abs_epsilon_precision_ECOLI": 0.2679627768657328,
      "mean_abs_epsilon_precision_HUMAN": 0.1560985226234959,
      "mean_abs_epsilon_precision_YEAST": 0.2041754469990828,
      "CV_median": 0.07644123364471929,
      "CV_q75": 0.13542960671495274,
      "CV_q90": 0.2150162724276908,
      "CV_q95": 0.2807275203485573,
      "variance_epsilon_global": 0.07101271415306183,
      "nr_feature": 88924,
      "roc_auc": 0.9697688358814481
    },
    "2": {
      "median_abs_epsilon_global": 0.12277640822682301,