{
  "old_new": "new",
  "id": "FragPipe (DIA-NN quant)_20250430_091211",
  "software_name": "FragPipe (DIA-NN quant)",
  "software_version": "22.0",
  "search_engine": "MSFragger",
  "search_engine_version": "",
  "ident_fdr_psm": "0.01",
  "ident_fdr_peptide": null,
  "ident_fdr_protein": "0.01",
  "enable_match_between_runs": false,
  "precursor_mass_tolerance": "[-10 ppm, 10 ppm]",
  "fragment_mass_tolerance": "[-20 ppm, 20 ppm]",
  "enzyme": "Trypsin/P",
  "allowed_miscleavages": "1",
  "min_peptide_length": "7",
  "max_peptide_length": "50",
  "is_temporary": false,
  "intermediate_hash": "28a185f6369077aaeae27518d00b61f591f46aba",
  "results": {
    "6": {
      "median_abs_epsilon": 0.1215702671574963,
      "mean_abs_epsilon": 0.1819325644960783,
      "variance_epsilon": 0.07309571431124967,
      "nr_prec": 76065,
      "CV_median": 0.08992624546772163,
      "CV_q90": 0.250207558896958,
      "CV_q75": 0.15843549975711207,
      "CV_q95": 0.3213024153869721
    },
    "5": {
      "median_abs_epsilon": 0.1268310685021401,
      "mean_abs_epsilon": 0.1936374693394496,
      "variance_epsilon": 0.08465139784833774,
      "nr_prec": 80843,
      "CV_median": 0.09252786995475157,
      "CV_q90": 0.261559403328389,
      "CV_q75": 0.16424578629641046,
      "CV_q95": 0.3372149665839186
    },
    "4": {
      "median_abs_epsilon": 0.12956369649973531,
      "mean_abs_epsilon": 0.20101042193411378,
      "variance_epsilon": 0.09358155101866295,
      "nr_prec": 82878,
      "CV_median": 0.09331265839242599,
      "CV_q90": 0.26483501477589805,
      "CV_q75": 0.16596942777437315,
      "CV_q95": 0.34205246922248383
    },
    "3": {
      "median_abs_epsilon": 0.13059510795170315,
      "mean_abs_epsilon": 0.20409287329132142,
      "variance_epsilon": 0.09724925635556403,
      "nr_prec": 84088,
      "CV_median": 0.09360103298033998,
      "CV_q90": 0.26649156879273916,
      "CV_q75": 0.1667302377067235,
      "CV_q95": 0.34443947706805533
    },
    "2": {
      "median_abs_epsilon": 0.13104566925313677,
      "mean_abs_epsilon": 0.2055409166132591,
      "variance_epsilon": 0.0993363383282393,
      "nr_prec": 84802,
      "CV_median": 0.0936618554575783,
      "CV_q90": 0.26687011458765564,
      "CV_q75": 0.16684288387539142,
      "CV_q95": 0.3449968960465598
    },
    "1": {
      "median_abs_epsilon": 0.13104566925313677,
      "mean_abs_epsilon": 0.2055409166132591,
      "variance_epsilon": 0.0993363383282393,
      "nr_prec": 85479,
      "CV_median": 0.0936618554575783,
      "CV_q90": 0.26687011458765564,
      "CV_q75": 0.16684288387539142,
      "CV_q95": 0.3449968960465598
    }
  },
  "median_abs_epsilon": 0.13059510795170315,
  "mean_abs_epsilon": 0.20409287329132142,
  "nr_prec": 84088,
  "comments": "",
  "proteobench_version": "0.8.6",
  "color": "#d30067",
  "hover_text": "ProteoBench ID: FragPipe (DIA-NN quant)_20250430_091211<br>Software tool: FragPipe (DIA-NN quant) <br>Comment (private submission): ...",
  "scatter_size": 40,
  "fixed_mods": "0.0,C-Term Peptide,true,-1; 0.0,N-Term Peptide,true,-1; 0.0,C-Term Protein,true,-1; 0.0,N-Term Protein,true,-1; 0.0,G (glycine),true,-1; 0.0,A (alanine),true,-1; 0.0,S (serine),true,-1; 0.0,P (proline),true,-1; 0.0,V (valine),true,-1; 0.0,T (threonine),true,-1; 57.02146,C (cysteine),true,-1; 0.0,L (leucine),true,-1; 0.0,I (isoleucine),true,-1; 0.0,N (asparagine),true,-1; 0.0,D (aspartic acid),true,-1; 0.0,Q (glutamine),true,-1; 0.0,K (lysine),true,-1; 0.0,E (glutamic acid),true,-1; 0.0,M (methionine),true,-1; 0.0,H (histidine),true,-1; 0.0,F (phenylalanine),true,-1; 0.0,R (arginine),true,-1; 0.0,Y (tyrosine),true,-1; 0.0,W (tryptophan),true,-1; 0.0,B ,true,-1; 0.0,J,true,-1; 0.0,O,true,-1; 0.0,U,true,-1; 0.0,X,true,-1; 0.0,Z,true,-1",
  "variable_mods": "15.9949,M,true,2; 42.0106,[^,true,1; 79.96633,STY,false,3; -17.0265,nQnC,false,1; -18.0106,nE,false,1; 4.025107,K,false,2; 6.020129,R,false,2; 8.014199,K,false,2; 10.008269,R,false,2; 0.0,site_10,false,1; 0.0,site_11,false,1; 0.0,site_12,false,1; 0.0,site_13,false,1; 0.0,site_14,false,1; 0.0,site_15,false,1; 0.0,site_16,false,1",
  "max_mods": "3",
  "min_precursor_charge": "1",
  "max_precursor_charge": "4",
  "quantification_method": "Robust LC (high accuracy)",
  "protein_inference": "ProteinProphet: --maxppmdiff 2000000",
  "abundance_normalization_ions": null,
  "submission_comments": "\n\n ### No parameter changes detected. \n\n\nDataset URL: https://proteobench.cubimed.rub.de/datasets/28a185f6369077aaeae27518d00b61f591f46aba/"
}