{
  "old_new": "new",
  "id": "DIA-NN_20251027_131714",
  "software_name": "DIA-NN",
  "software_version": "1.9.2",
  "search_engine": "DIA-NN",
  "search_engine_version": "1.9.2",
  "ident_fdr_psm": "0.01",
  "ident_fdr_peptide": NaN,
  "ident_fdr_protein": NaN,
  "enable_match_between_runs": true,
  "precursor_mass_tolerance": "[-13.8504 ppm, 13.8504 ppm]",
  "fragment_mass_tolerance": "[-11.5251 ppm, 11.5251 ppm]",
  "enzyme": "Trypsin/P",
  "allowed_miscleavages": "1",
  "min_peptide_length": "6",
  "max_peptide_length": "30",
  "is_temporary": false,
  "intermediate_hash": "2b63aca2b90df457cf7e2cedf78ca9a7bdb40a5a",
  "results": {
    "6": {
      "median_abs_epsilon": 0.12415123589702226,
      "mean_abs_epsilon": 0.1803989735008158,
      "variance_epsilon": 0.06454219144746892,
      "nr_prec": 83662,
      "CV_median": 0.08857095100072321,
      "CV_q75": 0.15230653291455792,
      "CV_q90": 0.23426341175312962,
      "CV_q95": 0.29573665189838944
    },
    "5": {
      "median_abs_epsilon": 0.1339524925157516,
      "mean_abs_epsilon": 0.1975237982602328,
      "variance_epsilon": 0.0795538817125075,
      "nr_prec": 94924,
      "CV_median": 0.09295860201663872,
      "CV_q75": 0.16092141683998215,
      "CV_q90": 0.2495181464478563,
      "CV_q95": 0.3148526670093903
    },
    "4": {
      "median_abs_epsilon": 0.14083058749462296,
      "mean_abs_epsilon": 0.21341870599826057,
      "variance_epsilon": 0.09827189773534727,
      "nr_prec": 101345,
      "CV_median": 0.09458034473003885,
      "CV_q75": 0.16414126443760646,
      "CV_q90": 0.255185166329979,
      "CV_q95": 0.32267357489555903
    },
    "3": {
      "median_abs_epsilon": 0.14319502182849497,
      "mean_abs_epsilon": 0.2189006960958824,
      "variance_epsilon": 0.10462057137718805,
      "nr_prec": 105535,
      "CV_median": 0.09539587638915228,
      "CV_q75": 0.16565463533813432,
      "CV_q90": 0.2576259316228128,
      "CV_q95": 0.32596082271896376
    },
    "2": {
      "median_abs_epsilon": 0.14416237500359408,
      "mean_abs_epsilon": 0.22145199675359875,
      "variance_epsilon": 0.10815774301467974,
      "nr_prec": 107638,
      "CV_median": 0.09555133841280021,
      "CV_q75": 0.16605148533561964,
      "CV_q90": 0.2583751274127212,
      "CV_q95": 0.3271963710479177
    },
    "1": {
      "median_abs_epsilon": 0.14416237500359408,
      "mean_abs_epsilon": 0.22145199675359872,
      "variance_epsilon": 0.10815774301467973,
      "nr_prec": 108686,
      "CV_median": 0.09555133841280021,
      "CV_q75": 0.16605148533561964,
      "CV_q90": 0.2583751274127212,
      "CV_q95": 0.3271963710479177
    }
  },
  "median_abs_epsilon": 0.14319502182849497,
  "mean_abs_epsilon": 0.2189006960958824,
  "nr_prec": 105535,
  "comments": "",
  "proteobench_version": "0.10.3",
  "color": "#d42f2f",
  "hover_text": "ProteoBench ID: DIA-NN_20251027_131714<br>Software tool: DIA-NN <br>Comment (private submission): ...",
  "scatter_size": 20,
  "fixed_mods": "unimod4",
  "variable_mods": "UniMod:35/15.994915/M,UniMod:1/42.010565/*n",
  "max_mods": "1",
  "min_precursor_charge": "1",
  "max_precursor_charge": "4",
  "quantification_method": "Legacy",
  "protein_inference": "Genes",
  "abundance_normalization_ions": null,
  "submission_comments": "Resubmission of 086b2ad161ee988c6178d533528c15bee4566d4c after changing quant column from Precursor.Quantity -> Precursor.Normalised\n\n ### Parameter changes detected:\n- **ident_fdr_protein**: `None` \u2192 `nan`\n- **ident_fdr_peptide**: `None` \u2192 `nan`\n\nDataset URL: https://proteobench.cubimed.rub.de/datasets/2b63aca2b90df457cf7e2cedf78ca9a7bdb40a5a/",
  "min_precursor_mz": "400",
  "max_precursor_mz": "1000",
  "min_fragment_mz": "50",
  "max_fragment_mz": "2000",
  "predictors_library": "{'RT': 'DIANN', 'IM': 'DIANN', 'MS2_int': 'DIANN'}",
  "scan_window": "8"
}