{
  "old_new": "new",
  "id": "DIA-NN_20251027_131714",
  "software_name": "DIA-NN",
  "software_version": "1.9.2",
  "search_engine": "DIA-NN",
  "search_engine_version": "1.9.2",
  "ident_fdr_psm": 0.01,
  "ident_fdr_peptide": NaN,
  "ident_fdr_protein": NaN,
  "enable_match_between_runs": true,
  "precursor_mass_tolerance": "[-13.8504 ppm, 13.8504 ppm]",
  "fragment_mass_tolerance": "[-11.5251 ppm, 11.5251 ppm]",
  "enzyme": "Trypsin/P",
  "allowed_miscleavages": 1,
  "min_peptide_length": 6,
  "max_peptide_length": 30,
  "is_temporary": false,
  "intermediate_hash": "2b63aca2b90df457cf7e2cedf78ca9a7bdb40a5a",
  "results": {
    "6": {
      "median_abs_epsilon_global": 0.1240658574962179,
      "median_abs_epsilon_eq_species": 0.190589255519613,
      "median_abs_epsilon_ECOLI": 0.23419536833647214,
      "median_abs_epsilon_HUMAN": 0.10583932951783304,
      "median_abs_epsilon_YEAST": 0.2317330687045338,
      "mean_abs_epsilon_global": 0.17951850093710114,
      "mean_abs_epsilon_eq_species": 0.2548457645069904,
      "mean_abs_epsilon_ECOLI": 0.32940448531509403,
      "mean_abs_epsilon_HUMAN": 0.1521724482381101,
      "mean_abs_epsilon_YEAST": 0.2829603599677671,
      "median_log2_empirical_ECOLI": -1.7890812775734233,
      "median_log2_empirical_HUMAN": -0.0341404611411793,
      "median_log2_empirical_YEAST": 0.779980316081911,
      "median_abs_epsilon_precision_global": 0.11041807757850108,
      "median_abs_epsilon_precision_eq_species": 0.13385077035483187,
      "median_abs_epsilon_precision_ECOLI": 0.15994879637731962,
      "median_abs_epsilon_precision_HUMAN": 0.10348712051018971,
      "median_abs_epsilon_precision_YEAST": 0.1381163941769863,
      "mean_log2_empirical_ECOLI": -1.7189578160349046,
      "mean_log2_empirical_HUMAN": -0.04488808995726827,
      "mean_log2_empirical_YEAST": 0.7532521189195456,
      "mean_abs_epsilon_precision_global": 0.16006553801176898,
      "mean_abs_epsilon_precision_eq_species": 0.1988605574832315,
      "mean_abs_epsilon_precision_ECOLI": 0.25646554715557524,
      "mean_abs_epsilon_precision_HUMAN": 0.1491326338597505,
      "mean_abs_epsilon_precision_YEAST": 0.19098349143436877,
      "CV_median": 0.08884210516284868,
      "CV_q75": 0.15255785182556872,
      "CV_q90": 0.2344890620917061,
      "CV_q95": 0.2958303399004899,
      "roc_auc": 0.9743733265425444,
      "roc_auc_directional": 0.9900607621346252,
      "nr_prec": 83013,
      "nr_prec_HUMAN": 66927,
      "nr_prec_YEAST": 12507,
      "nr_prec_ECOLI": 3579,
      "variance_epsilon_global": 0.06341977290391587
    },
    "5": {
      "median_abs_epsilon_global": 0.13392239733788358,
      "median_abs_epsilon_eq_species": 0.2116448031411474,
      "median_abs_epsilon_ECOLI": 0.27325133851035055,
      "median_abs_epsilon_HUMAN": 0.11220002692156505,
      "median_abs_epsilon_YEAST": 0.24948304399152654,
      "mean_abs_epsilon_global": 0.19682513502699062,
      "mean_abs_epsilon_eq_species": 0.287423505456374,
      "mean_abs_epsilon_ECOLI": 0.39375131883662595,
      "mean_abs_epsilon_HUMAN": 0.16207316767743912,
      "mean_abs_epsilon_YEAST": 0.306446029855057,
      "median_log2_empirical_ECOLI": -1.745037212765391,
      "median_log2_empirical_HUMAN": -0.034651524013744606,
      "median_log2_empirical_YEAST": 0.7659513304928289,
      "median_abs_epsilon_precision_global": 0.11941872108971552,
      "median_abs_epsilon_precision_eq_species": 0.1538676333977135,
      "median_abs_epsilon_precision_ECOLI": 0.19977124803243385,
      "median_abs_epsilon_precision_HUMAN": 0.1101458143773133,
      "median_abs_epsilon_precision_YEAST": 0.1516858377833934,
      "mean_log2_empirical_ECOLI": -1.6538111762140386,
      "mean_log2_empirical_HUMAN": -0.045386728151221786,
      "mean_log2_empirical_YEAST": 0.7332522595613257,
      "mean_abs_epsilon_precision_global": 0.17466619502502087,
      "mean_abs_epsilon_precision_eq_species": 0.22554364880619168,
      "mean_abs_epsilon_precision_ECOLI": 0.30780165277401,
      "mean_abs_epsilon_precision_HUMAN": 0.15907936078885174,
      "mean_abs_epsilon_precision_YEAST": 0.20974993285571333,
      "CV_median": 0.09319689140049965,
      "CV_q75": 0.16118633293725695,
      "CV_q90": 0.2497833084278872,
      "CV_q95": 0.31497672461339354,
      "roc_auc": 0.9648122475458693,
      "roc_auc_directional": 0.9850888483947517,
      "nr_prec": 94237,
      "nr_prec_HUMAN": 74419,
      "nr_prec_YEAST": 15079,
      "nr_prec_ECOLI": 4739,
      "variance_epsilon_global": 0.07863001081138904
    },
    "4": {
      "median_abs_epsilon_global": 0.1408350704678618,
      "median_abs_epsilon_eq_species": 0.23519271974017494,
      "median_abs_epsilon_ECOLI": 0.32874446531735835,
      "median_abs_epsilon_HUMAN": 0.11573182686926575,
      "median_abs_epsilon_YEAST": 0.2611018670339007,
      "mean_abs_epsilon_global": 0.21279212484340154,
      "mean_abs_epsilon_eq_species": 0.3239775194954904,
      "mean_abs_epsilon_ECOLI": 0.4778394171197051,
      "mean_abs_epsilon_HUMAN": 0.16869405778582752,
      "mean_abs_epsilon_YEAST": 0.32539908358093866,
      "median_log2_empirical_ECOLI": -1.6938693961355638,
      "median_log2_empirical_HUMAN": -0.03500815028821691,
      "median_log2_empirical_YEAST": 0.754833066168036,
      "median_abs_epsilon_precision_global": 0.12626534382139276,
      "median_abs_epsilon_precision_eq_species": 0.17433873420895937,
      "median_abs_epsilon_precision_ECOLI": 0.24631035979689386,
      "median_abs_epsilon_precision_HUMAN": 0.11363903808647269,
      "median_abs_epsilon_precision_YEAST": 0.16306680474351154,
      "mean_log2_empirical_ECOLI": -1.5724544246859784,
      "mean_log2_empirical_HUMAN": -0.045637208188621464,
      "mean_log2_empirical_YEAST": 0.7185448336226182,
      "mean_abs_epsilon_precision_global": 0.18796147253260664,
      "mean_abs_epsilon_precision_eq_species": 0.2556275681279356,
      "mean_abs_epsilon_precision_ECOLI": 0.37515437716953787,
      "mean_abs_epsilon_precision_HUMAN": 0.1657128157570653,
      "mean_abs_epsilon_precision_YEAST": 0.22601551145720364,
      "CV_median": 0.09484787871512895,
      "CV_q75": 0.16444413179011014,
      "CV_q90": 0.2554040561954143,
      "CV_q95": 0.32275600435341534,
      "roc_auc": 0.9556634446492024,
      "roc_auc_directional": 0.9771769144089806,
      "nr_prec": 100641,
      "nr_prec_HUMAN": 78032,
      "nr_prec_YEAST": 16737,
      "nr_prec_ECOLI": 5872,
      "variance_epsilon_global": 0.09742125351017218
    },
    "3": {
      "median_abs_epsilon_global": 0.14321057268778858,
      "median_abs_epsilon_eq_species": 0.2395223341376281,
      "median_abs_epsilon_ECOLI": 0.3342812165179687,
      "median_abs_epsilon_HUMAN": 0.1173163168312481,
      "median_abs_epsilon_YEAST": 0.2669694690636675,
      "mean_abs_epsilon_global": 0.21830431076412732,
      "mean_abs_epsilon_eq_species": 0.3323875565680508,
      "mean_abs_epsilon_ECOLI": 0.489704958374767,
      "mean_abs_epsilon_HUMAN": 0.17245565431471377,
      "mean_abs_epsilon_YEAST": 0.3350020570146717,
      "median_log2_empirical_ECOLI": -1.686122523055051,
      "median_log2_empirical_HUMAN": -0.034862817963816184,
      "median_log2_empirical_YEAST": 0.7494096735841413,
      "median_abs_epsilon_precision_global": 0.1286398758803804,
      "median_abs_epsilon_precision_eq_species": 0.17888618937445333,
      "median_abs_epsilon_precision_ECOLI": 0.25388056536286996,
      "median_abs_epsilon_precision_HUMAN": 0.11525623718335165,
      "median_abs_epsilon_precision_YEAST": 0.16752176557713838,
      "mean_log2_empirical_ECOLI": -1.5603108410053836,
      "mean_log2_empirical_HUMAN": -0.04513239892462217,
      "mean_log2_empirical_YEAST": 0.7110006836862289,
      "mean_abs_epsilon_precision_global": 0.19297915428097825,
      "mean_abs_epsilon_precision_eq_species": 0.262848134075292,
      "mean_abs_epsilon_precision_ECOLI": 0.38456054213258256,
      "mean_abs_epsilon_precision_HUMAN": 0.16951921554754676,