{
  "old_new": "new",
  "id": "Spectronaut_20250314_095210",
  "software_name": "Spectronaut",
  "software_version": "19.5.241126.62635",
  "search_engine": "Spectronaut",
  "search_engine_version": "19.5.241126.62635",
  "ident_fdr_psm": "0.01",
  "ident_fdr_peptide": null,
  "ident_fdr_protein": "0.01",
  "enable_match_between_runs": false,
  "precursor_mass_tolerance": "[-40 ppm, 40 ppm]",
  "fragment_mass_tolerance": "[-40 ppm, 40 ppm]",
  "enzyme": "Trypsin/P",
  "allowed_miscleavages": "2",
  "min_peptide_length": "7",
  "max_peptide_length": "52",
  "is_temporary": false,
  "intermediate_hash": "2c4eb3876b9d0a0511889a8d58048f39ed6f1d9c",
  "results": {
    "6": {
      "median_abs_epsilon": 0.15290820068341215,
      "mean_abs_epsilon": 0.2350182906651613,
      "variance_epsilon": 0.11941392524566478,
      "nr_prec": 111789,
      "CV_median": 0.10639594530204555,
      "CV_q90": 0.2786491307901048,
      "CV_q75": 0.18081253272687686,
      "CV_q95": 0.35773431591409394
    },
    "5": {
      "median_abs_epsilon": 0.16077500015385837,
      "mean_abs_epsilon": 0.25435004981466885,
      "variance_epsilon": 0.14632379808049678,
      "nr_prec": 119701,
      "CV_median": 0.10935773050484443,
      "CV_q90": 0.2905098359247028,
      "CV_q75": 0.1868101211982471,
      "CV_q95": 0.37549966276131375
    },
    "4": {
      "median_abs_epsilon": 0.16568203037941487,
      "mean_abs_epsilon": 0.27084005248028603,
      "variance_epsilon": 0.1781242632581008,
      "nr_prec": 123735,
      "CV_median": 0.11048017121376905,
      "CV_q90": 0.2959877378524352,
      "CV_q75": 0.1892308013254997,
      "CV_q95": 0.38507479943924844
    },
    "3": {
      "median_abs_epsilon": 0.16773728970452417,
      "mean_abs_epsilon": 0.2811068216780261,
      "variance_epsilon": 0.20866935171239337,
      "nr_prec": 126486,
      "CV_median": 0.11107578110301229,
      "CV_q90": 0.2993196493431956,
      "CV_q75": 0.19065244356724992,
      "CV_q95": 0.39109121359061055
    },
    "2": {
      "median_abs_epsilon": 0.1689461882917609,
      "mean_abs_epsilon": 0.28897834482831947,
      "variance_epsilon": 0.2388192727022081,
      "nr_prec": 128188,
      "CV_median": 0.11127198668017751,
      "CV_q90": 0.3008725620364689,
      "CV_q75": 0.19118962468001868,
      "CV_q95": 0.3942462188407623
    },
    "1": {
      "median_abs_epsilon": 0.1689461882917609,
      "mean_abs_epsilon": 0.2889783448283194,
      "variance_epsilon": 0.23881927270220812,
      "nr_prec": 129539,
      "CV_median": 0.11127198668017751,
      "CV_q90": 0.3008725620364689,
      "CV_q75": 0.19118962468001868,
      "CV_q95": 0.3942462188407623
    }
  },
  "median_abs_epsilon": 0.16773728970452417,
  "mean_abs_epsilon": 0.2811068216780261,
  "nr_prec": 126486,
  "comments": "",
  "proteobench_version": "0.7.1",
  "color": "#bcbd22",
  "hover_text": "ProteoBench ID: Spectronaut_20250314_095210<br>Software tool: Spectronaut <br>Comment (private submission): ",
  "scatter_size": 20,
  "fixed_mods": "Carbamidomethyl (C)",
  "variable_mods": "Acetyl (Protein N-term), Oxidation (M)",
  "max_mods": "5",
  "min_precursor_charge": null,
  "max_precursor_charge": null,
  "quantification_method": "MS2",
  "protein_inference": "IDPicker",
  "abundance_normalization_ions": "True",
  "submission_comments": "Using Cross-Run Normalization and by default the tolerance thresholding is dynamic\n\n ### Parameter changes Detected:\n- **second_pass**: `directDIA+ (Deep)` \u2192 `[MISSING]`\n- **scan_window**: `Dynamic` \u2192 `[MISSING]`\n- **predictors_library**: `False` \u2192 `[MISSING]`\n\nDataset URL: https://proteobench.cubimed.rub.de/datasets/2c4eb3876b9d0a0511889a8d58048f39ed6f1d9c/"
}