{
  "old_new": "new",
  "id": "DIA-NN_20250430_083848",
  "software_name": "DIA-NN",
  "software_version": "1.8",
  "search_engine": "DIA-NN",
  "search_engine_version": "1.8",
  "ident_fdr_psm": "0.01",
  "ident_fdr_peptide": NaN,
  "ident_fdr_protein": NaN,
  "enable_match_between_runs": true,
  "precursor_mass_tolerance": "[-14.3141 ppm, 14.3141 ppm]",
  "fragment_mass_tolerance": "[-12.1831 ppm, 12.1831 ppm]",
  "enzyme": "Trypsin/P",
  "allowed_miscleavages": "1",
  "min_peptide_length": "6",
  "max_peptide_length": "30",
  "is_temporary": false,
  "intermediate_hash": "313d3b3a4ea82c554fc245e41e23f68aaa4c85b6",
  "results": {
    "6": {
      "median_abs_epsilon": 0.158830493376664,
      "mean_abs_epsilon": 0.24040115196157374,
      "variance_epsilon": 0.12288593642562008,
      "nr_prec": 78581,
      "CV_median": 0.12470604643279443,
      "CV_q90": 0.3681954982914757,
      "CV_q75": 0.23377483461372933,
      "CV_q95": 0.4638732429261706
    },
    "5": {
      "median_abs_epsilon": 0.17271935264759364,
      "mean_abs_epsilon": 0.26550854204939117,
      "variance_epsilon": 0.15628974166344323,
      "nr_prec": 88373,
      "CV_median": 0.13308259080305523,
      "CV_q90": 0.39072054211449325,
      "CV_q75": 0.2482075284689775,
      "CV_q95": 0.4928747348988457
    },
    "4": {
      "median_abs_epsilon": 0.18112275190861116,
      "mean_abs_epsilon": 0.28531636759697965,
      "variance_epsilon": 0.1929610864767912,
      "nr_prec": 96874,
      "CV_median": 0.13560898025356605,
      "CV_q90": 0.39772278508105036,
      "CV_q75": 0.25262275025825454,
      "CV_q95": 0.5016402575090707
    },
    "3": {
      "median_abs_epsilon": 0.18381962308172994,
      "mean_abs_epsilon": 0.2931618139320291,
      "variance_epsilon": 0.2155026851603601,
      "nr_prec": 100289,
      "CV_median": 0.1368209259415423,
      "CV_q90": 0.4007386897508074,
      "CV_q75": 0.25468952153941027,
      "CV_q95": 0.5058617187962935
    },
    "2": {
      "median_abs_epsilon": 0.18453277660182899,
      "mean_abs_epsilon": 0.2951944885979023,
      "variance_epsilon": 0.21972952785243433,
      "nr_prec": 102222,
      "CV_median": 0.13687712211733338,
      "CV_q90": 0.4015371808534851,
      "CV_q75": 0.25495059421631106,
      "CV_q95": 0.5071119965070078
    },
    "1": {
      "median_abs_epsilon": 0.18453277660182899,
      "mean_abs_epsilon": 0.29519448859790226,
      "variance_epsilon": 0.2197295278524343,
      "nr_prec": 102773,
      "CV_median": 0.13687712211733338,
      "CV_q90": 0.4015371808534851,
      "CV_q75": 0.25495059421631106,
      "CV_q95": 0.5071119965070078
    }
  },
  "median_abs_epsilon": 0.18381962308172994,
  "mean_abs_epsilon": 0.2931618139320291,
  "nr_prec": 100289,
  "comments": "",
  "proteobench_version": "0.8.6",
  "color": "#d30067",
  "hover_text": "ProteoBench ID: DIA-NN_20250430_083848<br>Software tool: DIA-NN <br>Comment (private submission): ...",
  "scatter_size": 40,
  "fixed_mods": "unimod4",
  "variable_mods": "UniMod:35/15.994915/M,UniMod:1/42.010565/*n",
  "max_mods": "1",
  "min_precursor_charge": "1",
  "max_precursor_charge": "4",
  "quantification_method": "QuantUMS high-precision",
  "protein_inference": "Genes",
  "abundance_normalization_ions": null,
  "submission_comments": "\n\n ### Parameter changes Detected:\n- **ident_fdr_protein**: `None` \u2192 `nan`\n- **ident_fdr_peptide**: `None` \u2192 `nan`\n\nDataset URL: https://proteobench.cubimed.rub.de/datasets/313d3b3a4ea82c554fc245e41e23f68aaa4c85b6/"
}