{
  "old_new": "new",
  "id": "DIA-NN_20251027_131002",
  "software_name": "DIA-NN",
  "software_version": "2.2.0 Academia ",
  "search_engine": "DIA-NN",
  "search_engine_version": "2.2.0 Academia ",
  "ident_fdr_psm": "0.01",
  "ident_fdr_peptide": NaN,
  "ident_fdr_protein": NaN,
  "enable_match_between_runs": true,
  "precursor_mass_tolerance": "[-11 ppm, 11 ppm]",
  "fragment_mass_tolerance": "[-12 ppm, 12 ppm]",
  "enzyme": "Trypsin/P",
  "allowed_miscleavages": "1",
  "min_peptide_length": "6",
  "max_peptide_length": "30",
  "is_temporary": false,
  "intermediate_hash": "3209a26373065bfee1c9560c64a0bbb87140b884",
  "results": {
    "6": {
      "median_abs_epsilon": 0.12399768829345703,
      "mean_abs_epsilon": 0.17857489260250475,
      "variance_epsilon": 0.06536944244474052,
      "nr_prec": 93544,
      "CV_median": 0.09901474167029087,
      "CV_q75": 0.1693620717758254,
      "CV_q90": 0.25781317529446457,
      "CV_q95": 0.3232386589801972
    },
    "5": {
      "median_abs_epsilon": 0.1335439682006836,
      "mean_abs_epsilon": 0.19472379128201292,
      "variance_epsilon": 0.07893841469007372,
      "nr_prec": 105852,
      "CV_median": 0.10393942285477809,
      "CV_q75": 0.1790713021966642,
      "CV_q90": 0.27361802312279293,
      "CV_q95": 0.34429346994410015
    },
    "4": {
      "median_abs_epsilon": 0.1405501365661621,
      "mean_abs_epsilon": 0.21024867882279707,
      "variance_epsilon": 0.09536860519096726,
      "nr_prec": 113412,
      "CV_median": 0.10580901128180971,
      "CV_q75": 0.1827703800135238,
      "CV_q90": 0.28038096646618366,
      "CV_q95": 0.35221024508494725
    },
    "3": {
      "median_abs_epsilon": 0.14332199096679688,
      "mean_abs_epsilon": 0.21610547485371182,
      "variance_epsilon": 0.10166392681522415,
      "nr_prec": 119119,
      "CV_median": 0.10681840305624125,
      "CV_q75": 0.18478252180712373,
      "CV_q90": 0.28333862360314643,
      "CV_q95": 0.35623882133267304
    },
    "2": {
      "median_abs_epsilon": 0.144500732421875,
      "mean_abs_epsilon": 0.2188205660563471,
      "variance_epsilon": 0.10498394361238773,
      "nr_prec": 121905,
      "CV_median": 0.1070020981309443,
      "CV_q75": 0.18526028250710103,
      "CV_q90": 0.28432723236422136,
      "CV_q95": 0.3576158871175301
    },
    "1": {
      "median_abs_epsilon": 0.144500732421875,
      "mean_abs_epsilon": 0.2188205660563471,
      "variance_epsilon": 0.10498394361238775,
      "nr_prec": 123524,
      "CV_median": 0.1070020981309443,
      "CV_q75": 0.18526028250710103,
      "CV_q90": 0.28432723236422136,
      "CV_q95": 0.3576158871175301
    }
  },
  "median_abs_epsilon": 0.14332199096679688,
  "mean_abs_epsilon": 0.21610547485371182,
  "nr_prec": 119119,
  "comments": "",
  "proteobench_version": "0.10.3",
  "color": "#d42f2f",
  "hover_text": "ProteoBench ID: DIA-NN_20251027_131002<br>Software tool: DIA-NN <br>Comment (private submission): ...",
  "scatter_size": 20,
  "fixed_mods": "unimod4",
  "variable_mods": "UniMod:35/15.994915/M,UniMod:1/42.010565/*n",
  "max_mods": "1",
  "min_precursor_charge": "1",
  "max_precursor_charge": "5",
  "quantification_method": "QuantUMS high-precision",
  "protein_inference": "Genes",
  "abundance_normalization_ions": null,
  "submission_comments": "Resubmission of 5d23a3a4c90aee69a4cc1d804c2dc1f0bc82bece after changing quant column from Precursor.Quantity -> Precursor.Normalised\n\n ### Parameter changes detected:\n- **ident_fdr_protein**: `None` \u2192 `nan`\n- **ident_fdr_peptide**: `None` \u2192 `nan`\n\nDataset URL: https://proteobench.cubimed.rub.de/datasets/3209a26373065bfee1c9560c64a0bbb87140b884/",
  "min_precursor_mz": "400",
  "max_precursor_mz": "1000",
  "min_fragment_mz": "50",
  "max_fragment_mz": "2000",
  "predictors_library": "{'RT': 'DIANN', 'IM': 'DIANN', 'MS2_int': 'DIANN'}",
  "scan_window": "8"
}