{
  "old_new": "new",
  "id": "DIA-NN_20251027_131002",
  "software_name": "DIA-NN",
  "software_version": "2.2.0 Academia ",
  "search_engine": "DIA-NN",
  "search_engine_version": "2.2.0 Academia ",
  "ident_fdr_psm": 0.01,
  "ident_fdr_peptide": NaN,
  "ident_fdr_protein": NaN,
  "enable_match_between_runs": true,
  "precursor_mass_tolerance": "[-11 ppm, 11 ppm]",
  "fragment_mass_tolerance": "[-12 ppm, 12 ppm]",
  "enzyme": "Trypsin/P",
  "allowed_miscleavages": 1,
  "min_peptide_length": 6,
  "max_peptide_length": 30,
  "is_temporary": false,
  "intermediate_hash": "3209a26373065bfee1c9560c64a0bbb87140b884",
  "results": {
    "6": {
      "median_abs_epsilon_global": 0.12399768829345703,
      "median_abs_epsilon_eq_species": 0.16539494196573892,
      "median_abs_epsilon_ECOLI": 0.20293807983398438,
      "median_abs_epsilon_HUMAN": 0.112274169921875,
      "median_abs_epsilon_YEAST": 0.18097257614135742,
      "mean_abs_epsilon_global": 0.17857489256172504,
      "mean_abs_epsilon_eq_species": 0.23083449140906362,
      "mean_abs_epsilon_ECOLI": 0.29252880999033015,
      "mean_abs_epsilon_HUMAN": 0.1611782200243312,
      "mean_abs_epsilon_YEAST": 0.23879644421252952,
      "median_log2_empirical_ECOLI": -1.846487045288086,
      "median_log2_empirical_HUMAN": -0.00751495361328125,
      "median_log2_empirical_YEAST": 0.8520183563232422,
      "median_abs_epsilon_precision_global": 0.11863470077514648,
      "median_abs_epsilon_precision_eq_species": 0.14100106557210287,
      "median_abs_epsilon_precision_ECOLI": 0.1669635772705078,
      "median_abs_epsilon_precision_HUMAN": 0.11285781860351562,
      "median_abs_epsilon_precision_YEAST": 0.14318180084228516,
      "mean_log2_empirical_ECOLI": -1.7984346913008467,
      "mean_log2_empirical_HUMAN": -0.023304396772882804,
      "mean_log2_empirical_YEAST": 0.8251796189437056,
      "mean_abs_epsilon_precision_global": 0.1710565846374638,
      "mean_abs_epsilon_precision_eq_species": 0.2046776870012116,
      "mean_abs_epsilon_precision_ECOLI": 0.25502986730026533,
      "mean_abs_epsilon_precision_HUMAN": 0.16165470014751765,
      "mean_abs_epsilon_precision_YEAST": 0.1973484935558519,
      "CV_median": 0.09901474167029087,
      "CV_q75": 0.1693620717758254,
      "CV_q90": 0.25781317529446457,
      "CV_q95": 0.3232386589801972,
      "roc_auc": 0.9776633937646733,
      "roc_auc_directional": 0.989156659539194,
      "nr_prec": 93544,
      "nr_prec_HUMAN": 75331,
      "nr_prec_YEAST": 14236,
      "nr_prec_ECOLI": 3977,
      "variance_epsilon_global": 0.06536944233017648
    },
    "5": {
      "median_abs_epsilon_global": 0.1335439682006836,
      "median_abs_epsilon_eq_species": 0.18349663416544595,
      "median_abs_epsilon_ECOLI": 0.23293113708496094,
      "median_abs_epsilon_HUMAN": 0.11882734298706055,
      "median_abs_epsilon_YEAST": 0.1987314224243164,
      "mean_abs_epsilon_global": 0.19472379104776574,
      "mean_abs_epsilon_eq_species": 0.2591825075002539,
      "mean_abs_epsilon_ECOLI": 0.3434872984491821,
      "mean_abs_epsilon_HUMAN": 0.17164701754984335,
      "mean_abs_epsilon_YEAST": 0.2624132065017364,
      "median_log2_empirical_ECOLI": -1.8164443969726562,
      "median_log2_empirical_HUMAN": -0.007585048675537109,
      "median_log2_empirical_YEAST": 0.8372955322265625,
      "median_abs_epsilon_precision_global": 0.12763047218322754,
      "median_abs_epsilon_precision_eq_species": 0.15818198521931967,
      "median_abs_epsilon_precision_ECOLI": 0.19807815551757812,
      "median_abs_epsilon_precision_HUMAN": 0.1191401481628418,
      "median_abs_epsilon_precision_YEAST": 0.15732765197753906,
      "mean_log2_empirical_ECOLI": -1.74536199916729,
      "mean_log2_empirical_HUMAN": -0.022546563033756205,
      "mean_log2_empirical_YEAST": 0.806310198356017,
      "mean_abs_epsilon_precision_global": 0.18543367421305354,
      "mean_abs_epsilon_precision_eq_species": 0.22893426062966213,
      "mean_abs_epsilon_precision_ECOLI": 0.2978388206194494,
      "mean_abs_epsilon_precision_HUMAN": 0.17204039123309775,
      "mean_abs_epsilon_precision_YEAST": 0.21692357003643925,
      "CV_median": 0.10393942285477809,
      "CV_q75": 0.1790713021966642,
      "CV_q90": 0.27361802312279293,
      "CV_q95": 0.34429346994410015,
      "roc_auc": 0.9696055487528066,
      "roc_auc_directional": 0.9851709542099955,
      "nr_prec": 105852,
      "nr_prec_HUMAN": 83530,
      "nr_prec_YEAST": 17183,
      "nr_prec_ECOLI": 5139,
      "variance_epsilon_global": 0.0789384144488261
    },
    "4": {
      "median_abs_epsilon_global": 0.1405501365661621,
      "median_abs_epsilon_eq_species": 0.20409520467122397,
      "median_abs_epsilon_ECOLI": 0.27861785888671875,
      "median_abs_epsilon_HUMAN": 0.12296724319458008,
      "median_abs_epsilon_YEAST": 0.21070051193237305,
      "mean_abs_epsilon_global": 0.21024867850325749,
      "mean_abs_epsilon_eq_species": 0.29139720769331234,
      "mean_abs_epsilon_ECOLI": 0.4115563120160784,
      "mean_abs_epsilon_HUMAN": 0.17971927301333984,
      "mean_abs_epsilon_YEAST": 0.2829160380505188,
      "median_log2_empirical_ECOLI": -1.7749638557434082,
      "median_log2_empirical_HUMAN": -0.007618427276611328,
      "median_log2_empirical_YEAST": 0.8282785415649414,
      "median_abs_epsilon_precision_global": 0.13442516326904297,
      "median_abs_epsilon_precision_eq_species": 0.17766094207763672,
      "median_abs_epsilon_precision_ECOLI": 0.2406320571899414,
      "median_abs_epsilon_precision_HUMAN": 0.12320327758789062,
      "median_abs_epsilon_precision_YEAST": 0.16914749145507812,
      "mean_log2_empirical_ECOLI": -1.6803782361117927,
      "mean_log2_empirical_HUMAN": -0.022569109015823294,
      "mean_log2_empirical_YEAST": 0.7909695442506824,
      "mean_abs_epsilon_precision_global": 0.1992483126581652,
      "mean_abs_epsilon_precision_eq_species": 0.2564739542061572,
      "mean_abs_epsilon_precision_ECOLI": 0.3539875041909837,
      "mean_abs_epsilon_precision_HUMAN": 0.1800975481000255,
      "mean_abs_epsilon_precision_YEAST": 0.23533681032746243,
      "CV_median": 0.10580901128180971,
      "CV_q75": 0.1827703800135238,
      "CV_q90": 0.28038096646618366,
      "CV_q95": 0.35221024508494725,
      "roc_auc": 0.9610178593454007,
      "roc_auc_directional": 0.9794134726322182,
      "nr_prec": 113412,
      "nr_prec_HUMAN": 87836,
      "nr_prec_YEAST": 19178,
      "nr_prec_ECOLI": 6398,
      "variance_epsilon_global": 0.09536860482260268
    },
    "3": {
      "median_abs_epsilon_global": 0.14332199096679688,
      "median_abs_epsilon_eq_species": 0.20792659123738608,
      "median_abs_epsilon_ECOLI": 0.28229331970214844,
      "median_abs_epsilon_HUMAN": 0.1251964569091797,
      "median_abs_epsilon_YEAST": 0.21628999710083008,
      "mean_abs_epsilon_global": 0.21610547440411607,
      "mean_abs_epsilon_eq_species": 0.29892459599913357,
      "mean_abs_epsilon_ECOLI": 0.4200103130138322,
      "mean_abs_epsilon_HUMAN": 0.18459432286602276,
      "mean_abs_epsilon_YEAST": 0.29216915211754574,
      "median_log2_empirical_ECOLI": -1.7715215682983398,
      "median_log2_empirical_HUMAN": -0.007585048675537109,
      "median_log2_empirical_YEAST": 0.8243627548217773,
      "median_abs_epsilon_precision_global": 0.1371169090270996,
      "median_abs_epsilon_precision_eq_species": 0.18122275670369467,
      "median_abs_epsilon_precision_ECOLI": 0.2447338104248047,
      "median_abs_epsilon_precision_HUMAN": 0.12540912628173828,
      "median_abs_epsilon_precision_YEAST": 0.17352533340454102,
      "mean_log2_empirical_ECOLI": -1.6711756312134483,
      "mean_log2_empirical_HUMAN": -0.02196639316431659,
      "mean_log2_empirical_YEAST": 0.7833704558516309,
      "mean_abs_epsilon_precision_global": 0.20478333696221876,
      "mean_abs_epsilon_precision_eq_species": 0.2632652135238969,
      "mean_abs_epsilon_precision_ECOLI": 0.36132439013172085,