{
  "old_new": "new",
  "id": "DIA-NN_20251027_131002",
  "software_name": "DIA-NN",
  "software_version": "2.2.0 Academia ",
  "search_engine": "DIA-NN",
  "search_engine_version": "2.2.0 Academia ",
  "ident_fdr_psm": 0.01,
  "ident_fdr_peptide": NaN,
  "ident_fdr_protein": NaN,
  "enable_match_between_runs": true,
  "precursor_mass_tolerance": "[-11 ppm, 11 ppm]",
  "fragment_mass_tolerance": "[-12 ppm, 12 ppm]",
  "enzyme": "Trypsin/P",
  "allowed_miscleavages": 1,
  "min_peptide_length": 6,
  "max_peptide_length": 30,
  "is_temporary": false,
  "intermediate_hash": "3209a26373065bfee1c9560c64a0bbb87140b884",
  "results": {
    "6": {
      "median_abs_epsilon_global": 0.12388420104980469,
      "median_abs_epsilon_eq_species": 0.1648737589518229,
      "median_abs_epsilon_ECOLI": 0.20266342163085938,
      "median_abs_epsilon_HUMAN": 0.11234092712402344,
      "median_abs_epsilon_YEAST": 0.17961692810058594,
      "mean_abs_epsilon_global": 0.17771572867108995,
      "mean_abs_epsilon_eq_species": 0.22849267542950755,
      "mean_abs_epsilon_ECOLI": 0.29032423424582254,
      "mean_abs_epsilon_HUMAN": 0.16112038008775514,
      "mean_abs_epsilon_YEAST": 0.2340334119549449,
      "median_log2_empirical_ECOLI": -1.8469390869140625,
      "median_log2_empirical_HUMAN": -0.0074253082275390625,
      "median_log2_empirical_YEAST": 0.8542671203613281,
      "median_abs_epsilon_precision_global": 0.11846446990966797,
      "median_abs_epsilon_precision_eq_species": 0.1404428482055664,
      "median_abs_epsilon_precision_ECOLI": 0.16649818420410156,
      "median_abs_epsilon_precision_HUMAN": 0.11287879943847656,
      "median_abs_epsilon_precision_YEAST": 0.1419515609741211,
      "mean_log2_empirical_ECOLI": -1.8007964825323055,
      "mean_log2_empirical_HUMAN": -0.02322003565895792,
      "mean_log2_empirical_YEAST": 0.8304288212631721,
      "mean_abs_epsilon_precision_global": 0.17026767816210966,
      "mean_abs_epsilon_precision_eq_species": 0.20242676306618845,
      "mean_abs_epsilon_precision_ECOLI": 0.25257444931578477,
      "mean_abs_epsilon_precision_HUMAN": 0.16159693250374346,
      "mean_abs_epsilon_precision_YEAST": 0.1931089073790371,
      "CV_median": 0.09921079434555288,
      "CV_q75": 0.16959551544245602,
      "CV_q90": 0.2580536214829875,
      "CV_q95": 0.32335408538669974,
      "roc_auc": 0.9796415849833686,
      "roc_auc_directional": 0.9905286861142255,
      "nr_prec": 92834,
      "nr_prec_HUMAN": 74761,
      "nr_prec_YEAST": 14114,
      "nr_prec_ECOLI": 3959,
      "variance_epsilon_global": 0.06423604050454833
    },
    "5": {
      "median_abs_epsilon_global": 0.13346576690673828,
      "median_abs_epsilon_eq_species": 0.18274211883544922,
      "median_abs_epsilon_ECOLI": 0.23249530792236328,
      "median_abs_epsilon_HUMAN": 0.11886787414550781,
      "median_abs_epsilon_YEAST": 0.19686317443847656,
      "mean_abs_epsilon_global": 0.1939715969825318,
      "mean_abs_epsilon_eq_species": 0.25718721012927803,
      "mean_abs_epsilon_ECOLI": 0.3416058500825287,
      "mean_abs_epsilon_HUMAN": 0.17163099045117358,
      "mean_abs_epsilon_YEAST": 0.2583247898541319,
      "median_log2_empirical_ECOLI": -1.8166799545288086,
      "median_log2_empirical_HUMAN": -0.00751495361328125,
      "median_log2_empirical_YEAST": 0.8393182754516602,
      "median_abs_epsilon_precision_global": 0.12752532958984375,
      "median_abs_epsilon_precision_eq_species": 0.15744479497273764,
      "median_abs_epsilon_precision_ECOLI": 0.19736957550048828,
      "median_abs_epsilon_precision_HUMAN": 0.11923551559448242,
      "median_abs_epsilon_precision_YEAST": 0.1557292938232422,
      "mean_log2_empirical_ECOLI": -1.747444505520031,
      "mean_log2_empirical_HUMAN": -0.022426474332418483,
      "mean_log2_empirical_YEAST": 0.8108380295041369,
      "mean_abs_epsilon_precision_global": 0.18475358485117716,
      "mean_abs_epsilon_precision_eq_species": 0.2270620161235005,
      "mean_abs_epsilon_precision_ECOLI": 0.29582325636963536,
      "mean_abs_epsilon_precision_HUMAN": 0.17202381332692054,
      "mean_abs_epsilon_precision_YEAST": 0.21333897867394552,
      "CV_median": 0.10413870887190903,
      "CV_q75": 0.17932590530559994,
      "CV_q90": 0.2738491080618062,
      "CV_q95": 0.3443695785273462,
      "roc_auc": 0.9712700359635702,
      "roc_auc_directional": 0.9863441523681135,
      "nr_prec": 105107,
      "nr_prec_HUMAN": 82936,
      "nr_prec_YEAST": 17055,
      "nr_prec_ECOLI": 5116,
      "variance_epsilon_global": 0.07786463869979585
    },
    "4": {
      "median_abs_epsilon_global": 0.1405048370361328,
      "median_abs_epsilon_eq_species": 0.2034764289855957,
      "median_abs_epsilon_ECOLI": 0.2781672477722168,
      "median_abs_epsilon_HUMAN": 0.12302970886230469,
      "median_abs_epsilon_YEAST": 0.20923233032226562,
      "mean_abs_epsilon_global": 0.20954570207236842,
      "mean_abs_epsilon_eq_species": 0.2895796392346484,
      "mean_abs_epsilon_ECOLI": 0.40991563746110493,
      "mean_abs_epsilon_HUMAN": 0.17972300187534848,
      "mean_abs_epsilon_YEAST": 0.2791002783674919,
      "median_log2_empirical_ECOLI": -1.7754230499267578,
      "median_log2_empirical_HUMAN": -0.007563591003417969,
      "median_log2_empirical_YEAST": 0.8299646377563477,
      "median_abs_epsilon_precision_global": 0.13429689407348633,
      "median_abs_epsilon_precision_eq_species": 0.17714675267537436,
      "median_abs_epsilon_precision_ECOLI": 0.24008417129516602,
      "median_abs_epsilon_precision_HUMAN": 0.12326908111572266,
      "median_abs_epsilon_precision_YEAST": 0.16808700561523438,
      "mean_log2_empirical_ECOLI": -1.6822347567654674,
      "mean_log2_empirical_HUMAN": -0.022446077346255082,
      "mean_log2_empirical_YEAST": 0.7952407031025962,
      "mean_abs_epsilon_precision_global": 0.1986197275077237,
      "mean_abs_epsilon_precision_eq_species": 0.2548126476251546,
      "mean_abs_epsilon_precision_ECOLI": 0.3523148053992103,
      "mean_abs_epsilon_precision_HUMAN": 0.18009907687521537,
      "mean_abs_epsilon_precision_YEAST": 0.23202406060103817,
      "CV_median": 0.10599514606852482,
      "CV_q75": 0.1829965426854838,
      "CV_q90": 0.2805579775224011,
      "CV_q95": 0.35235792666422483,
      "roc_auc": 0.9625031556697655,
      "roc_auc_directional": 0.980519097675817,
      "nr_prec": 112640,
      "nr_prec_HUMAN": 87225,
      "nr_prec_YEAST": 19043,
      "nr_prec_ECOLI": 6372,
      "variance_epsilon_global": 0.09421805827296156
    },
    "3": {
      "median_abs_epsilon_global": 0.14324951171875,
      "median_abs_epsilon_eq_species": 0.2073491414388021,
      "median_abs_epsilon_ECOLI": 0.2819662094116211,
      "median_abs_epsilon_HUMAN": 0.12524843215942383,
      "median_abs_epsilon_YEAST": 0.21483278274536133,
      "mean_abs_epsilon_global": 0.2154306869506836,
      "mean_abs_epsilon_eq_species": 0.29718023453036985,
      "mean_abs_epsilon_ECOLI": 0.4184311472547402,
      "mean_abs_epsilon_HUMAN": 0.18459777627876228,
      "mean_abs_epsilon_YEAST": 0.2885117800576071,
      "median_log2_empirical_ECOLI": -1.7717742919921875,
      "median_log2_empirical_HUMAN": -0.0075283050537109375,
      "median_log2_empirical_YEAST": 0.8258152008056641,
      "median_abs_epsilon_precision_global": 0.13704872131347656,
      "median_abs_epsilon_precision_eq_species": 0.18066279093424478,
      "median_abs_epsilon_precision_ECOLI": 0.24433326721191406,
      "median_abs_epsilon_precision_HUMAN": 0.12549257278442383,
      "median_abs_epsilon_precision_YEAST": 0.17216253280639648,
      "mean_log2_empirical_ECOLI": -1.6729640096927236,
      "mean_log2_empirical_HUMAN": -0.021813656071519378,
      "mean_log2_empirical_YEAST": 0.7874809544620424,
      "mean_abs_epsilon_precision_global": 0.20418136792553035,
      "mean_abs_epsilon_precision_eq_species": 0.26167901725902054,
      "mean_abs_epsilon_precision_ECOLI": 0.3597210211153544,