{
  "old_new": "new",
  "id": "AlphaDIA_20250502_140648",
  "software_name": "AlphaDIA",
  "software_version": "1.10.3",
  "search_engine": "AlphaDIA",
  "search_engine_version": NaN,
  "ident_fdr_psm": "0.01",
  "ident_fdr_peptide": NaN,
  "ident_fdr_protein": "0.01",
  "enable_match_between_runs": true,
  "precursor_mass_tolerance": "[-10 ppm, 10 ppm]",
  "fragment_mass_tolerance": "[-15 ppm, 15 ppm]",
  "enzyme": "trypsin/p ",
  "allowed_miscleavages": "1",
  "min_peptide_length": "6",
  "max_peptide_length": "30",
  "is_temporary": false,
  "intermediate_hash": "402b66d39dbe7ba3e3dca408e199b368e7d1d8b7",
  "results": {
    "6": {
      "median_abs_epsilon": 0.1946040789378234,
      "mean_abs_epsilon": 0.28761127588527124,
      "variance_epsilon": 0.17666727828743378,
      "nr_prec": 98262,
      "CV_median": 0.14599051052878892,
      "CV_q90": 0.40181996042431434,
      "CV_q75": 0.2773992207427323,
      "CV_q95": 0.48911341283343623
    },
    "5": {
      "median_abs_epsilon": 0.20469665527169312,
      "mean_abs_epsilon": 0.3044716866922929,
      "variance_epsilon": 0.1993094641491648,
      "nr_prec": 106457,
      "CV_median": 0.15076063898926959,
      "CV_q90": 0.4116410082544207,
      "CV_q75": 0.2844457312790481,
      "CV_q95": 0.5043350964325399
    },
    "4": {
      "median_abs_epsilon": 0.2118914922025379,
      "mean_abs_epsilon": 0.32018860104928426,
      "variance_epsilon": 0.22677500339745094,
      "nr_prec": 110692,
      "CV_median": 0.15259144688029253,
      "CV_q90": 0.4164928569281777,
      "CV_q75": 0.28717008349710627,
      "CV_q95": 0.5111795591237578
    },
    "3": {
      "median_abs_epsilon": 0.21411148703996474,
      "mean_abs_epsilon": 0.3256420977216425,
      "variance_epsilon": 0.2366746512500736,
      "nr_prec": 113402,
      "CV_median": 0.1534124946124384,
      "CV_q90": 0.41855965140235796,
      "CV_q75": 0.2883232542274128,
      "CV_q95": 0.5144977897410372
    },
    "2": {
      "median_abs_epsilon": 0.21499792735269097,
      "mean_abs_epsilon": 0.3279590425106295,
      "variance_epsilon": 0.24120644337874855,
      "nr_prec": 114572,
      "CV_median": 0.1535701939613362,
      "CV_q90": 0.4194042601739265,
      "CV_q75": 0.2887008200231759,
      "CV_q95": 0.5157478067093657
    },
    "1": {
      "median_abs_epsilon": 0.21499792735269097,
      "mean_abs_epsilon": 0.3279590425106295,
      "variance_epsilon": 0.24120644337874855,
      "nr_prec": 114572,
      "CV_median": 0.1535701939613362,
      "CV_q90": 0.4194042601739265,
      "CV_q75": 0.2887008200231759,
      "CV_q95": 0.5157478067093657
    }
  },
  "median_abs_epsilon": 0.21411148703996474,
  "mean_abs_epsilon": 0.3256420977216425,
  "nr_prec": 113402,
  "comments": "",
  "proteobench_version": "0.8.7",
  "color": "#d30067",
  "hover_text": "ProteoBench ID: AlphaDIA_20250502_140648<br>Software tool: AlphaDIA <br>Comment (private submission): ...",
  "scatter_size": 40,
  "fixed_mods": "Carbamidomethyl@C",
  "variable_mods": "Oxidation@M;Acetyl@Protein_N-term",
  "max_mods": "1 ",
  "min_precursor_charge": "1",
  "max_precursor_charge": "4",
  "quantification_method": "DirectLFQ",
  "protein_inference": "heuristic",
  "abundance_normalization_ions": NaN,
  "submission_comments": "Transfer learning step enabled\n\n ### Parameter changes Detected:\n- **search_engine_version**: `None` \u2192 `nan`\n- **abundance_normalization_ions**: `None` \u2192 `nan`\n- **ident_fdr_peptide**: `None` \u2192 `nan`\n\nDataset URL: https://proteobench.cubimed.rub.de/datasets/402b66d39dbe7ba3e3dca408e199b368e7d1d8b7/"
}