{
  "old_new": "new",
  "id": "AlphaDIA_20250610_092314",
  "software_name": "AlphaDIA",
  "software_version": "1.10.3",
  "search_engine": "AlphaDIA",
  "search_engine_version": NaN,
  "ident_fdr_psm": "0.01",
  "ident_fdr_peptide": NaN,
  "ident_fdr_protein": "0.01",
  "enable_match_between_runs": true,
  "precursor_mass_tolerance": "[-10 ppm, 10 ppm]",
  "fragment_mass_tolerance": "[-15 ppm, 15 ppm]",
  "enzyme": "trypsin/p ",
  "allowed_miscleavages": "1",
  "min_peptide_length": 6,
  "max_peptide_length": 30,
  "is_temporary": false,
  "intermediate_hash": "402b66d39dbe7ba3e3dca408e199b368e7d1d8b7",
  "results": {
    "6": {
      "median_abs_epsilon_global": 0.1947456995451109,
      "median_abs_epsilon_eq_species": 0.32064946493004065,
      "median_abs_epsilon_ECOLI": 0.4781247774796977,
      "median_abs_epsilon_HUMAN": 0.16829681396549034,
      "median_abs_epsilon_YEAST": 0.3155268033449339,
      "mean_abs_epsilon_global": 0.2872232101794384,
      "mean_abs_epsilon_eq_species": 0.41870837128481364,
      "mean_abs_epsilon_ECOLI": 0.6071023615251446,
      "mean_abs_epsilon_HUMAN": 0.24813781052639003,
      "mean_abs_epsilon_YEAST": 0.4008849418029062,
      "median_log2_empirical_ECOLI": -1.5662409464490086,
      "median_log2_empirical_HUMAN": 0.011200269063651902,
      "median_log2_empirical_YEAST": 0.7495193481450908,
      "median_abs_epsilon_precision_global": 0.18531354267262046,
      "median_abs_epsilon_precision_eq_species": 0.25792815949691733,
      "median_abs_epsilon_precision_ECOLI": 0.3565677007068473,
      "median_abs_epsilon_precision_HUMAN": 0.16864999134636172,
      "median_abs_epsilon_precision_YEAST": 0.24856678643754293,
      "mean_log2_empirical_ECOLI": -1.484544812726915,
      "mean_log2_empirical_HUMAN": 0.013491211641819618,
      "mean_log2_empirical_YEAST": 0.7195655802632002,
      "mean_abs_epsilon_precision_global": 0.2698987396341306,
      "mean_abs_epsilon_precision_eq_species": 0.34605530706977095,
      "mean_abs_epsilon_precision_ECOLI": 0.4592642944919274,
      "mean_abs_epsilon_precision_HUMAN": 0.2479097013653763,
      "mean_abs_epsilon_precision_YEAST": 0.3309919253520092,
      "CV_median": 0.14617307764921736,
      "CV_q75": 0.27739149866063373,
      "CV_q90": 0.4015572495743944,
      "CV_q95": 0.48867178275522916,
      "roc_auc": 0.8957544139738138,
      "roc_auc_directional": 0.9384848133063057,
      "nr_prec": 97782,
      "nr_prec_HUMAN": 78742,
      "nr_prec_YEAST": 14610,
      "nr_prec_ECOLI": 4430,
      "variance_epsilon_global": 0.1752034219653912
    },
    "5": {
      "median_abs_epsilon_global": 0.20475927989203413,
      "median_abs_epsilon_eq_species": 0.3512651125617072,
      "median_abs_epsilon_ECOLI": 0.5472510655737164,
      "median_abs_epsilon_HUMAN": 0.17385164897372185,
      "median_abs_epsilon_YEAST": 0.33269262313768344,
      "mean_abs_epsilon_global": 0.30415906064256354,
      "mean_abs_epsilon_eq_species": 0.4536612323156835,
      "mean_abs_epsilon_ECOLI": 0.6835209185289619,
      "mean_abs_epsilon_HUMAN": 0.25535246620610325,
      "mean_abs_epsilon_YEAST": 0.4221103122119854,
      "median_log2_empirical_ECOLI": -1.4825032551954935,
      "median_log2_empirical_HUMAN": 0.01137479145725706,
      "median_log2_empirical_YEAST": 0.7275258700034346,
      "median_abs_epsilon_precision_global": 0.19454121590058726,
      "median_abs_epsilon_precision_eq_species": 0.2746584680410343,
      "median_abs_epsilon_precision_ECOLI": 0.3913631439396541,
      "median_abs_epsilon_precision_HUMAN": 0.17410786947368528,
      "median_abs_epsilon_precision_YEAST": 0.2585043907097635,
      "mean_log2_empirical_ECOLI": -1.3986900459083496,
      "mean_log2_empirical_HUMAN": 0.013530083419731387,
      "mean_log2_empirical_YEAST": 0.6953115275092527,
      "mean_abs_epsilon_precision_global": 0.2819201112223605,
      "mean_abs_epsilon_precision_eq_species": 0.36572468957380405,
      "mean_abs_epsilon_precision_ECOLI": 0.49799110544901226,
      "mean_abs_epsilon_precision_HUMAN": 0.2551226625764537,
      "mean_abs_epsilon_precision_YEAST": 0.3440603006959462,
      "CV_median": 0.15089183186615884,
      "CV_q75": 0.28448814653294197,
      "CV_q90": 0.41144743140072815,
      "CV_q95": 0.5039243065446639,
      "roc_auc": 0.8834377725821951,
      "roc_auc_directional": 0.9256232571014262,
      "nr_prec": 105958,
      "nr_prec_HUMAN": 83728,
      "nr_prec_YEAST": 16628,
      "nr_prec_ECOLI": 5602,
      "variance_epsilon_global": 0.19801860508166164
    },
    "4": {
      "median_abs_epsilon_global": 0.21200037004269845,
      "median_abs_epsilon_eq_species": 0.378077507012228,
      "median_abs_epsilon_ECOLI": 0.6137191454660842,
      "median_abs_epsilon_HUMAN": 0.17706362403185416,
      "median_abs_epsilon_YEAST": 0.3434497515387456,
      "mean_abs_epsilon_global": 0.31992790333293003,
      "mean_abs_epsilon_eq_species": 0.4870067747265388,
      "mean_abs_epsilon_ECOLI": 0.760129940134165,
      "mean_abs_epsilon_HUMAN": 0.26090409975831236,
      "mean_abs_epsilon_YEAST": 0.43998628428713926,
      "median_log2_empirical_ECOLI": -1.4124976793902633,
      "median_log2_empirical_HUMAN": 0.011545817042764028,
      "median_log2_empirical_YEAST": 0.7193517684941835,
      "median_abs_epsilon_precision_global": 0.2009664376424789,
      "median_abs_epsilon_precision_eq_species": 0.2879005008400031,
      "median_abs_epsilon_precision_ECOLI": 0.4193147023755426,
      "median_abs_epsilon_precision_HUMAN": 0.17731094358773536,
      "median_abs_epsilon_precision_YEAST": 0.2670758565567315,
      "mean_log2_empirical_ECOLI": -1.3178742320119703,
      "mean_log2_empirical_HUMAN": 0.0141515331770956,
      "mean_log2_empirical_YEAST": 0.6802258531470763,
      "mean_abs_epsilon_precision_global": 0.2936315016122828,
      "mean_abs_epsilon_precision_eq_species": 0.38772748489418446,
      "mean_abs_epsilon_precision_ECOLI": 0.5432970168695007,
      "mean_abs_epsilon_precision_HUMAN": 0.2606730150964608,
      "mean_abs_epsilon_precision_YEAST": 0.35921242271659176,
      "CV_median": 0.15278250033796495,
      "CV_q75": 0.28722974321183625,
      "CV_q90": 0.41625352048645414,
      "CV_q95": 0.5107304109953217,
      "roc_auc": 0.8764106153789185,
      "roc_auc_directional": 0.9105293746931516,
      "nr_prec": 110188,
      "nr_prec_HUMAN": 85820,
      "nr_prec_YEAST": 17684,
      "nr_prec_ECOLI": 6684,
      "variance_epsilon_global": 0.22557972847818372
    },
    "3": {
      "median_abs_epsilon_global": 0.2142380078700583,
      "median_abs_epsilon_eq_species": 0.3831591076353937,
      "median_abs_epsilon_ECOLI": 0.6224816640211142,
      "median_abs_epsilon_HUMAN": 0.1789553960294601,
      "median_abs_epsilon_YEAST": 0.34804026285560674,
      "mean_abs_epsilon_global": 0.3253855340246403,
      "mean_abs_epsilon_eq_species": 0.49523638052155833,
      "mean_abs_epsilon_ECOLI": 0.7721086499778299,
      "mean_abs_epsilon_HUMAN": 0.26489717055858447,
      "mean_abs_epsilon_YEAST": 0.4487033210282607,
      "median_log2_empirical_ECOLI": -1.403991858178185,
      "median_log2_empirical_HUMAN": 0.01175530749073772,
      "median_log2_empirical_YEAST": 0.7165234883638298,
      "median_abs_epsilon_precision_global": 0.20324436823160408,
      "median_abs_epsilon_precision_eq_species": 0.2912917137189976,
      "median_abs_epsilon_precision_ECOLI": 0.42385689416175065,
      "median_abs_epsilon_precision_HUMAN": 0.17913564048537722,
      "median_abs_epsilon_precision_YEAST": 0.27088260650986484,
      "mean_log2_empirical_ECOLI": -1.305058527545648,
      "mean_log2_empirical_HUMAN": 0.015049228987184776,
      "mean_log2_empirical_YEAST": 0.6729632384284874,
      "mean_abs_epsilon_precision_global": 0.2986660896153417,
      "mean_abs_epsilon_precision_eq_species": 0.3944731222836391,
      "mean_abs_epsilon_precision_ECOLI": 0.5513887876514418,
      "mean_abs_epsilon_precision_HUMAN": 0.2646679345306345,