{
  "old_new": "new",
  "id": "AlphaDIA_20250610_091313",
  "software_name": "AlphaDIA",
  "software_version": "1.10.3",
  "search_engine": "AlphaDIA",
  "search_engine_version": NaN,
  "ident_fdr_psm": "0.01",
  "ident_fdr_peptide": NaN,
  "ident_fdr_protein": "0.01",
  "enable_match_between_runs": true,
  "precursor_mass_tolerance": "[-10 ppm, 10 ppm]",
  "fragment_mass_tolerance": "[-15 ppm, 15 ppm]",
  "enzyme": "trypsin/p ",
  "allowed_miscleavages": "1",
  "min_peptide_length": "6",
  "max_peptide_length": "30",
  "is_temporary": false,
  "intermediate_hash": "40e7248950fb9c487f3f7903b5a53068280acfee",
  "results": {
    "6": {
      "median_abs_epsilon": 0.19034147262682666,
      "mean_abs_epsilon": 0.28849499247638855,
      "variance_epsilon": 0.1779396193974656,
      "nr_prec": 68910,
      "CV_median": 0.12537776887228674,
      "CV_q90": 0.3878123510618349,
      "CV_q75": 0.256085057007301,
      "CV_q95": 0.48757265577687703
    },
    "5": {
      "median_abs_epsilon": 0.20312245686935704,
      "mean_abs_epsilon": 0.3079967286141755,
      "variance_epsilon": 0.20110113317513803,
      "nr_prec": 78392,
      "CV_median": 0.1327885705819946,
      "CV_q90": 0.4046300844469919,
      "CV_q75": 0.2685697644172657,
      "CV_q95": 0.5129201205719667
    },
    "4": {
      "median_abs_epsilon": 0.2065728505481914,
      "mean_abs_epsilon": 0.31617031322487077,
      "variance_epsilon": 0.21533176440934196,
      "nr_prec": 80115,
      "CV_median": 0.13404115495881497,
      "CV_q90": 0.4084266416605322,
      "CV_q75": 0.271054320238611,
      "CV_q95": 0.520557993703491
    },
    "3": {
      "median_abs_epsilon": 0.20754686990969162,
      "mean_abs_epsilon": 0.3187926327403679,
      "variance_epsilon": 0.221235617815209,
      "nr_prec": 80697,
      "CV_median": 0.1342596119387184,
      "CV_q90": 0.4094051156794852,
      "CV_q75": 0.27149776577538776,
      "CV_q95": 0.5222609215501427
    },
    "2": {
      "median_abs_epsilon": 0.2077223459856512,
      "mean_abs_epsilon": 0.31964431690192446,
      "variance_epsilon": 0.22610556025703735,
      "nr_prec": 80864,
      "CV_median": 0.1343019332248438,
      "CV_q90": 0.4097749529678103,
      "CV_q75": 0.2715941736116889,
      "CV_q95": 0.5229262041314761
    },
    "1": {
      "median_abs_epsilon": 0.2077223459856512,
      "mean_abs_epsilon": 0.31964431690192446,
      "variance_epsilon": 0.22610556025703735,
      "nr_prec": 80864,
      "CV_median": 0.1343019332248438,
      "CV_q90": 0.4097749529678103,
      "CV_q75": 0.2715941736116889,
      "CV_q95": 0.5229262041314761
    }
  },
  "median_abs_epsilon": 0.20754686990969162,
  "mean_abs_epsilon": 0.3187926327403679,
  "nr_prec": 80697,
  "comments": "",
  "proteobench_version": "0.8.22",
  "color": "#4daf4a",
  "hover_text": "ProteoBench ID: AlphaDIA_20250610_091313<br>Software tool: AlphaDIA <br>Comment (private submission): ...",
  "scatter_size": 20,
  "fixed_mods": "Carbamidomethyl@C",
  "variable_mods": "Oxidation@M;Acetyl@Protein_N-term",
  "max_mods": "1 ",
  "min_precursor_charge": "1",
  "max_precursor_charge": "4",
  "quantification_method": "DirectLFQ",
  "protein_inference": "heuristic",
  "abundance_normalization_ions": NaN,
  "submission_comments": "\n\n ### Parameter changes detected:\n- **ident_fdr_peptide**: `None` \u2192 `nan`\n- **abundance_normalization_ions**: `None` \u2192 `nan`\n- **search_engine_version**: `None` \u2192 `nan`\n\nDataset URL: https://proteobench.cubimed.rub.de/datasets/40e7248950fb9c487f3f7903b5a53068280acfee/"
}