{
  "old_new": "new",
  "id": "AlphaDIA_20250610_091313",
  "software_name": "AlphaDIA",
  "software_version": "1.10.3",
  "search_engine": "AlphaDIA",
  "search_engine_version": NaN,
  "ident_fdr_psm": "0.01",
  "ident_fdr_peptide": NaN,
  "ident_fdr_protein": "0.01",
  "enable_match_between_runs": true,
  "precursor_mass_tolerance": "[-10 ppm, 10 ppm]",
  "fragment_mass_tolerance": "[-15 ppm, 15 ppm]",
  "enzyme": "trypsin/p ",
  "allowed_miscleavages": "1",
  "min_peptide_length": 6,
  "max_peptide_length": 30,
  "is_temporary": false,
  "intermediate_hash": "40e7248950fb9c487f3f7903b5a53068280acfee",
  "results": {
    "6": {
      "median_abs_epsilon_global": 0.19004313151037877,
      "median_abs_epsilon_eq_species": 0.29569265577132775,
      "median_abs_epsilon_ECOLI": 0.3900407155292651,
      "median_abs_epsilon_HUMAN": 0.16599400838241962,
      "median_abs_epsilon_YEAST": 0.3310432434022985,
      "mean_abs_epsilon_global": 0.2877677854891451,
      "mean_abs_epsilon_eq_species": 0.39860784171200314,
      "mean_abs_epsilon_ECOLI": 0.5155026807385876,
      "mean_abs_epsilon_HUMAN": 0.25134983856830695,
      "mean_abs_epsilon_YEAST": 0.42897100582911485,
      "median_log2_empirical_ECOLI": -1.7130756378198022,
      "median_log2_empirical_HUMAN": -0.07346852620573685,
      "median_log2_empirical_YEAST": 0.7056881586840902,
      "median_abs_epsilon_precision_global": 0.16655476887203946,
      "median_abs_epsilon_precision_eq_species": 0.23522366417999999,
      "median_abs_epsilon_precision_ECOLI": 0.3295046488525806,
      "median_abs_epsilon_precision_HUMAN": 0.15237935385151502,
      "median_abs_epsilon_precision_YEAST": 0.2237869898359044,
      "mean_log2_empirical_ECOLI": -1.6376239718177095,
      "mean_log2_empirical_HUMAN": -0.09224868871082953,
      "mean_log2_empirical_YEAST": 0.658655510203865,
      "mean_abs_epsilon_precision_global": 0.2618230579754343,
      "mean_abs_epsilon_precision_eq_species": 0.33568346521245557,
      "mean_abs_epsilon_precision_ECOLI": 0.4428424446756896,
      "mean_abs_epsilon_precision_HUMAN": 0.2409461027548547,
      "mean_abs_epsilon_precision_YEAST": 0.3232618482068223,
      "CV_median": 0.12546379440833638,
      "CV_q75": 0.2559891476619217,
      "CV_q90": 0.38728444352096236,
      "CV_q95": 0.48649133083905516,
      "roc_auc": 0.8974487891592566,
      "roc_auc_directional": 0.9464343480743638,
      "nr_prec": 68537,
      "nr_prec_HUMAN": 56165,
      "nr_prec_YEAST": 8923,
      "nr_prec_ECOLI": 3449,
      "variance_epsilon_global": 0.17653030611738688
    },
    "5": {
      "median_abs_epsilon_global": 0.2029317219976825,
      "median_abs_epsilon_eq_species": 0.3196697764633181,
      "median_abs_epsilon_ECOLI": 0.43096160886928203,
      "median_abs_epsilon_HUMAN": 0.17355616887094882,
      "median_abs_epsilon_YEAST": 0.35449155164972357,
      "mean_abs_epsilon_global": 0.3074076118436626,
      "mean_abs_epsilon_eq_species": 0.4295041027395811,
      "mean_abs_epsilon_ECOLI": 0.5764683289124026,
      "mean_abs_epsilon_HUMAN": 0.2626466895123616,
      "mean_abs_epsilon_YEAST": 0.4493972897939792,
      "median_log2_empirical_ECOLI": -1.649874369310723,
      "median_log2_empirical_HUMAN": -0.07424100239750508,
      "median_log2_empirical_YEAST": 0.6881097157590226,
      "median_abs_epsilon_precision_global": 0.17863591512303678,
      "median_abs_epsilon_precision_eq_species": 0.25522020128634004,
      "median_abs_epsilon_precision_ECOLI": 0.36622174583077793,
      "median_abs_epsilon_precision_HUMAN": 0.16022586822407803,
      "median_abs_epsilon_precision_YEAST": 0.23921298980416417,
      "mean_log2_empirical_ECOLI": -1.5629264643788467,
      "mean_log2_empirical_HUMAN": -0.09325488210943429,
      "mean_log2_empirical_YEAST": 0.643334756527724,
      "mean_abs_epsilon_precision_global": 0.2778434516175606,
      "mean_abs_epsilon_precision_eq_species": 0.3581482265209723,
      "mean_abs_epsilon_precision_ECOLI": 0.4833774255053924,
      "mean_abs_epsilon_precision_HUMAN": 0.25256999384071915,
      "mean_abs_epsilon_precision_YEAST": 0.33849726021680526,
      "CV_median": 0.13286554488770755,
      "CV_q75": 0.26852172174488753,
      "CV_q90": 0.4044031382279075,
      "CV_q95": 0.5123211987163172,
      "roc_auc": 0.8814500919095114,
      "roc_auc_directional": 0.9354857023881791,
      "nr_prec": 78005,
      "nr_prec_HUMAN": 62182,
      "nr_prec_YEAST": 11600,
      "nr_prec_ECOLI": 4223,
      "variance_epsilon_global": 0.1999413090585345
    },
    "4": {
      "median_abs_epsilon_global": 0.2063442865983589,
      "median_abs_epsilon_eq_species": 0.3307987584049566,
      "median_abs_epsilon_ECOLI": 0.4582254886661845,
      "median_abs_epsilon_HUMAN": 0.1756420135599157,
      "median_abs_epsilon_YEAST": 0.3585287729887696,
      "mean_abs_epsilon_global": 0.31563177138843035,
      "mean_abs_epsilon_eq_species": 0.4459611903988619,
      "mean_abs_epsilon_ECOLI": 0.61202442902522,
      "mean_abs_epsilon_HUMAN": 0.26683276030943315,
      "mean_abs_epsilon_YEAST": 0.4590263818619325,
      "median_log2_empirical_ECOLI": -1.624708334600891,
      "median_log2_empirical_HUMAN": -0.0743287404316817,
      "median_log2_empirical_YEAST": 0.683203379301851,
      "median_abs_epsilon_precision_global": 0.18216848374617634,
      "median_abs_epsilon_precision_eq_species": 0.263339731427284,
      "median_abs_epsilon_precision_ECOLI": 0.3835695584597989,
      "median_abs_epsilon_precision_HUMAN": 0.16245269776637983,
      "median_abs_epsilon_precision_YEAST": 0.24399693805567324,
      "mean_log2_empirical_ECOLI": -1.5325803198501669,
      "mean_log2_empirical_HUMAN": -0.09331577944093192,
      "mean_log2_empirical_YEAST": 0.6349845081996821,
      "mean_abs_epsilon_precision_global": 0.285091947792346,
      "mean_abs_epsilon_precision_eq_species": 0.37165370913543055,
      "mean_abs_epsilon_precision_ECOLI": 0.5109487279644535,
      "mean_abs_epsilon_precision_HUMAN": 0.25680669904618125,
      "mean_abs_epsilon_precision_YEAST": 0.34720570039565696,
      "CV_median": 0.13411827815577723,
      "CV_q75": 0.27103065837277196,
      "CV_q90": 0.4081492448573708,
      "CV_q95": 0.5199399018325246,
      "roc_auc": 0.877254820009159,
      "roc_auc_directional": 0.9285786506117907,
      "nr_prec": 79724,
      "nr_prec_HUMAN": 63169,
      "nr_prec_YEAST": 11923,
      "nr_prec_ECOLI": 4632,
      "variance_epsilon_global": 0.2142637955791632
    },
    "3": {
      "median_abs_epsilon_global": 0.2073114315718847,
      "median_abs_epsilon_eq_species": 0.33398681217423726,
      "median_abs_epsilon_ECOLI": 0.466643174487988,
      "median_abs_epsilon_HUMAN": 0.17620340983349436,
      "median_abs_epsilon_YEAST": 0.3591138522012294,
      "mean_abs_epsilon_global": 0.31824148515392897,
      "mean_abs_epsilon_eq_species": 0.45066146702640414,
      "mean_abs_epsilon_ECOLI": 0.6226132189548703,
      "mean_abs_epsilon_HUMAN": 0.26873560202384694,
      "mean_abs_epsilon_YEAST": 0.460635580100495,
      "median_log2_empirical_ECOLI": -1.6176702181702423,
      "median_log2_empirical_HUMAN": -0.07414627074604851,
      "median_log2_empirical_YEAST": 0.6828091939254932,
      "median_abs_epsilon_precision_global": 0.18318271637688,
      "median_abs_epsilon_precision_eq_species": 0.2655597262948171,
      "median_abs_epsilon_precision_ECOLI": 0.38902219136228844,
      "median_abs_epsilon_precision_HUMAN": 0.16308593751032419,
      "median_abs_epsilon_precision_YEAST": 0.24457105001183876,
      "mean_log2_empirical_ECOLI": -1.52091925557864,
      "mean_log2_empirical_HUMAN": -0.09303214203189517,
      "mean_log2_empirical_YEAST": 0.6337569874825645,
      "mean_abs_epsilon_precision_global": 0.2876068128940085,
      "mean_abs_epsilon_precision_eq_species": 0.3756428253179793,
      "mean_abs_epsilon_precision_ECOLI": 0.5192373705202565,
      "mean_abs_epsilon_precision_HUMAN": 0.25879997485609213,