{
  "old_new": "new",
  "id": "PEAKS_20260309_100753",
  "software_name": "PEAKS",
  "software_version": "13 20250520",
  "search_engine": "PEAKS",
  "search_engine_version": "13 20250520",
  "ident_fdr_psm": "1.0%",
  "ident_fdr_peptide": "1.0%",
  "ident_fdr_protein": null,
  "enable_match_between_runs": true,
  "precursor_mass_tolerance": "Auto Detected",
  "fragment_mass_tolerance": "Auto Detected",
  "enzyme": "Trypsin/P",
  "allowed_miscleavages": 1,
  "min_peptide_length": 6,
  "max_peptide_length": 30,
  "is_temporary": false,
  "intermediate_hash": "4b7e8a640df855e4bee95b225c8560b188ee63f5",
  "results": {
    "6": {
      "median_abs_epsilon_global": 0.14787530953930705,
      "median_abs_epsilon_eq_species": 0.24242651059245604,
      "median_abs_epsilon_ECOLI": 0.3649096501054174,
      "median_abs_epsilon_HUMAN": 0.13290690490981483,
      "median_abs_epsilon_YEAST": 0.2294629767621359,
      "mean_abs_epsilon_global": 0.20629851844129374,
      "mean_abs_epsilon_eq_species": 0.29811742042366884,
      "mean_abs_epsilon_ECOLI": 0.4223328610565539,
      "mean_abs_epsilon_HUMAN": 0.18275656135414034,
      "mean_abs_epsilon_YEAST": 0.28926283886031234,
      "median_log2_empirical_ECOLI": -1.6404763601319239,
      "median_log2_empirical_HUMAN": 0.018779200146505914,
      "median_log2_empirical_YEAST": 0.7994863359457529,
      "median_abs_epsilon_precision_global": 0.1359045359776001,
      "median_abs_epsilon_precision_eq_species": 0.15446718294807069,
      "median_abs_epsilon_precision_ECOLI": 0.1710675379530091,
      "median_abs_epsilon_precision_HUMAN": 0.13086359247513002,
      "median_abs_epsilon_precision_YEAST": 0.1614704184160729,
      "mean_log2_empirical_ECOLI": -1.609802153869869,
      "mean_log2_empirical_HUMAN": 0.009187767387341332,
      "mean_log2_empirical_YEAST": 0.7753538557667932,
      "mean_abs_epsilon_precision_global": 0.19023053738717194,
      "mean_abs_epsilon_precision_eq_species": 0.21822655018614925,
      "mean_abs_epsilon_precision_ECOLI": 0.2502000593709447,
      "mean_abs_epsilon_precision_HUMAN": 0.18218334788291474,
      "mean_abs_epsilon_precision_YEAST": 0.22229624330458836,
      "CV_median": 0.11424341621223702,
      "CV_q75": 0.18476525654865347,
      "CV_q90": 0.2789907203203553,
      "CV_q95": 0.35269346485370673,
      "roc_auc": 0.9636802553980568,
      "roc_auc_directional": 0.9800838161416605,
      "nr_prec": 71389,
      "nr_prec_HUMAN": 58899,
      "nr_prec_YEAST": 9857,
      "nr_prec_ECOLI": 2633,
      "variance_epsilon_global": 0.08666792316859528
    },
    "5": {
      "median_abs_epsilon_global": 0.15679571667733416,
      "median_abs_epsilon_eq_species": 0.25218125623586235,
      "median_abs_epsilon_ECOLI": 0.3744873651768863,
      "median_abs_epsilon_HUMAN": 0.14020787654732203,
      "median_abs_epsilon_YEAST": 0.24184852698337878,
      "mean_abs_epsilon_global": 0.22012334454221422,
      "mean_abs_epsilon_eq_species": 0.3156405970816516,
      "mean_abs_epsilon_ECOLI": 0.4454608071902365,
      "mean_abs_epsilon_HUMAN": 0.19484991252029263,
      "mean_abs_epsilon_YEAST": 0.3066110715344257,
      "median_log2_empirical_ECOLI": -1.6321791109984582,
      "median_log2_empirical_HUMAN": 0.01754951426809548,
      "median_log2_empirical_YEAST": 0.7903216538791327,
      "median_abs_epsilon_precision_global": 0.14410698876005323,
      "median_abs_epsilon_precision_eq_species": 0.1640953259554537,
      "median_abs_epsilon_precision_ECOLI": 0.18190835209544076,
      "median_abs_epsilon_precision_HUMAN": 0.13882501814998527,
      "median_abs_epsilon_precision_YEAST": 0.17155260762093505,
      "mean_log2_empirical_ECOLI": -1.5915509584398086,
      "mean_log2_empirical_HUMAN": 0.008408550349186321,
      "mean_log2_empirical_YEAST": 0.7630532010440548,
      "mean_abs_epsilon_precision_global": 0.20338263110597926,
      "mean_abs_epsilon_precision_eq_species": 0.2345805645173332,
      "mean_abs_epsilon_precision_ECOLI": 0.27201381192369795,
      "mean_abs_epsilon_precision_HUMAN": 0.19437843384205733,
      "mean_abs_epsilon_precision_YEAST": 0.23734944778624434,
      "CV_median": 0.117766912736218,
      "CV_q75": 0.19321399706103987,
      "CV_q90": 0.2945633931093654,
      "CV_q95": 0.3734105111380617,
      "roc_auc": 0.954632037661377,
      "roc_auc_directional": 0.9748288957007568,
      "nr_prec": 81432,
      "nr_prec_HUMAN": 66871,
      "nr_prec_YEAST": 11459,
      "nr_prec_ECOLI": 3102,
      "variance_epsilon_global": 0.10005263336755406
    },
    "4": {
      "median_abs_epsilon_global": 0.16130530502293716,
      "median_abs_epsilon_eq_species": 0.2596325581845524,
      "median_abs_epsilon_ECOLI": 0.3846258740005011,
      "median_abs_epsilon_HUMAN": 0.14400995730168908,
      "median_abs_epsilon_YEAST": 0.25026184325146694,
      "mean_abs_epsilon_global": 0.2291241711886689,
      "mean_abs_epsilon_eq_species": 0.3288763804504488,
      "mean_abs_epsilon_ECOLI": 0.4647737590121102,
      "mean_abs_epsilon_HUMAN": 0.20243609717490718,
      "mean_abs_epsilon_YEAST": 0.3194192851643289,
      "median_log2_empirical_ECOLI": -1.6246737676947696,
      "median_log2_empirical_HUMAN": 0.017081854034756816,
      "median_log2_empirical_YEAST": 0.7826158258632727,
      "median_abs_epsilon_precision_global": 0.14874884486596152,
      "median_abs_epsilon_precision_eq_species": 0.17027972470699174,
      "median_abs_epsilon_precision_ECOLI": 0.18997059265677319,
      "median_abs_epsilon_precision_HUMAN": 0.14275766351986086,
      "median_abs_epsilon_precision_YEAST": 0.1781109179443412,
      "mean_log2_empirical_ECOLI": -1.5759906606097178,
      "mean_log2_empirical_HUMAN": 0.008533546056024462,
      "mean_log2_empirical_YEAST": 0.7528790627213374,
      "mean_abs_epsilon_precision_global": 0.21182773385153744,
      "mean_abs_epsilon_precision_eq_species": 0.2461142760380488,
      "mean_abs_epsilon_precision_ECOLI": 0.2884624445669342,
      "mean_abs_epsilon_precision_HUMAN": 0.20198753298720742,
      "mean_abs_epsilon_precision_YEAST": 0.24789285056000473,
      "CV_median": 0.118930343972282,
      "CV_q75": 0.19602420962441672,
      "CV_q90": 0.2999968446506247,
      "CV_q95": 0.38088972482105443,
      "roc_auc": 0.9464562943043482,
      "roc_auc_directional": 0.9702107977994185,
      "nr_prec": 85983,
      "nr_prec_HUMAN": 70470,
      "nr_prec_YEAST": 12211,
      "nr_prec_ECOLI": 3302,
      "variance_epsilon_global": 0.1103557737976852
    },
    "3": {
      "median_abs_epsilon_global": 0.16335953605988784,
      "median_abs_epsilon_eq_species": 0.26116549851750887,
      "median_abs_epsilon_ECOLI": 0.38533248715970814,
      "median_abs_epsilon_HUMAN": 0.14577860609335147,
      "median_abs_epsilon_YEAST": 0.25238540229946693,
      "mean_abs_epsilon_global": 0.2333311140102883,
      "mean_abs_epsilon_eq_species": 0.3330081531174458,
      "mean_abs_epsilon_ECOLI": 0.4681989533074926,
      "mean_abs_epsilon_HUMAN": 0.20691009785192568,
      "mean_abs_epsilon_YEAST": 0.32391540819291903,
      "median_log2_empirical_ECOLI": -1.623864195812338,
      "median_log2_empirical_HUMAN": 0.01717775647737696,
      "median_log2_empirical_YEAST": 0.7798070903843044,
      "median_abs_epsilon_precision_global": 0.15063527496843854,
      "median_abs_epsilon_precision_eq_species": 0.17140793605555635,
      "median_abs_epsilon_precision_ECOLI": 0.19037616292943582,
      "median_abs_epsilon_precision_HUMAN": 0.14460087291958956,
      "median_abs_epsilon_precision_YEAST": 0.17924677231764363,
      "mean_log2_empirical_ECOLI": -1.5726845166900614,
      "mean_log2_empirical_HUMAN": 0.009074039436708098,
      "mean_log2_empirical_YEAST": 0.7490352304699351,
      "mean_abs_epsilon_precision_global": 0.21604777503677022,
      "mean_abs_epsilon_precision_eq_species": 0.24991895276755635,
      "mean_abs_epsilon_precision_ECOLI": 0.2917529815332432,
      "mean_abs_epsilon_precision_HUMAN": 0.20644340777742654,