{
  "old_new": "new",
  "id": "DIA-NN_20260430_133653",
  "software_name": "DIA-NN",
  "software_version": "2.5.0 Academia ",
  "search_engine": "DIA-NN",
  "search_engine_version": "2.5.0 Academia ",
  "ident_fdr_psm": "0.01",
  "ident_fdr_peptide": NaN,
  "ident_fdr_protein": NaN,
  "enable_match_between_runs": true,
  "precursor_mass_tolerance": "[-20.0 ppm, 20.0 ppm]",
  "fragment_mass_tolerance": "[-20.0 ppm, 20.0 ppm]",
  "enzyme": "Trypsin/P",
  "allowed_miscleavages": "2",
  "min_peptide_length": "7",
  "max_peptide_length": "30",
  "is_temporary": false,
  "intermediate_hash": "4f349d5e4b23cb7d02a2af8f75003554b9b0a7a3",
  "results": {
    "6": {
      "median_abs_epsilon_global": 0.11569976806640625,
      "median_abs_epsilon_eq_species": 0.18006102244059244,
      "median_abs_epsilon_ECOLI": 0.26198720932006836,
      "median_abs_epsilon_HUMAN": 0.10086727142333984,
      "median_abs_epsilon_YEAST": 0.17732858657836914,
      "mean_abs_epsilon_global": 0.1755459462896237,
      "mean_abs_epsilon_eq_species": 0.25336841226116286,
      "mean_abs_epsilon_ECOLI": 0.37554882785660537,
      "mean_abs_epsilon_HUMAN": 0.1491440450964465,
      "mean_abs_epsilon_YEAST": 0.23541236383043673,
      "median_log2_empirical_ECOLI": -1.7634520530700684,
      "median_log2_empirical_HUMAN": 0.00664520263671875,
      "median_log2_empirical_YEAST": 0.8527803421020508,
      "median_abs_epsilon_precision_global": 0.10976409912109375,
      "median_abs_epsilon_precision_eq_species": 0.15047184626261392,
      "median_abs_epsilon_precision_ECOLI": 0.21049118041992188,
      "median_abs_epsilon_precision_HUMAN": 0.1001424789428711,
      "median_abs_epsilon_precision_YEAST": 0.14078187942504883,
      "mean_log2_empirical_ECOLI": -1.6841632636957224,
      "mean_log2_empirical_HUMAN": -0.006116713298707327,
      "mean_log2_empirical_YEAST": 0.8258976635108927,
      "mean_abs_epsilon_precision_global": 0.16506056438222794,
      "mean_abs_epsilon_precision_eq_species": 0.2156250616944193,
      "mean_abs_epsilon_precision_ECOLI": 0.3042111188105669,
      "mean_abs_epsilon_precision_HUMAN": 0.14948493136098942,
      "mean_abs_epsilon_precision_YEAST": 0.19317913491170155,
      "CV_median": 0.08954067535422477,
      "CV_q75": 0.15453845378591632,
      "CV_q90": 0.24120945399311625,
      "CV_q95": 0.31110052340692146,
      "variance_epsilon_global": 0.0686260243630523,
      "nr_prec": 87333,
      "roc_auc": 0.9818641624232485
    },
    "5": {
      "median_abs_epsilon_global": 0.12137603759765625,
      "median_abs_epsilon_eq_species": 0.19737911224365234,
      "median_abs_epsilon_ECOLI": 0.29978275299072266,
      "median_abs_epsilon_HUMAN": 0.10454940795898438,
      "median_abs_epsilon_YEAST": 0.18780517578125,
      "mean_abs_epsilon_global": 0.18788307469730284,
      "mean_abs_epsilon_eq_species": 0.277122621590717,
      "mean_abs_epsilon_ECOLI": 0.4256332951690514,
      "mean_abs_epsilon_HUMAN": 0.15604666722784574,
      "mean_abs_epsilon_YEAST": 0.2496879023752538,
      "median_log2_empirical_ECOLI": -1.7303438186645508,
      "median_log2_empirical_HUMAN": 0.006741523742675781,
      "median_log2_empirical_YEAST": 0.8449268341064453,
      "median_abs_epsilon_precision_global": 0.11555957794189453,
      "median_abs_epsilon_precision_eq_species": 0.16286643346150717,
      "median_abs_epsilon_precision_ECOLI": 0.2355823516845703,
      "median_abs_epsilon_precision_HUMAN": 0.1038823127746582,
      "median_abs_epsilon_precision_YEAST": 0.14913463592529297,
      "mean_log2_empirical_ECOLI": -1.6331840669921556,
      "mean_log2_empirical_HUMAN": -0.0049768666211161515,
      "mean_log2_empirical_YEAST": 0.8153506490329394,
      "mean_abs_epsilon_precision_global": 0.17559519961287562,
      "mean_abs_epsilon_precision_eq_species": 0.23420322562480445,
      "mean_abs_epsilon_precision_ECOLI": 0.34112564991799305,
      "mean_abs_epsilon_precision_HUMAN": 0.1563025264281399,
      "mean_abs_epsilon_precision_YEAST": 0.2051815005282804,
      "CV_median": 0.09232196833821694,
      "CV_q75": 0.1602334901493591,
      "CV_q90": 0.252230725079863,
      "CV_q95": 0.3254489462299244,
      "variance_epsilon_global": 0.08105926970024334,
      "nr_prec": 94485,
      "roc_auc": 0.9769656414558602
    },
    "4": {
      "median_abs_epsilon_global": 0.12553024291992188,
      "median_abs_epsilon_eq_species": 0.20748122533162436,
      "median_abs_epsilon_ECOLI": 0.3200492858886719,
      "median_abs_epsilon_HUMAN": 0.10716438293457031,
      "median_abs_epsilon_YEAST": 0.19523000717163086,
      "mean_abs_epsilon_global": 0.1975233193704825,
      "mean_abs_epsilon_eq_species": 0.294895937397785,
      "mean_abs_epsilon_ECOLI": 0.45982967897835836,
      "mean_abs_epsilon_HUMAN": 0.16159016325311815,
      "mean_abs_epsilon_YEAST": 0.26326796996187846,
      "median_log2_empirical_ECOLI": -1.7046175003051758,
      "median_log2_empirical_HUMAN": 0.007100105285644531,
      "median_log2_empirical_YEAST": 0.8383884429931641,
      "median_abs_epsilon_precision_global": 0.1197061538696289,
      "median_abs_epsilon_precision_eq_species": 0.1724832852681478,
      "median_abs_epsilon_precision_ECOLI": 0.25541162490844727,
      "median_abs_epsilon_precision_HUMAN": 0.1066598892211914,
      "median_abs_epsilon_precision_YEAST": 0.1553783416748047,
      "mean_log2_empirical_ECOLI": -1.6002399841513149,
      "mean_log2_empirical_HUMAN": -0.0038549127882333673,
      "mean_log2_empirical_YEAST": 0.8050636089348343,
      "mean_abs_epsilon_precision_global": 0.18416694361106012,
      "mean_abs_epsilon_precision_eq_species": 0.2492254346415267,
      "mean_abs_epsilon_precision_ECOLI": 0.36872211778336944,
      "mean_abs_epsilon_precision_HUMAN": 0.16177765264208352,
      "mean_abs_epsilon_precision_YEAST": 0.2171765334991271,
      "CV_median": 0.09327304647597635,
      "CV_q75": 0.16255244040529448,
      "CV_q90": 0.2559571515003899,
      "CV_q95": 0.3309193290873583,
      "variance_epsilon_global": 0.09201565463378024,
      "nr_prec": 99075,
      "roc_auc": 0.9715050981493717
    },
    "3": {
      "median_abs_epsilon_global": 0.12810420989990234,
      "median_abs_epsilon_eq_species": 0.21122566858927408,
      "median_abs_epsilon_ECOLI": 0.32368993759155273,
      "median_abs_epsilon_HUMAN": 0.10933876037597656,
      "median_abs_epsilon_YEAST": 0.20064830780029297,
      "mean_abs_epsilon_global": 0.20317025637505995,
      "mean_abs_epsilon_eq_species": 0.3019924643123637,
      "mean_abs_epsilon_ECOLI": 0.46711586945305317,
      "mean_abs_epsilon_HUMAN": 0.16659631654792204,
      "mean_abs_epsilon_YEAST": 0.27226520693611583,
      "median_log2_empirical_ECOLI": -1.7017145156860352,
      "median_log2_empirical_HUMAN": 0.0073413848876953125,
      "median_log2_empirical_YEAST": 0.8345565795898438,
      "median_abs_epsilon_precision_global": 0.12229442596435547,
      "median_abs_epsilon_precision_eq_species": 0.17577139536539713,
      "median_abs_epsilon_precision_ECOLI": 0.2590045928955078,
      "median_abs_epsilon_precision_HUMAN": 0.10868263244628906,
      "median_abs_epsilon_precision_YEAST": 0.15962696075439453,
      "mean_log2_empirical_ECOLI": -1.5928959408232652,
      "mean_log2_empirical_HUMAN": -0.0024952818473898937,
      "mean_log2_empirical_YEAST": 0.7986097521333632,
      "mean_abs_epsilon_precision_global": 0.1895529296267243,
      "mean_abs_epsilon_precision_eq_species": 0.25563553037723363,
      "mean_abs_epsilon_precision_ECOLI": 0.3751385254526173,
      "mean_abs_epsilon_precision_HUMAN": 0.1667098297585973,
      "mean_abs_epsilon_precision_YEAST": 0.22505823592048638,
      "CV_median": 0.09384157196211504,
      "CV_q75": 0.16379475891456935,
      "CV_q90": 0.2584594429391826,
      "CV_q95": 0.33416214633815977,
      "variance_epsilon_global": 0.09837551468899303,
      "nr_prec": 103257,
      "roc_auc": 0.9673183569767151
    },