{
  "old_new": "new",
  "id": "DIA-NN_20260428_152611",
  "software_name": "DIA-NN",
  "software_version": "2.5.0 Academia ",
  "search_engine": "DIA-NN",
  "search_engine_version": "2.5.0 Academia ",
  "ident_fdr_psm": "0.01",
  "ident_fdr_peptide": NaN,
  "ident_fdr_protein": NaN,
  "enable_match_between_runs": false,
  "precursor_mass_tolerance": "[-20.0 ppm, 20.0 ppm]",
  "fragment_mass_tolerance": "[-20.0 ppm, 20.0 ppm]",
  "enzyme": "Trypsin/P",
  "allowed_miscleavages": "2",
  "min_peptide_length": "7",
  "max_peptide_length": "30",
  "is_temporary": false,
  "intermediate_hash": "53bb223d26d0227ac35d403947eb7de30decf38d",
  "results": {
    "6": {
      "median_abs_epsilon_global": 0.10277462005615234,
      "median_abs_epsilon_eq_species": 0.14346949259440103,
      "median_abs_epsilon_ECOLI": 0.1876845359802246,
      "median_abs_epsilon_HUMAN": 0.0943765640258789,
      "median_abs_epsilon_YEAST": 0.1483473777770996,
      "mean_abs_epsilon_global": 0.14621321803848544,
      "mean_abs_epsilon_eq_species": 0.1932716080538377,
      "mean_abs_epsilon_ECOLI": 0.24769714780214455,
      "mean_abs_epsilon_HUMAN": 0.13318603571064322,
      "mean_abs_epsilon_YEAST": 0.19893164064872534,
      "median_log2_empirical_ECOLI": -1.839728832244873,
      "median_log2_empirical_HUMAN": 0.011692047119140625,
      "median_log2_empirical_YEAST": 0.8758406639099121,
      "median_abs_epsilon_precision_global": 0.09723234176635742,
      "median_abs_epsilon_precision_eq_species": 0.114104429880778,
      "median_abs_epsilon_precision_ECOLI": 0.1295619010925293,
      "median_abs_epsilon_precision_HUMAN": 0.09301376342773438,
      "median_abs_epsilon_precision_YEAST": 0.11973762512207031,
      "mean_log2_empirical_ECOLI": -1.8097293985991918,
      "mean_log2_empirical_HUMAN": -0.0036287269750484978,
      "mean_log2_empirical_YEAST": 0.8493614491225878,
      "mean_abs_epsilon_precision_global": 0.13983249244493196,
      "mean_abs_epsilon_precision_eq_species": 0.16383976721707358,
      "mean_abs_epsilon_precision_ECOLI": 0.19364482813808814,
      "mean_abs_epsilon_precision_HUMAN": 0.13348038920149824,
      "mean_abs_epsilon_precision_YEAST": 0.1643940843116343,
      "CV_median": 0.07986534866141967,
      "CV_q75": 0.13528163849736358,
      "CV_q90": 0.20740417760518515,
      "CV_q95": 0.2622397627004568,
      "variance_epsilon_global": 0.04511165557422949,
      "nr_prec": 66362,
      "roc_auc": 0.9904924141444734
    },
    "5": {
      "median_abs_epsilon_global": 0.1114349365234375,
      "median_abs_epsilon_eq_species": 0.1575336456298828,
      "median_abs_epsilon_ECOLI": 0.2076101303100586,
      "median_abs_epsilon_HUMAN": 0.10126256942749023,
      "median_abs_epsilon_YEAST": 0.1637282371520996,
      "mean_abs_epsilon_global": 0.16070559299561427,
      "mean_abs_epsilon_eq_species": 0.2170376234089475,
      "mean_abs_epsilon_ECOLI": 0.28744115963788097,
      "mean_abs_epsilon_HUMAN": 0.1442447233076968,
      "mean_abs_epsilon_YEAST": 0.21942698728126475,
      "median_log2_empirical_ECOLI": -1.8182258605957031,
      "median_log2_empirical_HUMAN": 0.010877609252929688,
      "median_log2_empirical_YEAST": 0.8637394905090332,
      "median_abs_epsilon_precision_global": 0.10583305358886719,
      "median_abs_epsilon_precision_eq_species": 0.12570969263712564,
      "median_abs_epsilon_precision_ECOLI": 0.14600276947021484,
      "median_abs_epsilon_precision_HUMAN": 0.10024118423461914,
      "median_abs_epsilon_precision_YEAST": 0.13088512420654297,
      "mean_log2_empirical_ECOLI": -1.770170791868378,
      "mean_log2_empirical_HUMAN": -0.0037972566185336246,
      "mean_log2_empirical_YEAST": 0.8322146719716453,
      "mean_abs_epsilon_precision_global": 0.1529963755332928,
      "mean_abs_epsilon_precision_eq_species": 0.18431104036381044,
      "mean_abs_epsilon_precision_ECOLI": 0.22777309118953737,
      "mean_abs_epsilon_precision_HUMAN": 0.14452102190516214,
      "mean_abs_epsilon_precision_YEAST": 0.1806390079967318,
      "CV_median": 0.08436952407631793,
      "CV_q75": 0.14462014909662088,
      "CV_q90": 0.22175542848639146,
      "CV_q95": 0.2836792774964496,
      "variance_epsilon_global": 0.0550557854947729,
      "nr_prec": 77795,
      "roc_auc": 0.9852467451461783
    },
    "4": {
      "median_abs_epsilon_global": 0.1193389892578125,
      "median_abs_epsilon_eq_species": 0.17501370112101236,
      "median_abs_epsilon_ECOLI": 0.23568439483642578,
      "median_abs_epsilon_HUMAN": 0.10738182067871094,
      "median_abs_epsilon_YEAST": 0.1819748878479004,
      "mean_abs_epsilon_global": 0.17621651999380447,
      "mean_abs_epsilon_eq_species": 0.24438215587492007,
      "mean_abs_epsilon_ECOLI": 0.3330495335582678,
      "mean_abs_epsilon_HUMAN": 0.15461328424233933,
      "mean_abs_epsilon_YEAST": 0.24548364982415308,
      "median_log2_empirical_ECOLI": -1.7957401275634766,
      "median_log2_empirical_HUMAN": 0.010173797607421875,
      "median_log2_empirical_YEAST": 0.8486309051513672,
      "median_abs_epsilon_precision_global": 0.11401557922363281,
      "median_abs_epsilon_precision_eq_species": 0.14057000478108725,
      "median_abs_epsilon_precision_ECOLI": 0.17076873779296875,
      "median_abs_epsilon_precision_HUMAN": 0.1064157485961914,
      "median_abs_epsilon_precision_YEAST": 0.14452552795410156,
      "mean_log2_empirical_ECOLI": -1.7279154538168386,
      "mean_log2_empirical_HUMAN": -0.004551547059824757,
      "mean_log2_empirical_YEAST": 0.8105511411011929,
      "mean_abs_epsilon_precision_global": 0.16703517000575946,
      "mean_abs_epsilon_precision_eq_species": 0.2083407852248792,
      "mean_abs_epsilon_precision_ECOLI": 0.26792580104383923,
      "mean_abs_epsilon_precision_HUMAN": 0.15491886665035254,
      "mean_abs_epsilon_precision_YEAST": 0.2021776879804458,
      "CV_median": 0.08677292440068213,
      "CV_q75": 0.14970090989923276,
      "CV_q90": 0.23099404887694008,
      "CV_q95": 0.2948775206925682,
      "variance_epsilon_global": 0.06696785958860543,
      "nr_prec": 87263,
      "roc_auc": 0.9771832905329868
    },
    "3": {
      "median_abs_epsilon_global": 0.12516117095947266,
      "median_abs_epsilon_eq_species": 0.17972755432128906,
      "median_abs_epsilon_ECOLI": 0.23735666275024414,
      "median_abs_epsilon_HUMAN": 0.11284446716308594,
      "median_abs_epsilon_YEAST": 0.1889815330505371,
      "mean_abs_epsilon_global": 0.18691924011517072,
      "mean_abs_epsilon_eq_species": 0.255674766332977,
      "mean_abs_epsilon_ECOLI": 0.34321238782341684,
      "mean_abs_epsilon_HUMAN": 0.1656246193231457,
      "mean_abs_epsilon_YEAST": 0.2581872918523684,
      "median_log2_empirical_ECOLI": -1.792884349822998,
      "median_log2_empirical_HUMAN": 0.010019302368164062,
      "median_log2_empirical_YEAST": 0.8414697647094727,
      "median_abs_epsilon_precision_global": 0.11941242218017578,
      "median_abs_epsilon_precision_eq_species": 0.14568058649698892,
      "median_abs_epsilon_precision_ECOLI": 0.17360544204711914,
      "median_abs_epsilon_precision_HUMAN": 0.11223220825195312,
      "median_abs_epsilon_precision_YEAST": 0.15120410919189453,
      "mean_log2_empirical_ECOLI": -1.716985818021786,
      "mean_log2_empirical_HUMAN": -0.004340299554497083,
      "mean_log2_empirical_YEAST": 0.7985390125190653,
      "mean_abs_epsilon_precision_global": 0.17762866126343008,
      "mean_abs_epsilon_precision_eq_species": 0.21900386838533492,
      "mean_abs_epsilon_precision_ECOLI": 0.2781567323471988,
      "mean_abs_epsilon_precision_HUMAN": 0.16589708699567227,
      "mean_abs_epsilon_precision_YEAST": 0.21295778581313374,
      "CV_median": 0.08882322085803146,
      "CV_q75": 0.1537830675470864,
      "CV_q90": 0.23790078416102367,
      "CV_q95": 0.30262940043376657,
      "variance_epsilon_global": 0.07677971382862404,
      "nr_prec": 98694,
      "roc_auc": 0.9699393655435691
    },