{
  "old_new": "new",
  "id": "FragPipe (DIA-NN quant)_20251027_132715",
  "software_name": "FragPipe (DIA-NN quant)",
  "software_version": "23.0",
  "search_engine": "MSFragger",
  "search_engine_version": "4.3",
  "ident_fdr_psm": "0.01",
  "ident_fdr_peptide": null,
  "ident_fdr_protein": "0.01",
  "enable_match_between_runs": false,
  "precursor_mass_tolerance": "[-10 ppm, 10 ppm]",
  "fragment_mass_tolerance": "[-20 ppm, 20 ppm]",
  "enzyme": "Trypsin/P",
  "allowed_miscleavages": "1",
  "min_peptide_length": "6",
  "max_peptide_length": "50",
  "is_temporary": false,
  "intermediate_hash": "541a02acfa99c19e7921f64ed59f2a2c1d17916b",
  "results": {
    "6": {
      "median_abs_epsilon": 0.11758682479413096,
      "mean_abs_epsilon": 0.17873188503137533,
      "variance_epsilon": 0.0712534493842481,
      "nr_prec": 77275,
      "CV_median": 0.08822558209231174,
      "CV_q75": 0.1565453553669358,
      "CV_q90": 0.2506152699061994,
      "CV_q95": 0.32229696806997726
    },
    "5": {
      "median_abs_epsilon": 0.12325521759788671,
      "mean_abs_epsilon": 0.1913634168466941,
      "variance_epsilon": 0.08355725648005805,
      "nr_prec": 82706,
      "CV_median": 0.09148254447139872,
      "CV_q75": 0.1638683171005371,
      "CV_q90": 0.2634413323900584,
      "CV_q95": 0.3407660100310437
    },
    "4": {
      "median_abs_epsilon": 0.12658714923915682,
      "mean_abs_epsilon": 0.20035636889571037,
      "variance_epsilon": 0.09398977177603167,
      "nr_prec": 85209,
      "CV_median": 0.09249789591866246,
      "CV_q75": 0.16626167965967034,
      "CV_q90": 0.2679256161304584,
      "CV_q95": 0.3472778459237257
    },
    "3": {
      "median_abs_epsilon": 0.12804479715881012,
      "mean_abs_epsilon": 0.20399561909888558,
      "variance_epsilon": 0.09843930308632802,
      "nr_prec": 86709,
      "CV_median": 0.09292247525115481,
      "CV_q75": 0.16726491766193693,
      "CV_q90": 0.26974986413404833,
      "CV_q95": 0.34995426595176193
    },
    "2": {
      "median_abs_epsilon": 0.12862804846907316,
      "mean_abs_epsilon": 0.2055792514080959,
      "variance_epsilon": 0.10074803909839347,
      "nr_prec": 87514,
      "CV_median": 0.09299511041533824,
      "CV_q75": 0.1674968539752233,
      "CV_q90": 0.2702371930880003,
      "CV_q95": 0.35075592934036437
    },
    "1": {
      "median_abs_epsilon": 0.12862804846907316,
      "mean_abs_epsilon": 0.20557925140809583,
      "variance_epsilon": 0.10074803909839347,
      "nr_prec": 88088,
      "CV_median": 0.09299511041533824,
      "CV_q75": 0.1674968539752233,
      "CV_q90": 0.2702371930880003,
      "CV_q95": 0.35075592934036437
    }
  },
  "median_abs_epsilon": 0.12804479715881012,
  "mean_abs_epsilon": 0.20399561909888558,
  "nr_prec": 86709,
  "comments": "",
  "proteobench_version": "0.10.3",
  "color": "#F89008",
  "hover_text": "ProteoBench ID: FragPipe (DIA-NN quant)_20251027_132715<br>Software tool: FragPipe (DIA-NN quant) <br>Comment (private submission): ...",
  "scatter_size": 20,
  "fixed_mods": "0.0,C-Term Peptide,true,-1; 0.0,N-Term Peptide,true,-1; 0.0,C-Term Protein,true,-1; 0.0,N-Term Protein,true,-1; 0.0,G (glycine),true,-1; 0.0,A (alanine),true,-1; 0.0,S (serine),true,-1; 0.0,P (proline),true,-1; 0.0,V (valine),true,-1; 0.0,T (threonine),true,-1; 57.02146,C (cysteine),true,-1; 0.0,L (leucine),true,-1; 0.0,I (isoleucine),true,-1; 0.0,N (asparagine),true,-1; 0.0,D (aspartic acid),true,-1; 0.0,Q (glutamine),true,-1; 0.0,K (lysine),true,-1; 0.0,E (glutamic acid),true,-1; 0.0,M (methionine),true,-1; 0.0,H (histidine),true,-1; 0.0,F (phenylalanine),true,-1; 0.0,R (arginine),true,-1; 0.0,Y (tyrosine),true,-1; 0.0,W (tryptophan),true,-1; 0.0,B ,true,-1; 0.0,J,true,-1; 0.0,O,true,-1; 0.0,U,true,-1; 0.0,X,true,-1; 0.0,Z,true,-1",
  "variable_mods": "15.9949,M,true,2; 42.0106,[^,true,1; 79.96633,STY,false,3; -17.0265,nQnC,false,1; -18.0106,nE,false,1; 4.025107,K,false,2; 6.020129,R,false,2; 8.014199,K,false,2; 10.008269,R,false,2; 0.0,site_10,false,1; 0.0,site_11,false,1; 0.0,site_12,false,1; 0.0,site_13,false,1; 0.0,site_14,false,1; 0.0,site_15,false,1; 0.0,site_16,false,1",
  "max_mods": "1",
  "min_precursor_charge": "1",
  "max_precursor_charge": null,
  "quantification_method": "Robust LC (high accuracy)",
  "protein_inference": "ProteinProphet: --maxppmdiff 2000000",
  "abundance_normalization_ions": null,
  "submission_comments": "Resubmission of bc14a21f44d0d54bb023871640b392589b1033f4 after changing quant column from Precursor.Quantity -> Precursor.Normalised\n\n ### Parameter changes detected:\n- **semi_enzymatic**: `False` \u2192 `[MISSING]`\n\nDataset URL: https://proteobench.cubimed.rub.de/datasets/541a02acfa99c19e7921f64ed59f2a2c1d17916b/",
  "min_precursor_mz": null,
  "max_precursor_mz": "5000.0",
  "min_fragment_mz": null,
  "max_fragment_mz": null,
  "predictors_library": "nan",
  "scan_window": "nan"
}