{
  "id": "FragPipe (DIA-NN quant)_20251027_132715",
  "software_name": "FragPipe (DIA-NN quant)",
  "software_version": "23.0",
  "search_engine": "MSFragger",
  "search_engine_version": "4.3",
  "ident_fdr_psm": 0.01,
  "ident_fdr_peptide": NaN,
  "ident_fdr_protein": 0.01,
  "enable_match_between_runs": false,
  "precursor_mass_tolerance": "[-10 ppm, 10 ppm]",
  "fragment_mass_tolerance": "[-20 ppm, 20 ppm]",
  "enzyme": "Trypsin/P",
  "allowed_miscleavages": 1,
  "min_peptide_length": 6,
  "max_peptide_length": 50,
  "is_temporary": false,
  "intermediate_hash": "541a02acfa99c19e7921f64ed59f2a2c1d17916b",
  "results": {
    "6": {
      "median_abs_epsilon_global": 0.11749327515704344,
      "median_abs_epsilon_eq_species": 0.18173031368036696,
      "median_abs_epsilon_ECOLI": 0.2478309682698967,
      "median_abs_epsilon_HUMAN": 0.10063341156381256,
      "median_abs_epsilon_YEAST": 0.19672656120739163,
      "mean_abs_epsilon_global": 0.17820986216894258,
      "mean_abs_epsilon_eq_species": 0.2545511416655954,
      "mean_abs_epsilon_ECOLI": 0.3595203806235881,
      "mean_abs_epsilon_HUMAN": 0.1522784748893336,
      "mean_abs_epsilon_YEAST": 0.2518545694838645,
      "median_log2_empirical_ECOLI": -1.7688503009463155,
      "median_log2_empirical_HUMAN": -0.009443476862539768,
      "median_log2_empirical_YEAST": 0.8280018604621953,
      "median_abs_epsilon_precision_global": 0.10709098865631539,
      "median_abs_epsilon_precision_eq_species": 0.13281541203813654,
      "median_abs_epsilon_precision_ECOLI": 0.16675337846095672,
      "median_abs_epsilon_precision_HUMAN": 0.10042646496218044,
      "median_abs_epsilon_precision_YEAST": 0.1312663926912725,
      "mean_log2_empirical_ECOLI": -1.6908976181916529,
      "mean_log2_empirical_HUMAN": -0.019809510266280545,
      "mean_log2_empirical_YEAST": 0.804854011469128,
      "mean_abs_epsilon_precision_global": 0.16486752220531425,
      "mean_abs_epsilon_precision_eq_species": 0.20761190716029668,
      "mean_abs_epsilon_precision_ECOLI": 0.27934415860832823,
      "mean_abs_epsilon_precision_HUMAN": 0.1523185855405444,
      "mean_abs_epsilon_precision_YEAST": 0.19117297733201746,
      "CV_median": 0.08845305678233317,
      "CV_q75": 0.15683222534353947,
      "CV_q90": 0.25082669674232966,
      "CV_q95": 0.32231247437494037,
      "variance_epsilon_global": 0.07049951780978846,
      "nr_feature": 76669,
      "roc_auc": 0.9770875281305079
    },
    "5": {
      "median_abs_epsilon_global": 0.12321055414095117,
      "median_abs_epsilon_eq_species": 0.1967604562207148,
      "median_abs_epsilon_ECOLI": 0.2809956841327299,
      "median_abs_epsilon_HUMAN": 0.10410972049556833,
      "median_abs_epsilon_YEAST": 0.2051759640338462,
      "mean_abs_epsilon_global": 0.19091255481650038,
      "mean_abs_epsilon_eq_species": 0.2765818462909095,
      "mean_abs_epsilon_ECOLI": 0.40298172280566114,
      "mean_abs_epsilon_HUMAN": 0.15961338035247802,
      "mean_abs_epsilon_YEAST": 0.26715043571458935,
      "median_log2_empirical_ECOLI": -1.7418071953522407,
      "median_log2_empirical_HUMAN": -0.009191773506445955,
      "median_log2_empirical_YEAST": 0.8236656545617995,
      "median_abs_epsilon_precision_global": 0.1125684879995239,
      "median_abs_epsilon_precision_eq_species": 0.14611217071367508,
      "median_abs_epsilon_precision_ECOLI": 0.19413304516886143,
      "median_abs_epsilon_precision_HUMAN": 0.10380079553744714,
      "median_abs_epsilon_precision_YEAST": 0.14040267143471663,
      "mean_log2_empirical_ECOLI": -1.6486650379514953,
      "mean_log2_empirical_HUMAN": -0.018862930417162752,
      "mean_log2_empirical_YEAST": 0.7960696331054723,
      "mean_abs_epsilon_precision_global": 0.17603125293128122,
      "mean_abs_epsilon_precision_eq_species": 0.2262191664373839,
      "mean_abs_epsilon_precision_ECOLI": 0.31270810402422095,
      "mean_abs_epsilon_precision_HUMAN": 0.15962161148274828,
      "mean_abs_epsilon_precision_YEAST": 0.20632778380518252,
      "CV_median": 0.09172730900610952,
      "CV_q75": 0.1641772857025702,
      "CV_q90": 0.26362275185332096,
      "CV_q95": 0.3407697629463741,
      "variance_epsilon_global": 0.08284832063021791,
      "nr_feature": 82078,
      "roc_auc": 0.971791200783898
    },
    "4": {
      "median_abs_epsilon_global": 0.126475677995181,
      "median_abs_epsilon_eq_species": 0.20675418838340587,
      "median_abs_epsilon_ECOLI": 0.30408716785475853,
      "median_abs_epsilon_HUMAN": 0.10594893849420828,
      "median_abs_epsilon_YEAST": 0.2102264588012508,
      "mean_abs_epsilon_global": 0.19988980330391462,
      "mean_abs_epsilon_eq_species": 0.2946512740285554,
      "mean_abs_epsilon_ECOLI": 0.4421787533430541,
      "mean_abs_epsilon_HUMAN": 0.16412865554178593,
      "mean_abs_epsilon_YEAST": 0.27764641320082617,
      "median_log2_empirical_ECOLI": -1.7211392273968986,
      "median_log2_empirical_HUMAN": -0.008988236693141971,
      "median_log2_empirical_YEAST": 0.8206135396243264,
      "median_abs_epsilon_precision_global": 0.11594859479173136,
      "median_abs_epsilon_precision_eq_species": 0.15481364237802323,
      "median_abs_epsilon_precision_ECOLI": 0.21398240948904856,
      "median_abs_epsilon_precision_HUMAN": 0.10564474423775039,
      "median_abs_epsilon_precision_YEAST": 0.14481377340727075,
      "mean_log2_empirical_ECOLI": -1.613796052482913,
      "mean_log2_empirical_HUMAN": -0.018117339307180205,
      "mean_log2_empirical_YEAST": 0.7893226742884828,
      "mean_abs_epsilon_precision_global": 0.1840636820287691,
      "mean_abs_epsilon_precision_eq_species": 0.24242352508494783,
      "mean_abs_epsilon_precision_ECOLI": 0.34688285053506385,
      "mean_abs_epsilon_precision_HUMAN": 0.16412171679359958,
      "mean_abs_epsilon_precision_YEAST": 0.21626600792618011,
      "CV_median": 0.09271579787768901,
      "CV_q75": 0.1665181825918943,
      "CV_q90": 0.2681025375716761,
      "CV_q95": 0.3473192284902797,
      "variance_epsilon_global": 0.09326040597917032,
      "nr_feature": 84568,
      "roc_auc": 0.9675527072874646
    },
    "3": {
      "median_abs_epsilon_global": 0.12797140440733834,
      "median_abs_epsilon_eq_species": 0.2088786885509979,
      "median_abs_epsilon_ECOLI": 0.30645771408831024,
      "median_abs_epsilon_HUMAN": 0.10700326254250037,
      "median_abs_epsilon_YEAST": 0.21317508902218307,
      "mean_abs_epsilon_global": 0.20354087246337987,
      "mean_abs_epsilon_eq_species": 0.30027102199736905,
      "mean_abs_epsilon_ECOLI": 0.4505086199620757,
      "mean_abs_epsilon_HUMAN": 0.16685101937784866,
      "mean_abs_epsilon_YEAST": 0.2834534266521828,
      "median_log2_empirical_ECOLI": -1.7186383047742018,
      "median_log2_empirical_HUMAN": -0.009098206324934743,
      "median_log2_empirical_YEAST": 0.8186962786975727,
      "median_abs_epsilon_precision_global": 0.11733792279705657,
      "median_abs_epsilon_precision_eq_species": 0.1569425727722802,
      "median_abs_epsilon_precision_ECOLI": 0.21676790701341542,
      "median_abs_epsilon_precision_HUMAN": 0.10676776767517726,
      "median_abs_epsilon_precision_YEAST": 0.14729204362824788,
      "mean_log2_empirical_ECOLI": -1.605881241914408,
      "mean_log2_empirical_HUMAN": -0.018134459440660954,
      "mean_log2_empirical_YEAST": 0.7856088625423943,
      "mean_abs_epsilon_precision_global": 0.18763975213411807,
      "mean_abs_epsilon_precision_eq_species": 0.24807350572367262,
      "mean_abs_epsilon_precision_ECOLI": 0.3555676808052021,
      "mean_abs_epsilon_precision_HUMAN": 0.1668345898134669,
      "mean_abs_epsilon_precision_YEAST": 0.22181824655234889,
      "CV_median": 0.0931383741806371,
      "CV_q75": 0.16753591263779624,
      "CV_q90": 0.26990733234901815,
      "CV_q95": 0.3499739290334925,
      "variance_epsilon_global": 0.09774077602383027,
      "nr_feature": 86060,
      "roc_auc": 0.9646300156733251
    },
    "2": {
      "median_abs_epsilon_global": 0.12854191591966746,