{
  "old_new": "new",
  "id": "PEAKS_20250611_082043",
  "software_name": "PEAKS",
  "software_version": null,
  "search_engine": "PEAKS",
  "search_engine_version": null,
  "ident_fdr_psm": "1.0%",
  "ident_fdr_peptide": null,
  "ident_fdr_protein": "1.0%",
  "enable_match_between_runs": true,
  "precursor_mass_tolerance": "Auto Detected",
  "fragment_mass_tolerance": "Auto Detected",
  "enzyme": "Trypsin",
  "allowed_miscleavages": 1,
  "min_peptide_length": 6,
  "max_peptide_length": 30,
  "is_temporary": false,
  "intermediate_hash": "5691d485356c1abcd8efd2320a1666752a19f50b",
  "results": {
    "6": {
      "median_abs_epsilon_global": 0.18230418977812946,
      "median_abs_epsilon_eq_species": 0.23146174232778952,
      "median_abs_epsilon_ECOLI": 0.27382422882841784,
      "median_abs_epsilon_HUMAN": 0.1661138527246795,
      "median_abs_epsilon_YEAST": 0.25444714543027125,
      "mean_abs_epsilon_global": 0.2759202200488117,
      "mean_abs_epsilon_eq_species": 0.32761512693818334,
      "mean_abs_epsilon_ECOLI": 0.3876053324982875,
      "mean_abs_epsilon_HUMAN": 0.25900921192613197,
      "mean_abs_epsilon_YEAST": 0.3362308363901306,
      "median_log2_empirical_ECOLI": -2.001429059410122,
      "median_log2_empirical_HUMAN": -0.045628382069732965,
      "median_log2_empirical_YEAST": 0.8926020324483712,
      "median_abs_epsilon_precision_global": 0.17413792656438787,
      "median_abs_epsilon_precision_eq_species": 0.220233608509262,
      "median_abs_epsilon_precision_ECOLI": 0.27389160460897255,
      "median_abs_epsilon_precision_HUMAN": 0.16136295375538268,
      "median_abs_epsilon_precision_YEAST": 0.22544626716343075,
      "mean_log2_empirical_ECOLI": -2.047121685073547,
      "mean_log2_empirical_HUMAN": -0.05184690823543133,
      "mean_log2_empirical_YEAST": 0.939465648048027,
      "mean_abs_epsilon_precision_global": 0.27125846512415647,
      "mean_abs_epsilon_precision_eq_species": 0.32346652459771835,
      "mean_abs_epsilon_precision_ECOLI": 0.3895676944296387,
      "mean_abs_epsilon_precision_HUMAN": 0.2550773815467369,
      "mean_abs_epsilon_precision_YEAST": 0.32575449781677945,
      "CV_median": 0.14990604937856966,
      "CV_q75": 0.27617983094157617,
      "CV_q90": 0.4357771136034372,
      "CV_q95": 0.5534288665380542,
      "roc_auc": 0.9408957001398607,
      "roc_auc_directional": 0.9757640116870647,
      "nr_prec": 68147,
      "nr_prec_HUMAN": 55122,
      "nr_prec_YEAST": 10171,
      "nr_prec_ECOLI": 2854,
      "variance_epsilon_global": 0.16206696390846342
    },
    "5": {
      "median_abs_epsilon_global": 0.20173236535890826,
      "median_abs_epsilon_eq_species": 0.25666022743176004,
      "median_abs_epsilon_ECOLI": 0.3159234637910675,
      "median_abs_epsilon_HUMAN": 0.18261593094438489,
      "median_abs_epsilon_YEAST": 0.27144128755982777,
      "mean_abs_epsilon_global": 0.30639704524141664,
      "mean_abs_epsilon_eq_species": 0.36506598203671675,
      "mean_abs_epsilon_ECOLI": 0.4412464022303789,
      "mean_abs_epsilon_HUMAN": 0.2860120848711268,
      "mean_abs_epsilon_YEAST": 0.3679394590086445,
      "median_log2_empirical_ECOLI": -2.0024556794195947,
      "median_log2_empirical_HUMAN": -0.0469517386031395,
      "median_log2_empirical_YEAST": 0.8883764893649442,
      "median_abs_epsilon_precision_global": 0.19320688463000524,
      "median_abs_epsilon_precision_eq_species": 0.24751454987184354,
      "median_abs_epsilon_precision_ECOLI": 0.3169440199835849,
      "median_abs_epsilon_precision_HUMAN": 0.17803734123085047,
      "median_abs_epsilon_precision_YEAST": 0.2475622884010953,
      "mean_log2_empirical_ECOLI": -2.0324565695890615,
      "mean_log2_empirical_HUMAN": -0.05250368294952139,
      "mean_log2_empirical_YEAST": 0.9277743467976423,
      "mean_abs_epsilon_precision_global": 0.3015692483969516,
      "mean_abs_epsilon_precision_eq_species": 0.3601975438592396,
      "mean_abs_epsilon_precision_ECOLI": 0.44200717652740484,
      "mean_abs_epsilon_precision_HUMAN": 0.2821572237043371,
      "mean_abs_epsilon_precision_YEAST": 0.35642823134597684,
      "CV_median": 0.16203793484832257,
      "CV_q75": 0.2980160929486488,
      "CV_q90": 0.4690258080380252,
      "CV_q95": 0.5967816471659091,
      "roc_auc": 0.9236901090973896,
      "roc_auc_directional": 0.9658871298836489,
      "nr_prec": 82104,
      "nr_prec_HUMAN": 65256,
      "nr_prec_YEAST": 12846,
      "nr_prec_ECOLI": 4002,
      "variance_epsilon_global": 0.19947658460400705
    },
    "4": {
      "median_abs_epsilon_global": 0.21478083928406022,
      "median_abs_epsilon_eq_species": 0.2801358176714069,
      "median_abs_epsilon_ECOLI": 0.36016659305952636,
      "median_abs_epsilon_HUMAN": 0.19226786411429764,
      "median_abs_epsilon_YEAST": 0.2879729958403967,
      "mean_abs_epsilon_global": 0.3308083432134891,
      "mean_abs_epsilon_eq_species": 0.4063171187817099,
      "mean_abs_epsilon_ECOLI": 0.5167298019019909,
      "mean_abs_epsilon_HUMAN": 0.3031469852453897,
      "mean_abs_epsilon_YEAST": 0.39907456919774914,
      "median_log2_empirical_ECOLI": -1.9713993999935973,
      "median_log2_empirical_HUMAN": -0.047538975510393655,
      "median_log2_empirical_YEAST": 0.8808474535117483,
      "median_abs_epsilon_precision_global": 0.20595931034228343,
      "median_abs_epsilon_precision_eq_species": 0.27119126569020846,
      "median_abs_epsilon_precision_ECOLI": 0.3602260828399668,
      "median_abs_epsilon_precision_HUMAN": 0.18775823869210218,
      "median_abs_epsilon_precision_YEAST": 0.2655894755385564,
      "mean_log2_empirical_ECOLI": -1.9870087162628218,
      "mean_log2_empirical_HUMAN": -0.054078678118610536,
      "mean_log2_empirical_YEAST": 0.9130109888277473,
      "mean_abs_epsilon_precision_global": 0.32572313626855354,
      "mean_abs_epsilon_precision_eq_species": 0.4005469131649857,
      "mean_abs_epsilon_precision_ECOLI": 0.516345663095295,
      "mean_abs_epsilon_precision_HUMAN": 0.29939208945102097,
      "mean_abs_epsilon_precision_YEAST": 0.3859029869486411,
      "CV_median": 0.1666280892951436,
      "CV_q75": 0.30627894899300373,
      "CV_q90": 0.4826856607692689,
      "CV_q95": 0.6125045712274028,
      "roc_auc": 0.9115900963636389,
      "roc_auc_directional": 0.9539743157906391,
      "nr_prec": 89982,
      "nr_prec_HUMAN": 70316,
      "nr_prec_YEAST": 14545,
      "nr_prec_ECOLI": 5121,
      "variance_epsilon_global": 0.2380439725244383
    },
    "3": {
      "median_abs_epsilon_global": 0.22139681990121218,
      "median_abs_epsilon_eq_species": 0.28775528105039544,
      "median_abs_epsilon_ECOLI": 0.3695197114693656,
      "median_abs_epsilon_HUMAN": 0.19771844210032619,
      "median_abs_epsilon_YEAST": 0.2960276895814946,
      "mean_abs_epsilon_global": 0.3436741460283986,
      "mean_abs_epsilon_eq_species": 0.42171293897627876,
      "mean_abs_epsilon_ECOLI": 0.5353268794265228,
      "mean_abs_epsilon_HUMAN": 0.3146344456677377,
      "mean_abs_epsilon_YEAST": 0.41517749183457575,
      "median_log2_empirical_ECOLI": -1.966203543457203,
      "median_log2_empirical_HUMAN": -0.04791222530308836,
      "median_log2_empirical_YEAST": 0.874687216755655,
      "median_abs_epsilon_precision_global": 0.21207799831187124,
      "median_abs_epsilon_precision_eq_species": 0.2789655339635561,
      "median_abs_epsilon_precision_ECOLI": 0.3689267659628701,
      "median_abs_epsilon_precision_HUMAN": 0.19311655059624222,
      "median_abs_epsilon_precision_YEAST": 0.27485328533155595,
      "mean_log2_empirical_ECOLI": -1.970145874491769,
      "mean_log2_empirical_HUMAN": -0.054287611076409524,
      "mean_log2_empirical_YEAST": 0.9025163936700815,
      "mean_abs_epsilon_precision_global": 0.3383394508008067,
      "mean_abs_epsilon_precision_eq_species": 0.41535639528367935,
      "mean_abs_epsilon_precision_ECOLI": 0.5345647833192887,
      "mean_abs_epsilon_precision_HUMAN": 0.3109063789822081,