{
  "old_new": "new",
  "id": "PEAKS_20250430_114441",
  "software_name": "PEAKS",
  "software_version": null,
  "search_engine": "PEAKS",
  "search_engine_version": null,
  "ident_fdr_psm": null,
  "ident_fdr_peptide": null,
  "ident_fdr_protein": null,
  "enable_match_between_runs": true,
  "precursor_mass_tolerance": "Auto Detected",
  "fragment_mass_tolerance": "Auto Detected",
  "enzyme": "Trypsin",
  "allowed_miscleavages": "1",
  "min_peptide_length": "6",
  "max_peptide_length": "30",
  "is_temporary": false,
  "intermediate_hash": "5691d485356c1abcd8efd2320a1666752a19f50b",
  "results": {
    "6": {
      "median_abs_epsilon": 0.18216184763777044,
      "mean_abs_epsilon": 0.2758969340242289,
      "variance_epsilon": 0.1621732098628787,
      "nr_prec": 68570,
      "CV_median": 0.14965061570792978,
      "CV_q90": 0.4355253852066018,
      "CV_q75": 0.27591004292854526,
      "CV_q95": 0.5528161183441691
    },
    "5": {
      "median_abs_epsilon": 0.2015794989737536,
      "mean_abs_epsilon": 0.3063099661366357,
      "variance_epsilon": 0.19945392129651615,
      "nr_prec": 82585,
      "CV_median": 0.16179299306766431,
      "CV_q90": 0.46871286210813456,
      "CV_q75": 0.2977644596849704,
      "CV_q95": 0.5962477618268522
    },
    "4": {
      "median_abs_epsilon": 0.214617781370805,
      "mean_abs_epsilon": 0.3306670031358134,
      "variance_epsilon": 0.23788601481844085,
      "nr_prec": 90486,
      "CV_median": 0.16637776800360152,
      "CV_q90": 0.48222537505720053,
      "CV_q75": 0.30600519251849556,
      "CV_q95": 0.6119797428102804
    },
    "3": {
      "median_abs_epsilon": 0.22116478972192954,
      "mean_abs_epsilon": 0.3435213352591084,
      "variance_epsilon": 0.2598348656143275,
      "nr_prec": 95821,
      "CV_median": 0.16833776997131342,
      "CV_q90": 0.4875718560874718,
      "CV_q75": 0.3093291548491621,
      "CV_q95": 0.6187558294185247
    },
    "2": {
      "median_abs_epsilon": 0.22337360507865078,
      "mean_abs_epsilon": 0.34911904188981,
      "variance_epsilon": 0.27132497671510414,
      "nr_prec": 98567,
      "CV_median": 0.1686691427813508,
      "CV_q90": 0.48907853733883777,
      "CV_q75": 0.3100230543789092,
      "CV_q95": 0.6209090222739
    },
    "1": {
      "median_abs_epsilon": 0.22337360507865078,
      "mean_abs_epsilon": 0.3491190418898101,
      "variance_epsilon": 0.27132497671510414,
      "nr_prec": 99420,
      "CV_median": 0.1686691427813508,
      "CV_q90": 0.48907853733883777,
      "CV_q75": 0.3100230543789092,
      "CV_q95": 0.6209090222739
    }
  },
  "median_abs_epsilon": 0.22116478972192954,
  "mean_abs_epsilon": 0.3435213352591084,
  "nr_prec": 95821,
  "comments": "",
  "proteobench_version": "0.8.6",
  "color": "#f781bf",
  "hover_text": "ProteoBench ID: PEAKS_20250430_114441<br>Software tool: PEAKS <br>Comment (private submission): ...",
  "scatter_size": 20,
  "fixed_mods": "Carbamidomethylation (+57.02)",
  "variable_mods": "Oxidation (M) (+15.99) ,Acetylation (Protein N-term) (+42.01)",
  "max_mods": "1",
  "min_precursor_charge": "1",
  "max_precursor_charge": "4",
  "quantification_method": "Identification Directed Quantification",
  "protein_inference": null,
  "abundance_normalization_ions": "Use TIC",
  "submission_comments": "\n\n ### No parameter changes detected. \n\n\nDataset URL: https://proteobench.cubimed.rub.de/datasets/5691d485356c1abcd8efd2320a1666752a19f50b/"
}