{
  "old_new": "new",
  "id": "Spectronaut_20251216_013841",
  "software_name": "Spectronaut",
  "software_version": "20.3.251119.92449",
  "search_engine": "Spectronaut",
  "search_engine_version": "20.3.251119.92449",
  "ident_fdr_psm": "0.01",
  "ident_fdr_peptide": null,
  "ident_fdr_protein": "0.01",
  "enable_match_between_runs": true,
  "precursor_mass_tolerance": "Dynamic",
  "fragment_mass_tolerance": "Dynamic",
  "enzyme": "Trypsin/P",
  "allowed_miscleavages": "2",
  "min_peptide_length": "7",
  "max_peptide_length": "52",
  "is_temporary": false,
  "intermediate_hash": "5ab914af2bc4d5cdd76f7cae72fc68ec962a87e8",
  "results": {
    "6": {
      "median_abs_epsilon": 0.1668871152330258,
      "mean_abs_epsilon": 0.25781588231545,
      "variance_epsilon": 0.14948815893638642,
      "nr_prec": 117771,
      "CV_median": 0.12979884715265444,
      "CV_q75": 0.23125116662517634,
      "CV_q90": 0.3693415319009924,
      "CV_q95": 0.4784403076657725
    },
    "5": {
      "median_abs_epsilon": 0.17530235920182458,
      "mean_abs_epsilon": 0.276157968591747,
      "variance_epsilon": 0.17733250831978928,
      "nr_prec": 124584,
      "CV_median": 0.13383304679186725,
      "CV_q75": 0.24009902069453293,
      "CV_q90": 0.3857597628247645,
      "CV_q95": 0.5006118574973022
    },
    "4": {
      "median_abs_epsilon": 0.1794990241573422,
      "mean_abs_epsilon": 0.2887849718585149,
      "variance_epsilon": 0.2010156037595349,
      "nr_prec": 127580,
      "CV_median": 0.1349913968376334,
      "CV_q75": 0.2424109194446546,
      "CV_q90": 0.3903671021077115,
      "CV_q95": 0.5069055626719199
    },
    "3": {
      "median_abs_epsilon": 0.18022789202815925,
      "mean_abs_epsilon": 0.29089905364509094,
      "variance_epsilon": 0.2045612590727197,
      "nr_prec": 129174,
      "CV_median": 0.13551736443422852,
      "CV_q75": 0.2433617174174761,
      "CV_q90": 0.3921331569808655,
      "CV_q95": 0.5094046863221326
    },
    "2": {
      "median_abs_epsilon": 0.18041583060386834,
      "mean_abs_epsilon": 0.29136847399109145,
      "variance_epsilon": 0.20549700765776124,
      "nr_prec": 129472,
      "CV_median": 0.13557973986801902,
      "CV_q75": 0.24349573307954325,
      "CV_q90": 0.3924924612783131,
      "CV_q95": 0.5098598750141103
    },
    "1": {
      "median_abs_epsilon": 0.18041583060386834,
      "mean_abs_epsilon": 0.29136847399109145,
      "variance_epsilon": 0.20549700765776135,
      "nr_prec": 129528,
      "CV_median": 0.13557973986801902,
      "CV_q75": 0.24349573307954325,
      "CV_q90": 0.3924924612783131,
      "CV_q95": 0.5098598750141103
    }
  },
  "median_abs_epsilon": 0.18022789202815925,
  "mean_abs_epsilon": 0.29089905364509094,
  "nr_prec": 129174,
  "comments": "",
  "proteobench_version": "0.10.4",
  "color": "#007548",
  "hover_text": "ProteoBench ID: Spectronaut_20251216_013841<br>Software tool: Spectronaut <br>Comment (private submission): ...",
  "scatter_size": 20,
  "fixed_mods": "Carbamidomethyl (C)",
  "variable_mods": "Acetyl (Protein N-term), Oxidation (M)",
  "max_mods": "5",
  "min_precursor_charge": null,
  "max_precursor_charge": null,
  "quantification_method": "MS2",
  "protein_inference": "IDPicker",
  "abundance_normalization_ions": "True",
  "submission_comments": "\n\n ### Parameter changes detected:\n- **enable_match_between_runs**: `False` \u2192 `True`\n- **semi_specific**: `False` \u2192 `[MISSING]`\n\nDataset URL: https://proteobench.cubimed.rub.de/datasets/5ab914af2bc4d5cdd76f7cae72fc68ec962a87e8/",
  "min_precursor_mz": null,
  "max_precursor_mz": null,
  "min_fragment_mz": null,
  "max_fragment_mz": null,
  "predictors_library": null,
  "scan_window": "Dynamic"
}