{
  "old_new": "new",
  "id": "DIA-NN_20250714_074145",
  "software_name": "DIA-NN",
  "software_version": "2.2.0 Academia ",
  "search_engine": "DIA-NN",
  "search_engine_version": "2.2.0 Academia ",
  "ident_fdr_psm": "0.01",
  "ident_fdr_peptide": NaN,
  "ident_fdr_protein": NaN,
  "enable_match_between_runs": true,
  "precursor_mass_tolerance": "[-11 ppm, 11 ppm]",
  "fragment_mass_tolerance": "[-12 ppm, 12 ppm]",
  "enzyme": "Trypsin/P",
  "allowed_miscleavages": "1",
  "min_peptide_length": "6",
  "max_peptide_length": "30",
  "is_temporary": false,
  "intermediate_hash": "5d23a3a4c90aee69a4cc1d804c2dc1f0bc82bece",
  "results": {
    "6": {
      "median_abs_epsilon": 0.12866687774658203,
      "mean_abs_epsilon": 0.18345955017032425,
      "variance_epsilon": 0.0690448506570253,
      "nr_prec": 93544,
      "CV_median": 0.10165584779459293,
      "CV_q75": 0.1734884432067349,
      "CV_q90": 0.26243847970657497,
      "CV_q95": 0.32793799062522555
    },
    "5": {
      "median_abs_epsilon": 0.1381082534790039,
      "mean_abs_epsilon": 0.1996761367861855,
      "variance_epsilon": 0.0828627457490288,
      "nr_prec": 105852,
      "CV_median": 0.10651843317709998,
      "CV_q75": 0.18290326870233092,
      "CV_q90": 0.2784784784222656,
      "CV_q95": 0.3487825406451511
    },
    "4": {
      "median_abs_epsilon": 0.14480972290039062,
      "mean_abs_epsilon": 0.2150443916164731,
      "variance_epsilon": 0.09935441314737757,
      "nr_prec": 113412,
      "CV_median": 0.1083605189286093,
      "CV_q75": 0.18657106388363648,
      "CV_q90": 0.28491891393816177,
      "CV_q95": 0.35693994917466876
    },
    "3": {
      "median_abs_epsilon": 0.147491455078125,
      "mean_abs_epsilon": 0.22086588553383404,
      "variance_epsilon": 0.10570748229604836,
      "nr_prec": 119119,
      "CV_median": 0.10937130156282708,
      "CV_q75": 0.188404247630979,
      "CV_q90": 0.28774859569423006,
      "CV_q95": 0.3608935689091751
    },
    "2": {
      "median_abs_epsilon": 0.14848613739013672,
      "mean_abs_epsilon": 0.22351069160693401,
      "variance_epsilon": 0.10905518129099484,
      "nr_prec": 121905,
      "CV_median": 0.10956962141142676,
      "CV_q75": 0.18885339845958143,
      "CV_q90": 0.2886448152515637,
      "CV_q95": 0.361936216728474
    },
    "1": {
      "median_abs_epsilon": 0.14848613739013672,
      "mean_abs_epsilon": 0.22351069160693401,
      "variance_epsilon": 0.10905518129099483,
      "nr_prec": 123524,
      "CV_median": 0.10956962141142676,
      "CV_q75": 0.18885339845958143,
      "CV_q90": 0.2886448152515637,
      "CV_q95": 0.361936216728474
    }
  },
  "median_abs_epsilon": 0.147491455078125,
  "mean_abs_epsilon": 0.22086588553383404,
  "nr_prec": 119119,
  "comments": "",
  "proteobench_version": "0.8.28",
  "color": "#d42f2f",
  "hover_text": "ProteoBench ID: DIA-NN_20250714_074145<br>Software tool: DIA-NN <br>Comment (private submission): ...",
  "scatter_size": 20,
  "fixed_mods": "unimod4",
  "variable_mods": "UniMod:35/15.994915/M,UniMod:1/42.010565/*n",
  "max_mods": "1",
  "min_precursor_charge": "1",
  "max_precursor_charge": "5",
  "quantification_method": "QuantUMS high-precision",
  "protein_inference": "Genes",
  "abundance_normalization_ions": null,
  "submission_comments": "\n\n ### Parameter changes detected:\n- **ident_fdr_protein**: `None` \u2192 `nan`\n- **ident_fdr_peptide**: `None` \u2192 `nan`\n\nDataset URL: https://proteobench.cubimed.rub.de/datasets/5d23a3a4c90aee69a4cc1d804c2dc1f0bc82bece/"
}