{
  "old_new": "new",
  "id": "AlphaDIA_20251027_153616",
  "software_name": "AlphaDIA",
  "software_version": "1.12.1",
  "search_engine": "AlphaDIA",
  "search_engine_version": NaN,
  "ident_fdr_psm": "0.01",
  "ident_fdr_peptide": NaN,
  "ident_fdr_protein": "0.01",
  "enable_match_between_runs": false,
  "precursor_mass_tolerance": "[-15 ppm, 15 ppm]",
  "fragment_mass_tolerance": "[-15 ppm, 15 ppm]",
  "enzyme": "trypsin/p ",
  "allowed_miscleavages": "1",
  "min_peptide_length": "6",
  "max_peptide_length": "30",
  "is_temporary": false,
  "intermediate_hash": "61e5aa4f0b50dc3a6f3fe8fafdd0aa131905a3a3",
  "results": {
    "6": {
      "median_abs_epsilon": 0.1490705807930519,
      "mean_abs_epsilon": 0.23656695360738816,
      "variance_epsilon": 0.14501126306270654,
      "nr_prec": 33574,
      "CV_median": 0.10627324868823385,
      "CV_q75": 0.23127166753531608,
      "CV_q90": 0.36337127070655656,
      "CV_q95": 0.45617047265106586
    },
    "5": {
      "median_abs_epsilon": 0.1600666046172421,
      "mean_abs_epsilon": 0.2503166528553335,
      "variance_epsilon": 0.15752765259011656,
      "nr_prec": 43389,
      "CV_median": 0.11031477864786315,
      "CV_q75": 0.2364945122279432,
      "CV_q90": 0.3711203051472727,
      "CV_q95": 0.46944325407668885
    },
    "4": {
      "median_abs_epsilon": 0.17181936899364203,
      "mean_abs_epsilon": 0.26578446970410174,
      "variance_epsilon": 0.17412013736830312,
      "nr_prec": 52352,
      "CV_median": 0.11178436768902064,
      "CV_q75": 0.23840959746396678,
      "CV_q90": 0.3754441394219625,
      "CV_q95": 0.47431948926877265
    },
    "3": {
      "median_abs_epsilon": 0.18178653716409698,
      "mean_abs_epsilon": 0.27864135520185535,
      "variance_epsilon": 0.18740222584667607,
      "nr_prec": 61982,
      "CV_median": 0.11345780550139048,
      "CV_q75": 0.24000402185056882,
      "CV_q90": 0.3776898617446277,
      "CV_q95": 0.4768988616458658
    },
    "2": {
      "median_abs_epsilon": 0.18820206324003408,
      "mean_abs_epsilon": 0.28896364825093274,
      "variance_epsilon": 0.20004832360617306,
      "nr_prec": 71702,
      "CV_median": 0.11425760195474602,
      "CV_q75": 0.2407682243522409,
      "CV_q90": 0.3787716813197905,
      "CV_q95": 0.47815495000326924
    },
    "1": {
      "median_abs_epsilon": 0.18820206324003408,
      "mean_abs_epsilon": 0.28896364825093274,
      "variance_epsilon": 0.20004832360617306,
      "nr_prec": 71702,
      "CV_median": 0.11425760195474602,
      "CV_q75": 0.2407682243522409,
      "CV_q90": 0.3787716813197905,
      "CV_q95": 0.47815495000326924
    }
  },
  "median_abs_epsilon": 0.18178653716409698,
  "mean_abs_epsilon": 0.27864135520185535,
  "nr_prec": 61982,
  "comments": "",
  "proteobench_version": "0.10.3",
  "color": "#1D2732",
  "hover_text": "ProteoBench ID: AlphaDIA_20251027_153616<br>Software tool: AlphaDIA <br>Comment (private submission): ...",
  "scatter_size": 20,
  "fixed_mods": "Carbamidomethyl@C",
  "variable_mods": "Oxidation@M;Acetyl@Protein_N-term",
  "max_mods": "1 ",
  "min_precursor_charge": "1",
  "max_precursor_charge": "5",
  "quantification_method": "DirectLFQ",
  "protein_inference": "heuristic",
  "abundance_normalization_ions": NaN,
  "submission_comments": "\n\n ### Parameter changes detected:\n- **abundance_normalization_ions**: `None` \u2192 `nan`\n- **search_engine_version**: `None` \u2192 `nan`\n- **ident_fdr_peptide**: `None` \u2192 `nan`\n- **scan_window**: `None` \u2192 `nan`\n\nDataset URL: https://proteobench.cubimed.rub.de/datasets/61e5aa4f0b50dc3a6f3fe8fafdd0aa131905a3a3/",
  "min_precursor_mz": "400",
  "max_precursor_mz": "1000",
  "min_fragment_mz": "50",
  "max_fragment_mz": "2000",
  "predictors_library": "AlphaPeptDeep",
  "scan_window": NaN
}