{
  "old_new": "new",
  "id": "DIA-NN_20260309_105426",
  "software_name": "DIA-NN",
  "software_version": "2.0 Academia ",
  "search_engine": "DIA-NN",
  "search_engine_version": "2.0 Academia ",
  "ident_fdr_psm": 0.01,
  "ident_fdr_peptide": NaN,
  "ident_fdr_protein": NaN,
  "enable_match_between_runs": true,
  "precursor_mass_tolerance": "[-12 ppm, 12 ppm]",
  "fragment_mass_tolerance": "[-10 ppm, 10 ppm]",
  "enzyme": "Trypsin/P",
  "allowed_miscleavages": 1,
  "min_peptide_length": 6,
  "max_peptide_length": 30,
  "is_temporary": false,
  "intermediate_hash": "67e3272c1b52f82bfdbeec515337976ec4c0d80e",
  "results": {
    "6": {
      "median_abs_epsilon_global": 0.1308422088623047,
      "median_abs_epsilon_eq_species": 0.1722421646118164,
      "median_abs_epsilon_ECOLI": 0.211669921875,
      "median_abs_epsilon_HUMAN": 0.1201028823852539,
      "median_abs_epsilon_YEAST": 0.1849536895751953,
      "mean_abs_epsilon_global": 0.18628960400262332,
      "mean_abs_epsilon_eq_species": 0.2345135639911464,
      "mean_abs_epsilon_ECOLI": 0.28992850806659515,
      "mean_abs_epsilon_HUMAN": 0.17026174620750698,
      "mean_abs_epsilon_YEAST": 0.24335043769933704,
      "median_log2_empirical_ECOLI": -1.8490147590637207,
      "median_log2_empirical_HUMAN": -0.00656890869140625,
      "median_log2_empirical_YEAST": 0.8574895858764648,
      "median_abs_epsilon_precision_global": 0.12667083740234375,
      "median_abs_epsilon_precision_eq_species": 0.14806445439656576,
      "median_abs_epsilon_precision_ECOLI": 0.1705183982849121,
      "median_abs_epsilon_precision_HUMAN": 0.120330810546875,
      "median_abs_epsilon_precision_YEAST": 0.15334415435791016,
      "mean_log2_empirical_ECOLI": -1.8113375552586717,
      "mean_log2_empirical_HUMAN": -0.023656353899060487,
      "mean_log2_empirical_YEAST": 0.828070075794213,
      "mean_abs_epsilon_precision_global": 0.1797163088486756,
      "mean_abs_epsilon_precision_eq_species": 0.21057852623760961,
      "mean_abs_epsilon_precision_ECOLI": 0.2543643736966212,
      "mean_abs_epsilon_precision_HUMAN": 0.17083459120985695,
      "mean_abs_epsilon_precision_YEAST": 0.2065366138063507,
      "CV_median": 0.10608557133009446,
      "CV_q75": 0.17966895360707566,
      "CV_q90": 0.2706774880735229,
      "CV_q95": 0.33703321240355344,
      "roc_auc": 0.9749465400572918,
      "roc_auc_directional": 0.9888675370413675,
      "nr_prec": 91153,
      "nr_prec_HUMAN": 73602,
      "nr_prec_YEAST": 13725,
      "nr_prec_ECOLI": 3826,
      "variance_epsilon_global": 0.07000612128292766
    },
    "5": {
      "median_abs_epsilon_global": 0.1403827667236328,
      "median_abs_epsilon_eq_species": 0.1893156369527181,
      "median_abs_epsilon_ECOLI": 0.23972225189208984,
      "median_abs_epsilon_HUMAN": 0.12676000595092773,
      "median_abs_epsilon_YEAST": 0.20146465301513672,
      "mean_abs_epsilon_global": 0.20184632690646834,
      "mean_abs_epsilon_eq_species": 0.2607120021446468,
      "mean_abs_epsilon_ECOLI": 0.33631802639536984,
      "mean_abs_epsilon_HUMAN": 0.18089523593684545,
      "mean_abs_epsilon_YEAST": 0.264922744101725,
      "median_log2_empirical_ECOLI": -1.8184919357299805,
      "median_log2_empirical_HUMAN": -0.006747722625732422,
      "median_log2_empirical_YEAST": 0.8418269157409668,
      "median_abs_epsilon_precision_global": 0.13585901260375977,
      "median_abs_epsilon_precision_eq_species": 0.16411336263020834,
      "median_abs_epsilon_precision_ECOLI": 0.19944095611572266,
      "median_abs_epsilon_precision_HUMAN": 0.12725496292114258,
      "median_abs_epsilon_precision_YEAST": 0.16564416885375977,
      "mean_log2_empirical_ECOLI": -1.7626355060685421,
      "mean_log2_empirical_HUMAN": -0.022838632778536157,
      "mean_log2_empirical_YEAST": 0.8088830956829587,
      "mean_abs_epsilon_precision_global": 0.19351253423164821,
      "mean_abs_epsilon_precision_eq_species": 0.2327658638013017,
      "mean_abs_epsilon_precision_ECOLI": 0.2933963128887201,
      "mean_abs_epsilon_precision_HUMAN": 0.18136015470474207,
      "mean_abs_epsilon_precision_YEAST": 0.223541123810443,
      "CV_median": 0.11120850905866217,
      "CV_q75": 0.18967287930990295,
      "CV_q90": 0.287379516373765,
      "CV_q95": 0.35827961779561274,
      "roc_auc": 0.9667039872073298,
      "roc_auc_directional": 0.985037463368537,
      "nr_prec": 103577,
      "nr_prec_HUMAN": 81982,
      "nr_prec_YEAST": 16616,
      "nr_prec_ECOLI": 4979,
      "variance_epsilon_global": 0.08283404410474116
    },
    "4": {
      "median_abs_epsilon_global": 0.14764022827148438,
      "median_abs_epsilon_eq_species": 0.20901266733805338,
      "median_abs_epsilon_ECOLI": 0.2822999954223633,
      "median_abs_epsilon_HUMAN": 0.13088130950927734,
      "median_abs_epsilon_YEAST": 0.21385669708251953,
      "mean_abs_epsilon_global": 0.2166972167210641,
      "mean_abs_epsilon_eq_species": 0.292300307748834,
      "mean_abs_epsilon_ECOLI": 0.4013063115474563,
      "mean_abs_epsilon_HUMAN": 0.1883159425980366,
      "mean_abs_epsilon_YEAST": 0.28727866910100913,
      "median_log2_empirical_ECOLI": -1.7775039672851562,
      "median_log2_empirical_HUMAN": -0.006901741027832031,
      "median_log2_empirical_YEAST": 0.8307723999023438,
      "median_abs_epsilon_precision_global": 0.1424417495727539,
      "median_abs_epsilon_precision_eq_species": 0.1812747319539388,
      "median_abs_epsilon_precision_ECOLI": 0.2352619171142578,
      "median_abs_epsilon_precision_HUMAN": 0.13128376007080078,
      "median_abs_epsilon_precision_YEAST": 0.1772785186767578,
      "mean_log2_empirical_ECOLI": -1.696674857815255,
      "mean_log2_empirical_HUMAN": -0.022365162765463496,
      "mean_log2_empirical_YEAST": 0.7922108315654279,
      "mean_abs_epsilon_precision_global": 0.2065802580135209,
      "mean_abs_epsilon_precision_eq_species": 0.2594042611139226,
      "mean_abs_epsilon_precision_ECOLI": 0.34633668063909523,
      "mean_abs_epsilon_precision_HUMAN": 0.18872613774368638,
      "mean_abs_epsilon_precision_YEAST": 0.24314996495898625,
      "CV_median": 0.11304828462734931,
      "CV_q75": 0.19348754363099946,
      "CV_q90": 0.2938242798041535,
      "CV_q95": 0.3677094131269243,
      "roc_auc": 0.9572978280920104,
      "roc_auc_directional": 0.97894329784988,
      "nr_prec": 111033,
      "nr_prec_HUMAN": 86289,
      "nr_prec_YEAST": 18583,
      "nr_prec_ECOLI": 6161,
      "variance_epsilon_global": 0.09863608580920039
    },
    "3": {
      "median_abs_epsilon_global": 0.1503005027770996,
      "median_abs_epsilon_eq_species": 0.21293369928995767,
      "median_abs_epsilon_ECOLI": 0.28541135787963867,
      "median_abs_epsilon_HUMAN": 0.13335609436035156,
      "median_abs_epsilon_YEAST": 0.2200336456298828,
      "mean_abs_epsilon_global": 0.22270640274744108,
      "mean_abs_epsilon_eq_species": 0.30027280677853013,
      "mean_abs_epsilon_ECOLI": 0.4112072787979097,
      "mean_abs_epsilon_HUMAN": 0.1933990382458998,
      "mean_abs_epsilon_YEAST": 0.2962121032917808,
      "median_log2_empirical_ECOLI": -1.773165225982666,
      "median_log2_empirical_HUMAN": -0.00690460205078125,
      "median_log2_empirical_YEAST": 0.8265728950500488,
      "median_abs_epsilon_precision_global": 0.14526915550231934,
      "median_abs_epsilon_precision_eq_species": 0.18490330378214517,
      "median_abs_epsilon_precision_ECOLI": 0.23941802978515625,
      "median_abs_epsilon_precision_HUMAN": 0.1336984634399414,
      "median_abs_epsilon_precision_YEAST": 0.1815934181213379,
      "mean_log2_empirical_ECOLI": -1.6860593125737946,
      "mean_log2_empirical_HUMAN": -0.02204062846079536,
      "mean_log2_empirical_YEAST": 0.7856771696459959,
      "mean_abs_epsilon_precision_global": 0.21231026433337924,
      "mean_abs_epsilon_precision_eq_species": 0.26674698112434236,
      "mean_abs_epsilon_precision_ECOLI": 0.355484337778116,
      "mean_abs_epsilon_precision_HUMAN": 0.19378036658376072,