{
  "old_new": "new",
  "id": "DIA-NN_20260309_104701",
  "software_name": "DIA-NN",
  "software_version": "1.9.2",
  "search_engine": "DIA-NN",
  "search_engine_version": "1.9.2",
  "ident_fdr_psm": 0.01,
  "ident_fdr_peptide": NaN,
  "ident_fdr_protein": NaN,
  "enable_match_between_runs": true,
  "precursor_mass_tolerance": "[-13.8504 ppm, 13.8504 ppm]",
  "fragment_mass_tolerance": "[-11.5251 ppm, 11.5251 ppm]",
  "enzyme": "Trypsin/P",
  "allowed_miscleavages": 1,
  "min_peptide_length": 6,
  "max_peptide_length": 30,
  "is_temporary": false,
  "intermediate_hash": "69f1ca272df9e087cdb4156ac79f8d3e2c51943f",
  "results": {
    "6": {
      "median_abs_epsilon_global": 0.12195974288637501,
      "median_abs_epsilon_eq_species": 0.16026498395342545,
      "median_abs_epsilon_ECOLI": 0.17727901324448414,
      "median_abs_epsilon_HUMAN": 0.10857864901620218,
      "median_abs_epsilon_YEAST": 0.19493728959959,
      "mean_abs_epsilon_global": 0.17817277209696575,
      "mean_abs_epsilon_eq_species": 0.22457586614234568,
      "mean_abs_epsilon_ECOLI": 0.26245780604060137,
      "mean_abs_epsilon_HUMAN": 0.16011174573816989,
      "mean_abs_epsilon_YEAST": 0.2511580466482657,
      "median_log2_empirical_ECOLI": -1.8899356552876885,
      "median_log2_empirical_HUMAN": -0.036535713378114565,
      "median_log2_empirical_YEAST": 0.8286867906480495,
      "median_abs_epsilon_precision_global": 0.11145898817827593,
      "median_abs_epsilon_precision_eq_species": 0.13353048971815085,
      "median_abs_epsilon_precision_ECOLI": 0.15912574606121765,
      "median_abs_epsilon_precision_HUMAN": 0.10542711131465055,
      "median_abs_epsilon_precision_YEAST": 0.13603861177858434,
      "mean_log2_empirical_ECOLI": -1.846455705535047,
      "mean_log2_empirical_HUMAN": -0.04973500595592565,
      "mean_log2_empirical_YEAST": 0.8053424133105027,
      "mean_abs_epsilon_precision_global": 0.16592154692914132,
      "mean_abs_epsilon_precision_eq_species": 0.19782793210162697,
      "mean_abs_epsilon_precision_ECOLI": 0.24375854239759032,
      "mean_abs_epsilon_precision_HUMAN": 0.15679355954751467,
      "mean_abs_epsilon_precision_YEAST": 0.19293169435977597,
      "CV_median": 0.08961657660635458,
      "CV_q75": 0.1580280211913629,
      "CV_q90": 0.24877732326659324,
      "CV_q95": 0.3200450902877624,
      "roc_auc": 0.9752365248278134,
      "roc_auc_directional": 0.9897669938851692,
      "nr_prec": 83402,
      "nr_prec_HUMAN": 67295,
      "nr_prec_YEAST": 12581,
      "nr_prec_ECOLI": 3526,
      "variance_epsilon_global": 0.06458587261795899
    },
    "5": {
      "median_abs_epsilon_global": 0.13100482258104584,
      "median_abs_epsilon_eq_species": 0.1768316561420029,
      "median_abs_epsilon_ECOLI": 0.20597755427830577,
      "median_abs_epsilon_HUMAN": 0.11537053972720557,
      "median_abs_epsilon_YEAST": 0.2091468744204974,
      "mean_abs_epsilon_global": 0.19619412238092337,
      "mean_abs_epsilon_eq_species": 0.25369035478998336,
      "mean_abs_epsilon_ECOLI": 0.3131223879589575,
      "mean_abs_epsilon_HUMAN": 0.17282450136718294,
      "mean_abs_epsilon_YEAST": 0.27512417504380965,
      "median_log2_empirical_ECOLI": -1.862324166223086,
      "median_log2_empirical_HUMAN": -0.0367982470539836,
      "median_log2_empirical_YEAST": 0.8184709057296615,
      "median_abs_epsilon_precision_global": 0.120237359602962,
      "median_abs_epsilon_precision_eq_species": 0.14996155945122483,
      "median_abs_epsilon_precision_ECOLI": 0.18804937627672125,
      "median_abs_epsilon_precision_HUMAN": 0.11220930674542373,
      "median_abs_epsilon_precision_YEAST": 0.14962599533152954,
      "mean_log2_empirical_ECOLI": -1.7929264139246386,
      "mean_log2_empirical_HUMAN": -0.050244651052464694,
      "mean_log2_empirical_YEAST": 0.7880887901460276,
      "mean_abs_epsilon_precision_global": 0.18295109670626744,
      "mean_abs_epsilon_precision_eq_species": 0.2248905942330528,
      "mean_abs_epsilon_precision_ECOLI": 0.28943640159381007,
      "mean_abs_epsilon_precision_HUMAN": 0.16964228804132267,
      "mean_abs_epsilon_precision_YEAST": 0.2155930930640256,
      "CV_median": 0.09467074052634289,
      "CV_q75": 0.16835295602175424,
      "CV_q90": 0.26797496124543785,
      "CV_q95": 0.3483254444809298,
      "roc_auc": 0.9658713106417002,
      "roc_auc_directional": 0.98426543414444,
      "nr_prec": 94845,
      "nr_prec_HUMAN": 74923,
      "nr_prec_YEAST": 15225,
      "nr_prec_ECOLI": 4697,
      "variance_epsilon_global": 0.08230662497405691
    },
    "4": {
      "median_abs_epsilon_global": 0.13761875161635473,
      "median_abs_epsilon_eq_species": 0.19535863033692843,
      "median_abs_epsilon_ECOLI": 0.245690675048027,
      "median_abs_epsilon_HUMAN": 0.11918421970266024,
      "median_abs_epsilon_YEAST": 0.22120099626009804,
      "mean_abs_epsilon_global": 0.21238217327922415,
      "mean_abs_epsilon_eq_species": 0.2875361259981737,
      "mean_abs_epsilon_ECOLI": 0.38460058762825694,
      "mean_abs_epsilon_HUMAN": 0.18144343818255812,
      "mean_abs_epsilon_YEAST": 0.2965643521837061,
      "median_log2_empirical_ECOLI": -1.825583944212024,
      "median_log2_empirical_HUMAN": -0.03748134061895492,
      "median_log2_empirical_YEAST": 0.8115446614206938,
      "median_abs_epsilon_precision_global": 0.12697360177716632,
      "median_abs_epsilon_precision_eq_species": 0.167806265838539,
      "median_abs_epsilon_precision_ECOLI": 0.2271637576062373,
      "median_abs_epsilon_precision_HUMAN": 0.1159067568472949,
      "median_abs_epsilon_precision_YEAST": 0.16034828306208482,
      "mean_log2_empirical_ECOLI": -1.7275784184192122,
      "mean_log2_empirical_HUMAN": -0.05081317101886406,
      "mean_log2_empirical_YEAST": 0.7750569867619894,
      "mean_abs_epsilon_precision_global": 0.1980091138453099,
      "mean_abs_epsilon_precision_eq_species": 0.25597294688627953,
      "mean_abs_epsilon_precision_ECOLI": 0.3536742455761691,
      "mean_abs_epsilon_precision_HUMAN": 0.17823943480051027,
      "mean_abs_epsilon_precision_YEAST": 0.23600516028215915,
      "CV_median": 0.09642047916280272,
      "CV_q75": 0.1724324642381389,
      "CV_q90": 0.27576872079665465,
      "CV_q95": 0.36000732480844216,
      "roc_auc": 0.9574059493652947,
      "roc_auc_directional": 0.9771680288191572,
      "nr_prec": 101555,
      "nr_prec_HUMAN": 78748,
      "nr_prec_YEAST": 16941,
      "nr_prec_ECOLI": 5866,
      "variance_epsilon_global": 0.10225648578939682
    },
    "3": {
      "median_abs_epsilon_global": 0.14036225944970138,
      "median_abs_epsilon_eq_species": 0.20049880931225328,
      "median_abs_epsilon_ECOLI": 0.2534544688585818,
      "median_abs_epsilon_HUMAN": 0.12128101457460261,
      "median_abs_epsilon_YEAST": 0.22676094450357542,
      "mean_abs_epsilon_global": 0.21972690011747692,
      "mean_abs_epsilon_eq_species": 0.2978147105070735,
      "mean_abs_epsilon_ECOLI": 0.39872303744287074,
      "mean_abs_epsilon_HUMAN": 0.18717353457504723,
      "mean_abs_epsilon_YEAST": 0.30754755950330237,
      "median_log2_empirical_ECOLI": -1.8178116272678562,
      "median_log2_empirical_HUMAN": -0.037452061033246054,
      "median_log2_empirical_YEAST": 0.8079798926013657,
      "median_abs_epsilon_precision_global": 0.1297737230742637,
      "median_abs_epsilon_precision_eq_species": 0.17199281008700287,
      "median_abs_epsilon_precision_ECOLI": 0.2328868402632036,
      "median_abs_epsilon_precision_HUMAN": 0.11811677166905454,
      "median_abs_epsilon_precision_YEAST": 0.1649748183287505,
      "mean_log2_empirical_ECOLI": -1.7141450734141384,
      "mean_log2_empirical_HUMAN": -0.05016466516701984,
      "mean_log2_empirical_YEAST": 0.7683986789491609,
      "mean_abs_epsilon_precision_global": 0.20506604075120377,
      "mean_abs_epsilon_precision_eq_species": 0.26571560693267265,
      "mean_abs_epsilon_precision_ECOLI": 0.3668728244208167,
      "mean_abs_epsilon_precision_HUMAN": 0.1839785321013216,