{
  "old_new": "new",
  "id": "AlphaDIA_20260309_103544",
  "software_name": "AlphaDIA",
  "software_version": "1.12.1",
  "search_engine": "AlphaDIA",
  "search_engine_version": NaN,
  "ident_fdr_psm": "0.01",
  "ident_fdr_peptide": NaN,
  "ident_fdr_protein": "0.01",
  "enable_match_between_runs": true,
  "precursor_mass_tolerance": "[-0 ppm, 0 ppm]",
  "fragment_mass_tolerance": "[-0 ppm, 0 ppm]",
  "enzyme": "trypsin/p ",
  "allowed_miscleavages": "1",
  "min_peptide_length": 6,
  "max_peptide_length": 30,
  "is_temporary": false,
  "intermediate_hash": "6f264379ee7d3a997fdbd6b15f5a1922ba1bad85",
  "results": {
    "6": {
      "median_abs_epsilon_global": 0.1684249242250555,
      "median_abs_epsilon_eq_species": 0.2751808696338586,
      "median_abs_epsilon_ECOLI": 0.3983715375318697,
      "median_abs_epsilon_HUMAN": 0.14849217732687947,
      "median_abs_epsilon_YEAST": 0.27867889404282664,
      "mean_abs_epsilon_global": 0.26622003364552915,
      "mean_abs_epsilon_eq_species": 0.3869428397765753,
      "mean_abs_epsilon_ECOLI": 0.5451980121305555,
      "mean_abs_epsilon_HUMAN": 0.2348894432304615,
      "mean_abs_epsilon_YEAST": 0.38074106396870877,
      "median_log2_empirical_ECOLI": -1.6648333867384455,
      "median_log2_empirical_HUMAN": 0.007665634156293066,
      "median_log2_empirical_YEAST": 0.7847003936766015,
      "median_abs_epsilon_precision_global": 0.1608678499746654,
      "median_abs_epsilon_precision_eq_species": 0.22006856070585368,
      "median_abs_epsilon_precision_ECOLI": 0.29376904170193274,
      "median_abs_epsilon_precision_HUMAN": 0.14819145201519746,
      "median_abs_epsilon_precision_YEAST": 0.21824518840043083,
      "mean_log2_empirical_ECOLI": -1.56691803528061,
      "mean_log2_empirical_HUMAN": 0.014096257340459929,
      "mean_log2_empirical_YEAST": 0.7582698473099175,
      "mean_abs_epsilon_precision_global": 0.2545506852861812,
      "mean_abs_epsilon_precision_eq_species": 0.333552704405178,
      "mean_abs_epsilon_precision_ECOLI": 0.4434122125118497,
      "mean_abs_epsilon_precision_HUMAN": 0.2348445177641752,
      "mean_abs_epsilon_precision_YEAST": 0.322401382939509,
      "CV_median": 0.11745064493129104,
      "CV_q75": 0.25177880808773323,
      "CV_q90": 0.38673254928269607,
      "CV_q95": 0.49867834538520706,
      "roc_auc": 0.9136003267150017,
      "roc_auc_directional": 0.9437425936802941,
      "nr_prec": 58172,
      "nr_prec_HUMAN": 48319,
      "nr_prec_YEAST": 7509,
      "nr_prec_ECOLI": 2344,
      "variance_epsilon_global": 0.1693678972976936
    },
    "5": {
      "median_abs_epsilon_global": 0.1811418533298612,
      "median_abs_epsilon_eq_species": 0.30320424504173477,
      "median_abs_epsilon_ECOLI": 0.45798309644752866,
      "median_abs_epsilon_HUMAN": 0.1548805236839197,
      "median_abs_epsilon_YEAST": 0.296749114993756,
      "mean_abs_epsilon_global": 0.2858454612026356,
      "mean_abs_epsilon_eq_species": 0.41818727706126113,
      "mean_abs_epsilon_ECOLI": 0.6043116524264893,
      "mean_abs_epsilon_HUMAN": 0.24470585983233073,
      "mean_abs_epsilon_YEAST": 0.40554431892496334,
      "median_log2_empirical_ECOLI": -1.5929028193117896,
      "median_log2_empirical_HUMAN": 0.006493250534955308,
      "median_log2_empirical_YEAST": 0.7718601226798185,
      "median_abs_epsilon_precision_global": 0.1718511581418376,
      "median_abs_epsilon_precision_eq_species": 0.2431465784717215,
      "median_abs_epsilon_precision_ECOLI": 0.33847204844060563,
      "median_abs_epsilon_precision_HUMAN": 0.15550486247409445,
      "median_abs_epsilon_precision_YEAST": 0.2354628245004644,
      "mean_log2_empirical_ECOLI": -1.4977338421161932,
      "mean_log2_empirical_HUMAN": 0.010833835141908678,
      "mean_log2_empirical_YEAST": 0.7315968785716079,
      "mean_abs_epsilon_precision_global": 0.27024153034503356,
      "mean_abs_epsilon_precision_eq_species": 0.35339218825702773,
      "mean_abs_epsilon_precision_ECOLI": 0.47235228402020524,
      "mean_abs_epsilon_precision_HUMAN": 0.24465084549647456,
      "mean_abs_epsilon_precision_YEAST": 0.3431734352544034,
      "CV_median": 0.12259051757744452,
      "CV_q75": 0.2609124650359982,
      "CV_q90": 0.4016717552036483,
      "CV_q95": 0.5233418011708435,
      "roc_auc": 0.9043957914024984,
      "roc_auc_directional": 0.9332264659276444,
      "nr_prec": 65182,
      "nr_prec_HUMAN": 52746,
      "nr_prec_YEAST": 9008,
      "nr_prec_ECOLI": 3428,
      "variance_epsilon_global": 0.1935668594186124
    },
    "4": {
      "median_abs_epsilon_global": 0.1886398792309354,
      "median_abs_epsilon_eq_species": 0.32306920156992075,
      "median_abs_epsilon_ECOLI": 0.49653291702412616,
      "median_abs_epsilon_HUMAN": 0.15936342874738507,
      "median_abs_epsilon_YEAST": 0.31331125893825096,
      "mean_abs_epsilon_global": 0.30213012214778057,
      "mean_abs_epsilon_eq_species": 0.44868806835708885,
      "mean_abs_epsilon_ECOLI": 0.6621519491208053,
      "mean_abs_epsilon_HUMAN": 0.25299137373432945,
      "mean_abs_epsilon_YEAST": 0.43092088221613173,
      "median_log2_empirical_ECOLI": -1.5530885060609307,
      "median_log2_empirical_HUMAN": 0.005769729613646746,
      "median_log2_empirical_YEAST": 0.7672923405902985,
      "median_abs_epsilon_precision_global": 0.17915757497253892,
      "median_abs_epsilon_precision_eq_species": 0.2603518697976508,
      "median_abs_epsilon_precision_ECOLI": 0.3701507250479299,
      "median_abs_epsilon_precision_HUMAN": 0.15962028503437153,
      "median_abs_epsilon_precision_YEAST": 0.25128459931065095,
      "mean_log2_empirical_ECOLI": -1.4440429686963312,
      "mean_log2_empirical_HUMAN": 0.009620564690218625,
      "mean_log2_empirical_YEAST": 0.724036935610311,
      "mean_abs_epsilon_precision_global": 0.2849986078704092,
      "mean_abs_epsilon_precision_eq_species": 0.3805594917551047,
      "mean_abs_epsilon_precision_ECOLI": 0.5196747141473143,
      "mean_abs_epsilon_precision_HUMAN": 0.2529484666964424,
      "mean_abs_epsilon_precision_YEAST": 0.3690552944215572,
      "CV_median": 0.12464372086379333,
      "CV_q75": 0.2649940174688564,
      "CV_q90": 0.40817094800875253,
      "CV_q95": 0.533359154678968,
      "roc_auc": 0.8957934223843882,
      "roc_auc_directional": 0.9204122643052769,
      "nr_prec": 69092,
      "nr_prec_HUMAN": 55035,
      "nr_prec_YEAST": 10191,
      "nr_prec_ECOLI": 3866,
      "variance_epsilon_global": 0.22010836740249284
    },
    "3": {
      "median_abs_epsilon_global": 0.19226598738678735,
      "median_abs_epsilon_eq_species": 0.3273667494357057,
      "median_abs_epsilon_ECOLI": 0.4996809959183466,
      "median_abs_epsilon_HUMAN": 0.16250165303296527,
      "median_abs_epsilon_YEAST": 0.3199175993558052,
      "mean_abs_epsilon_global": 0.3091044740841715,
      "mean_abs_epsilon_eq_species": 0.4574051171951663,
      "mean_abs_epsilon_ECOLI": 0.671704373693842,
      "mean_abs_epsilon_HUMAN": 0.25890600989346363,
      "mean_abs_epsilon_YEAST": 0.4416049679981932,
      "median_log2_empirical_ECOLI": -1.5494467417373734,
      "median_log2_empirical_HUMAN": 0.0061073303214769226,
      "median_log2_empirical_YEAST": 0.7617559432985272,
      "median_abs_epsilon_precision_global": 0.18247890472889683,
      "median_abs_epsilon_precision_eq_species": 0.2647870381697344,
      "median_abs_epsilon_precision_ECOLI": 0.37441507976397936,
      "median_abs_epsilon_precision_HUMAN": 0.16235097249365538,
      "median_abs_epsilon_precision_YEAST": 0.2575950622515686,
      "mean_log2_empirical_ECOLI": -1.4339632259861337,
      "mean_log2_empirical_HUMAN": 0.010799587814595975,
      "mean_log2_empirical_YEAST": 0.7177247462843356,
      "mean_abs_epsilon_precision_global": 0.2917323430057602,
      "mean_abs_epsilon_precision_eq_species": 0.3886746190900408,
      "mean_abs_epsilon_precision_ECOLI": 0.5284207731147336,
      "mean_abs_epsilon_precision_HUMAN": 0.25886875648677177,