{
  "id": "FragPipe (DIA-NN quant)_20251027_131430",
  "software_name": "FragPipe (DIA-NN quant)",
  "software_version": "22.0",
  "search_engine": "MSFragger",
  "search_engine_version": NaN,
  "ident_fdr_psm": 0.01,
  "ident_fdr_peptide": NaN,
  "ident_fdr_protein": 0.01,
  "enable_match_between_runs": false,
  "precursor_mass_tolerance": "[-10 ppm, 10 ppm]",
  "fragment_mass_tolerance": "[-20 ppm, 20 ppm]",
  "enzyme": "Trypsin/P",
  "allowed_miscleavages": 1,
  "min_peptide_length": 7,
  "max_peptide_length": 50,
  "is_temporary": false,
  "intermediate_hash": "70722cf5b1691aaff3ee4ce56910dbd8b41701a5",
  "results": {
    "6": {
      "median_abs_epsilon_global": 0.1167501093430614,
      "median_abs_epsilon_eq_species": 0.18528435225950002,
      "median_abs_epsilon_ECOLI": 0.25759948274246725,
      "median_abs_epsilon_HUMAN": 0.09911065517126971,
      "median_abs_epsilon_YEAST": 0.1991429188647631,
      "mean_abs_epsilon_global": 0.17658482587946267,
      "mean_abs_epsilon_eq_species": 0.2556972873778136,
      "mean_abs_epsilon_ECOLI": 0.3629707598843279,
      "mean_abs_epsilon_HUMAN": 0.1491142959024674,
      "mean_abs_epsilon_YEAST": 0.2550068063466456,
      "median_log2_empirical_ECOLI": -1.7622567237873277,
      "median_log2_empirical_HUMAN": -0.008672424875378226,
      "median_log2_empirical_YEAST": 0.8230111644430247,
      "median_abs_epsilon_precision_global": 0.10616712532486972,
      "median_abs_epsilon_precision_eq_species": 0.1322672018976562,
      "median_abs_epsilon_precision_ECOLI": 0.16581200333114587,
      "median_abs_epsilon_precision_HUMAN": 0.09896304967703173,
      "median_abs_epsilon_precision_YEAST": 0.13202655268479102,
      "mean_log2_empirical_ECOLI": -1.6861888009445394,
      "mean_log2_empirical_HUMAN": -0.019772271545562048,
      "mean_log2_empirical_YEAST": 0.7985765926199874,
      "mean_abs_epsilon_precision_global": 0.1625304607596996,
      "mean_abs_epsilon_precision_eq_species": 0.20599628704659226,
      "mean_abs_epsilon_precision_ECOLI": 0.276938074830323,
      "mean_abs_epsilon_precision_HUMAN": 0.1492755958940473,
      "mean_abs_epsilon_precision_YEAST": 0.19177519041540642,
      "CV_median": 0.08592846649322075,
      "CV_q75": 0.15166562760610286,
      "CV_q90": 0.24247305533413646,
      "CV_q95": 0.3121564807301538,
      "variance_epsilon_global": 0.06938349444581839,
      "nr_feature": 75928,
      "roc_auc": 0.9768588360731182
    },
    "5": {
      "median_abs_epsilon_global": 0.12197697423045284,
      "median_abs_epsilon_eq_species": 0.19754329445116556,
      "median_abs_epsilon_ECOLI": 0.28497011162147157,
      "median_abs_epsilon_HUMAN": 0.10204969635604044,
      "median_abs_epsilon_YEAST": 0.20561007537598464,
      "mean_abs_epsilon_global": 0.18815122673411397,
      "mean_abs_epsilon_eq_species": 0.27729541922433304,
      "mean_abs_epsilon_ECOLI": 0.4091643541241544,
      "mean_abs_epsilon_HUMAN": 0.15544555306009739,
      "mean_abs_epsilon_YEAST": 0.2672763504887473,
      "median_log2_empirical_ECOLI": -1.734690243426055,
      "median_log2_empirical_HUMAN": -0.008491587099426212,
      "median_log2_empirical_YEAST": 0.8190556462838305,
      "median_abs_epsilon_precision_global": 0.1110594870191175,
      "median_abs_epsilon_precision_eq_species": 0.14429950313658324,
      "median_abs_epsilon_precision_ECOLI": 0.19110231939027855,
      "median_abs_epsilon_precision_HUMAN": 0.102114052698278,
      "median_abs_epsilon_precision_YEAST": 0.13968213732119317,
      "mean_log2_empirical_ECOLI": -1.6393718102441754,
      "mean_log2_empirical_HUMAN": -0.01919904731048186,
      "mean_log2_empirical_YEAST": 0.7910986389768219,
      "mean_abs_epsilon_precision_global": 0.17261411501143006,
      "mean_abs_epsilon_precision_eq_species": 0.22425811235071633,
      "mean_abs_epsilon_precision_ECOLI": 0.3131757236122109,
      "mean_abs_epsilon_precision_HUMAN": 0.15558199790547542,
      "mean_abs_epsilon_precision_YEAST": 0.2040166155344626,
      "CV_median": 0.08858430437463086,
      "CV_q75": 0.15764060223819748,
      "CV_q90": 0.2535933583457973,
      "CV_q95": 0.3289979341152084,
      "variance_epsilon_global": 0.08089727010348091,
      "nr_feature": 80701,
      "roc_auc": 0.9722511788698781
    },
    "4": {
      "median_abs_epsilon_global": 0.1244396708270683,
      "median_abs_epsilon_eq_species": 0.2059785793880217,
      "median_abs_epsilon_ECOLI": 0.3041627707984125,
      "median_abs_epsilon_HUMAN": 0.10345460066193635,
      "median_abs_epsilon_YEAST": 0.2103183667037163,
      "mean_abs_epsilon_global": 0.19552936038705512,
      "mean_abs_epsilon_eq_species": 0.29340155664119555,
      "mean_abs_epsilon_ECOLI": 0.4449501700635991,
      "mean_abs_epsilon_HUMAN": 0.15843665434680082,
      "mean_abs_epsilon_YEAST": 0.2768178455131868,
      "median_log2_empirical_ECOLI": -1.7167918283348627,
      "median_log2_empirical_HUMAN": -0.008672511371274005,
      "median_log2_empirical_YEAST": 0.8153416743178363,
      "median_abs_epsilon_precision_global": 0.11372001812477972,
      "median_abs_epsilon_precision_eq_species": 0.152681653776777,
      "median_abs_epsilon_precision_ECOLI": 0.2109212601666206,
      "median_abs_epsilon_precision_HUMAN": 0.1033952592353824,
      "median_abs_epsilon_precision_YEAST": 0.143728441928328,
      "mean_log2_empirical_ECOLI": -1.6047941032177544,
      "mean_log2_empirical_HUMAN": -0.01971842999655746,
      "mean_log2_empirical_YEAST": 0.7838919046771596,
      "mean_abs_epsilon_precision_global": 0.17915308818824255,
      "mean_abs_epsilon_precision_eq_species": 0.23892841904002052,
      "mean_abs_epsilon_precision_ECOLI": 0.3453162732577586,
      "mean_abs_epsilon_precision_HUMAN": 0.1585876687239732,
      "mean_abs_epsilon_precision_YEAST": 0.21288131513832978,
      "CV_median": 0.08933994081436973,
      "CV_q75": 0.1593849336737851,
      "CV_q90": 0.25692679277611974,
      "CV_q95": 0.33413891737995843,
      "variance_epsilon_global": 0.08986624267170434,
      "nr_feature": 82734,
      "roc_auc": 0.9685590483984998
    },
    "3": {
      "median_abs_epsilon_global": 0.12562993517651222,
      "median_abs_epsilon_eq_species": 0.20811529325608044,
      "median_abs_epsilon_ECOLI": 0.30810673588130655,
      "median_abs_epsilon_HUMAN": 0.1042411602105382,
      "median_abs_epsilon_YEAST": 0.21199798367639655,
      "mean_abs_epsilon_global": 0.198640884313828,
      "mean_abs_epsilon_eq_species": 0.298120693464821,
      "mean_abs_epsilon_ECOLI": 0.4517942774169594,
      "mean_abs_epsilon_HUMAN": 0.16080760497216065,
      "mean_abs_epsilon_YEAST": 0.28176019800534285,
      "median_log2_empirical_ECOLI": -1.7146025365586777,
      "median_log2_empirical_HUMAN": -0.008686202803007248,
      "median_log2_empirical_YEAST": 0.8135365157185648,
      "median_abs_epsilon_precision_global": 0.11487010117289032,
      "median_abs_epsilon_precision_eq_species": 0.1547011545802528,
      "median_abs_epsilon_precision_ECOLI": 0.21413606568904253,
      "median_abs_epsilon_precision_HUMAN": 0.10434169129697324,
      "median_abs_epsilon_precision_YEAST": 0.14562570675474262,
      "mean_log2_empirical_ECOLI": -1.598229262120614,
      "mean_log2_empirical_HUMAN": -0.019566515131000776,
      "mean_log2_empirical_YEAST": 0.7812315021770465,
      "mean_abs_epsilon_precision_global": 0.1821750632820729,
      "mean_abs_epsilon_precision_eq_species": 0.24347755526662285,
      "mean_abs_epsilon_precision_ECOLI": 0.3518540066655047,
      "mean_abs_epsilon_precision_HUMAN": 0.16094401607618442,
      "mean_abs_epsilon_precision_YEAST": 0.21763464305817945,
      "CV_median": 0.08964694090063913,
      "CV_q75": 0.16012672884471815,
      "CV_q90": 0.25836938456803116,
      "CV_q95": 0.33613059656013633,
      "variance_epsilon_global": 0.09353011180889378,
      "nr_feature": 83939,
      "roc_auc": 0.9663400176975515
    },
    "2": {
      "median_abs_epsilon_global": 0.12608661795826492,