{
  "old_new": "new",
  "id": "FragPipe (DIA-NN quant)_20251027_131430",
  "software_name": "FragPipe (DIA-NN quant)",
  "software_version": "22.0",
  "search_engine": "MSFragger",
  "search_engine_version": null,
  "ident_fdr_psm": "0.01",
  "ident_fdr_peptide": null,
  "ident_fdr_protein": "0.01",
  "enable_match_between_runs": false,
  "precursor_mass_tolerance": "[-10 ppm, 10 ppm]",
  "fragment_mass_tolerance": "[-20 ppm, 20 ppm]",
  "enzyme": "Trypsin/P",
  "allowed_miscleavages": "1",
  "min_peptide_length": "7",
  "max_peptide_length": "50",
  "is_temporary": false,
  "intermediate_hash": "70722cf5b1691aaff3ee4ce56910dbd8b41701a5",
  "results": {
    "6": {
      "median_abs_epsilon": 0.11675095310022776,
      "mean_abs_epsilon": 0.17662868601510603,
      "variance_epsilon": 0.0694142652701842,
      "nr_prec": 76065,
      "CV_median": 0.08589467786241398,
      "CV_q75": 0.1516195499378809,
      "CV_q90": 0.2424885525175139,
      "CV_q95": 0.3122113677525046
    },
    "5": {
      "median_abs_epsilon": 0.12198244661382773,
      "mean_abs_epsilon": 0.1881954097766413,
      "variance_epsilon": 0.08092359149743082,
      "nr_prec": 80843,
      "CV_median": 0.08852973004941231,
      "CV_q75": 0.15759522145127883,
      "CV_q90": 0.25359627421297626,
      "CV_q95": 0.3290546278868939
    },
    "4": {
      "median_abs_epsilon": 0.12444820653842203,
      "mean_abs_epsilon": 0.19556978955407417,
      "variance_epsilon": 0.08988817153065486,
      "nr_prec": 82878,
      "CV_median": 0.0892899881045473,
      "CV_q75": 0.15935086344873048,
      "CV_q90": 0.2569350121901721,
      "CV_q95": 0.33419465653334524
    },
    "3": {
      "median_abs_epsilon": 0.1256420610264115,
      "mean_abs_epsilon": 0.19868757073353513,
      "variance_epsilon": 0.09355093462785154,
      "nr_prec": 84088,
      "CV_median": 0.0895895007033796,
      "CV_q75": 0.16008014561770254,
      "CV_q90": 0.2583715196803206,
      "CV_q95": 0.3361501308562568
    },
    "2": {
      "median_abs_epsilon": 0.1261259797502845,
      "mean_abs_epsilon": 0.20011699525398835,
      "variance_epsilon": 0.09559776838593231,
      "nr_prec": 84802,
      "CV_median": 0.08964816301823135,
      "CV_q75": 0.16023508931527652,
      "CV_q90": 0.25875212433158046,
      "CV_q95": 0.3366505117987487
    },
    "1": {
      "median_abs_epsilon": 0.1261259797502845,
      "mean_abs_epsilon": 0.20011699525398835,
      "variance_epsilon": 0.0955977683859323,
      "nr_prec": 85479,
      "CV_median": 0.08964816301823135,
      "CV_q75": 0.16023508931527652,
      "CV_q90": 0.25875212433158046,
      "CV_q95": 0.3366505117987487
    }
  },
  "median_abs_epsilon": 0.1256420610264115,
  "mean_abs_epsilon": 0.19868757073353513,
  "nr_prec": 84088,
  "comments": "",
  "proteobench_version": "0.10.3",
  "color": "#F89008",
  "hover_text": "ProteoBench ID: FragPipe (DIA-NN quant)_20251027_131430<br>Software tool: FragPipe (DIA-NN quant) <br>Comment (private submission): ...",
  "scatter_size": 20,
  "fixed_mods": "0.0,C-Term Peptide,true,-1; 0.0,N-Term Peptide,true,-1; 0.0,C-Term Protein,true,-1; 0.0,N-Term Protein,true,-1; 0.0,G (glycine),true,-1; 0.0,A (alanine),true,-1; 0.0,S (serine),true,-1; 0.0,P (proline),true,-1; 0.0,V (valine),true,-1; 0.0,T (threonine),true,-1; 57.02146,C (cysteine),true,-1; 0.0,L (leucine),true,-1; 0.0,I (isoleucine),true,-1; 0.0,N (asparagine),true,-1; 0.0,D (aspartic acid),true,-1; 0.0,Q (glutamine),true,-1; 0.0,K (lysine),true,-1; 0.0,E (glutamic acid),true,-1; 0.0,M (methionine),true,-1; 0.0,H (histidine),true,-1; 0.0,F (phenylalanine),true,-1; 0.0,R (arginine),true,-1; 0.0,Y (tyrosine),true,-1; 0.0,W (tryptophan),true,-1; 0.0,B ,true,-1; 0.0,J,true,-1; 0.0,O,true,-1; 0.0,U,true,-1; 0.0,X,true,-1; 0.0,Z,true,-1",
  "variable_mods": "15.9949,M,true,2; 42.0106,[^,true,1; 79.96633,STY,false,3; -17.0265,nQnC,false,1; -18.0106,nE,false,1; 4.025107,K,false,2; 6.020129,R,false,2; 8.014199,K,false,2; 10.008269,R,false,2; 0.0,site_10,false,1; 0.0,site_11,false,1; 0.0,site_12,false,1; 0.0,site_13,false,1; 0.0,site_14,false,1; 0.0,site_15,false,1; 0.0,site_16,false,1",
  "max_mods": "3",
  "min_precursor_charge": "1",
  "max_precursor_charge": "4",
  "quantification_method": "Robust LC (high accuracy)",
  "protein_inference": "ProteinProphet: --maxppmdiff 2000000",
  "abundance_normalization_ions": null,
  "submission_comments": "Resubmission of 28a185f6369077aaeae27518d00b61f591f46aba after changing quant column from Precursor.Quantity -> Precursor.Normalised\n\n ### Parameter changes detected:\n- **semi_enzymatic**: `False` \u2192 `[MISSING]`\n\nDataset URL: https://proteobench.cubimed.rub.de/datasets/70722cf5b1691aaff3ee4ce56910dbd8b41701a5/",
  "min_precursor_mz": "100.0",
  "max_precursor_mz": "4000.0",
  "min_fragment_mz": null,
  "max_fragment_mz": null,
  "predictors_library": "nan",
  "scan_window": "nan"
}