{
  "old_new": "new",
  "id": "Spectronaut_20250707_180234",
  "software_name": "Spectronaut",
  "software_version": "20.0.250606.92449",
  "search_engine": "Spectronaut",
  "search_engine_version": "20.0.250606.92449",
  "ident_fdr_psm": "0.01",
  "ident_fdr_peptide": null,
  "ident_fdr_protein": "0.01",
  "enable_match_between_runs": false,
  "precursor_mass_tolerance": "Dynamic",
  "fragment_mass_tolerance": "Dynamic",
  "enzyme": "Trypsin",
  "allowed_miscleavages": "1",
  "min_peptide_length": "6",
  "max_peptide_length": "30",
  "is_temporary": false,
  "intermediate_hash": "70db02f266ccc65bd8b3f88cbf538920264e7908",
  "results": {
    "6": {
      "median_abs_epsilon": 0.16446616145830273,
      "mean_abs_epsilon": 0.25673008061941466,
      "variance_epsilon": 0.15433430532080084,
      "nr_prec": 112868,
      "CV_median": 0.12827537428259517,
      "CV_q75": 0.22912624352377545,
      "CV_q90": 0.36572565457813566,
      "CV_q95": 0.4730045397135787
    },
    "5": {
      "median_abs_epsilon": 0.17317010628147056,
      "mean_abs_epsilon": 0.27818703142696155,
      "variance_epsilon": 0.19128571720137666,
      "nr_prec": 119716,
      "CV_median": 0.13241909655027723,
      "CV_q75": 0.2383587996774382,
      "CV_q90": 0.3838570730381619,
      "CV_q95": 0.49958512915316516
    },
    "4": {
      "median_abs_epsilon": 0.17735802645347887,
      "mean_abs_epsilon": 0.2933104080393311,
      "variance_epsilon": 0.22638853978606296,
      "nr_prec": 122668,
      "CV_median": 0.1337386323931079,
      "CV_q75": 0.24114501006152386,
      "CV_q90": 0.38957594800120765,
      "CV_q95": 0.5086671194250321
    },
    "3": {
      "median_abs_epsilon": 0.17821611746176114,
      "mean_abs_epsilon": 0.29874099612900806,
      "variance_epsilon": 0.2463417952417382,
      "nr_prec": 124177,
      "CV_median": 0.13422256158384072,
      "CV_q75": 0.24224999616653287,
      "CV_q90": 0.39160019854184475,
      "CV_q95": 0.5120910403195782
    },
    "2": {
      "median_abs_epsilon": 0.17861110414772874,
      "mean_abs_epsilon": 0.30148418696792795,
      "variance_epsilon": 0.25762153057632026,
      "nr_prec": 124622,
      "CV_median": 0.13432014747872212,
      "CV_q75": 0.24255806421292903,
      "CV_q90": 0.3923614773324122,
      "CV_q95": 0.5134697669933612
    },
    "1": {
      "median_abs_epsilon": 0.17861110414772874,
      "mean_abs_epsilon": 0.3014841869679279,
      "variance_epsilon": 0.25762153057632026,
      "nr_prec": 124807,
      "CV_median": 0.13432014747872212,
      "CV_q75": 0.24255806421292903,
      "CV_q90": 0.3923614773324122,
      "CV_q95": 0.5134697669933612
    }
  },
  "median_abs_epsilon": 0.17821611746176114,
  "mean_abs_epsilon": 0.29874099612900806,
  "nr_prec": 124177,
  "comments": "",
  "proteobench_version": "0.8.28",
  "color": "#007548",
  "hover_text": "ProteoBench ID: Spectronaut_20250707_180234<br>Software tool: Spectronaut <br>Comment (private submission): ...",
  "scatter_size": 20,
  "fixed_mods": "Carbamidomethyl (C)",
  "variable_mods": "Acetyl (Protein N-term), Oxidation (M)",
  "max_mods": "1",
  "min_precursor_charge": null,
  "max_precursor_charge": null,
  "quantification_method": "MS2",
  "protein_inference": "IDPicker",
  "abundance_normalization_ions": "True",
  "submission_comments": "\n\n ### Parameter changes detected:\n- **scan_window**: `Dynamic` \u2192 `[MISSING]`\n\nDataset URL: https://proteobench.cubimed.rub.de/datasets/70db02f266ccc65bd8b3f88cbf538920264e7908/"
}