{
  "old_new": "new",
  "id": "Spectronaut_20250711_075200",
  "software_name": "Spectronaut",
  "software_version": "20.0.250606.92449",
  "search_engine": "Spectronaut",
  "search_engine_version": "20.0.250606.92449",
  "ident_fdr_psm": 0.01,
  "ident_fdr_peptide": null,
  "ident_fdr_protein": 0.01,
  "enable_match_between_runs": false,
  "precursor_mass_tolerance": "Dynamic",
  "fragment_mass_tolerance": "Dynamic",
  "enzyme": "Trypsin/P",
  "allowed_miscleavages": 1,
  "min_peptide_length": 6,
  "max_peptide_length": 30,
  "is_temporary": false,
  "intermediate_hash": "77d349e2ce7f189e0b80d55a6bbeebde58b539c2",
  "results": {
    "6": {
      "median_abs_epsilon_global": 0.149788372231777,
      "median_abs_epsilon_eq_species": 0.25759715191522875,
      "median_abs_epsilon_ECOLI": 0.3327693700447778,
      "median_abs_epsilon_HUMAN": 0.12565646229061933,
      "median_abs_epsilon_YEAST": 0.3143656234102892,
      "mean_abs_epsilon_global": 0.22807627768204988,
      "mean_abs_epsilon_eq_species": 0.35677925918740655,
      "mean_abs_epsilon_ECOLI": 0.5006675117047332,
      "mean_abs_epsilon_HUMAN": 0.18139128452867312,
      "mean_abs_epsilon_YEAST": 0.38827898132881317,
      "median_log2_empirical_ECOLI": -1.6974784143992743,
      "median_log2_empirical_HUMAN": -0.055292193169504955,
      "median_log2_empirical_YEAST": 0.6973047465105386,
      "median_abs_epsilon_precision_global": 0.13279415782197468,
      "median_abs_epsilon_precision_eq_species": 0.195026263832727,
      "median_abs_epsilon_precision_ECOLI": 0.27821636465801713,
      "median_abs_epsilon_precision_HUMAN": 0.11874499073418665,
      "median_abs_epsilon_precision_YEAST": 0.1881174361059772,
      "mean_log2_empirical_ECOLI": -1.559662935100395,
      "mean_log2_empirical_HUMAN": -0.06369235256000913,
      "mean_log2_empirical_YEAST": 0.6458224920599022,
      "mean_abs_epsilon_precision_global": 0.19804112598379103,
      "mean_abs_epsilon_precision_eq_species": 0.2827153225894381,
      "mean_abs_epsilon_precision_ECOLI": 0.4169744397139686,
      "mean_abs_epsilon_precision_HUMAN": 0.17384246035974468,
      "mean_abs_epsilon_precision_YEAST": 0.2573290676946011,
      "CV_median": 0.10365169063539482,
      "CV_q75": 0.17550158640724373,
      "CV_q90": 0.26976539051313786,
      "CV_q95": 0.3443764506790331,
      "roc_auc": 0.9263817257812585,
      "roc_auc_directional": 0.9634255656111685,
      "nr_prec": 108053,
      "nr_prec_HUMAN": 86423,
      "nr_prec_YEAST": 16563,
      "nr_prec_ECOLI": 5067,
      "variance_epsilon_global": 0.10801083026373356
    },
    "5": {
      "median_abs_epsilon_global": 0.15744858198494294,
      "median_abs_epsilon_eq_species": 0.2956590139471804,
      "median_abs_epsilon_ECOLI": 0.42051796905039573,
      "median_abs_epsilon_HUMAN": 0.12900633991121735,
      "median_abs_epsilon_YEAST": 0.33745273287992816,
      "mean_abs_epsilon_global": 0.24537301814535079,
      "mean_abs_epsilon_eq_species": 0.39627453564999743,
      "mean_abs_epsilon_ECOLI": 0.5866953601802204,
      "mean_abs_epsilon_HUMAN": 0.18762329383044443,
      "mean_abs_epsilon_YEAST": 0.4145049529393274,
      "median_log2_empirical_ECOLI": -1.6017416528380588,
      "median_log2_empirical_HUMAN": -0.055098483646812024,
      "median_log2_empirical_YEAST": 0.6756333470354212,
      "median_abs_epsilon_precision_global": 0.14021956367869026,
      "median_abs_epsilon_precision_eq_species": 0.22072853276134433,
      "median_abs_epsilon_precision_ECOLI": 0.3370987934199867,
      "median_abs_epsilon_precision_HUMAN": 0.12211578375795007,
      "median_abs_epsilon_precision_YEAST": 0.20297102110609622,
      "mean_log2_empirical_ECOLI": -1.4670018006543684,
      "mean_log2_empirical_HUMAN": -0.06275011254988326,
      "mean_log2_empirical_YEAST": 0.6210830983873227,
      "mean_abs_epsilon_precision_global": 0.2107054931519779,
      "mean_abs_epsilon_precision_eq_species": 0.3071566522614677,
      "mean_abs_epsilon_precision_ECOLI": 0.4668511794349175,
      "mean_abs_epsilon_precision_HUMAN": 0.18030565391320708,
      "mean_abs_epsilon_precision_YEAST": 0.2743131234362785,
      "CV_median": 0.10647691307671307,
      "CV_q75": 0.18113806358688997,
      "CV_q90": 0.2806646310055754,
      "CV_q95": 0.3596468352349286,
      "roc_auc": 0.9131617582515665,
      "roc_auc_directional": 0.952965822107612,
      "nr_prec": 115602,
      "nr_prec_HUMAN": 90862,
      "nr_prec_YEAST": 18567,
      "nr_prec_ECOLI": 6173,
      "variance_epsilon_global": 0.12976883564511088
    },
    "4": {
      "median_abs_epsilon_global": 0.16193119994407157,
      "median_abs_epsilon_eq_species": 0.3253721057351881,
      "median_abs_epsilon_ECOLI": 0.4941321082676575,
      "median_abs_epsilon_HUMAN": 0.1305595347524573,
      "median_abs_epsilon_YEAST": 0.3514246741854494,
      "mean_abs_epsilon_global": 0.2585123339929612,
      "mean_abs_epsilon_eq_species": 0.42763491791708286,
      "mean_abs_epsilon_ECOLI": 0.6618345703532705,
      "mean_abs_epsilon_HUMAN": 0.19134305120775236,
      "mean_abs_epsilon_YEAST": 0.4297271321902257,
      "median_log2_empirical_ECOLI": -1.5222132875890138,
      "median_log2_empirical_HUMAN": -0.054953473320082935,
      "median_log2_empirical_YEAST": 0.662611133443102,
      "median_abs_epsilon_precision_global": 0.14418412529485236,
      "median_abs_epsilon_precision_eq_species": 0.2425924820069499,
      "median_abs_epsilon_precision_ECOLI": 0.39270669796709834,
      "median_abs_epsilon_precision_HUMAN": 0.1237647442915133,
      "median_abs_epsilon_precision_YEAST": 0.21130600376223807,
      "mean_log2_empirical_ECOLI": -1.388897418274829,
      "mean_log2_empirical_HUMAN": -0.062383122576137845,
      "mean_log2_empirical_YEAST": 0.6080001637892669,
      "mean_abs_epsilon_precision_global": 0.22001160520670898,
      "mean_abs_epsilon_precision_eq_species": 0.3259832994850009,
      "mean_abs_epsilon_precision_ECOLI": 0.5088981051103848,
      "mean_abs_epsilon_precision_HUMAN": 0.1841244612763716,
      "mean_abs_epsilon_precision_YEAST": 0.2849273320682462,
      "CV_median": 0.10741343550655341,
      "CV_q75": 0.18296340219661145,
      "CV_q90": 0.2836555919299842,
      "CV_q95": 0.3651135242419786,
      "roc_auc": 0.9050771552669896,
      "roc_auc_directional": 0.943386312121771,
      "nr_prec": 119198,
      "nr_prec_HUMAN": 92515,
      "nr_prec_YEAST": 19593,
      "nr_prec_ECOLI": 7090,
      "variance_epsilon_global": 0.15023274647749207
    },
    "3": {
      "median_abs_epsilon_global": 0.1631070808661934,
      "median_abs_epsilon_eq_species": 0.32812587846251695,
      "median_abs_epsilon_ECOLI": 0.4988045694129366,
      "median_abs_epsilon_HUMAN": 0.13144613139575645,
      "median_abs_epsilon_YEAST": 0.3541269345788578,
      "mean_abs_epsilon_global": 0.26299209827983616,
      "mean_abs_epsilon_eq_species": 0.4330919773896879,
      "mean_abs_epsilon_ECOLI": 0.6691791455776456,
      "mean_abs_epsilon_HUMAN": 0.1953875631125684,
      "mean_abs_epsilon_YEAST": 0.43470922347884966,
      "median_log2_empirical_ECOLI": -1.5165474510425456,
      "median_log2_empirical_HUMAN": -0.054844560930852104,
      "median_log2_empirical_YEAST": 0.660131447748701,
      "median_abs_epsilon_precision_global": 0.1453535173997078,
      "median_abs_epsilon_precision_eq_species": 0.24510123063417533,
      "median_abs_epsilon_precision_ECOLI": 0.3973860158101088,
      "median_abs_epsilon_precision_HUMAN": 0.12460233930720133,
      "median_abs_epsilon_precision_YEAST": 0.21331533678521586,
      "mean_log2_empirical_ECOLI": -1.3815856697307622,
      "mean_log2_empirical_HUMAN": -0.06195799218082996,
      "mean_log2_empirical_YEAST": 0.6054666781694792,
      "mean_abs_epsilon_precision_global": 0.224258182259464,
      "mean_abs_epsilon_precision_eq_species": 0.3306040296175533,
      "mean_abs_epsilon_precision_ECOLI": 0.514381531202314,
      "mean_abs_epsilon_precision_HUMAN": 0.18822537323070834,