{
  "old_new": "new",
  "id": "Spectronaut_20250711_075200",
  "software_name": "Spectronaut",
  "software_version": "20.0.250606.92449",
  "search_engine": "Spectronaut",
  "search_engine_version": "20.0.250606.92449",
  "ident_fdr_psm": "0.01",
  "ident_fdr_peptide": null,
  "ident_fdr_protein": "0.01",
  "enable_match_between_runs": false,
  "precursor_mass_tolerance": "Dynamic",
  "fragment_mass_tolerance": "Dynamic",
  "enzyme": "Trypsin/P",
  "allowed_miscleavages": "1",
  "min_peptide_length": "6",
  "max_peptide_length": "30",
  "is_temporary": false,
  "intermediate_hash": "77d349e2ce7f189e0b80d55a6bbeebde58b539c2",
  "results": {
    "6": {
      "median_abs_epsilon": 0.14974317362342848,
      "mean_abs_epsilon": 0.22810499432771994,
      "variance_epsilon": 0.1080354245643082,
      "nr_prec": 108322,
      "CV_median": 0.10359201942708093,
      "CV_q75": 0.17546667291619522,
      "CV_q90": 0.26971062599538037,
      "CV_q95": 0.34431612220749863
    },
    "5": {
      "median_abs_epsilon": 0.15741346272312118,
      "mean_abs_epsilon": 0.2453594395766934,
      "variance_epsilon": 0.12973992505300705,
      "nr_prec": 115878,
      "CV_median": 0.10641080192741134,
      "CV_q75": 0.181099342333485,
      "CV_q90": 0.2806559820110873,
      "CV_q95": 0.35964864193927293
    },
    "4": {
      "median_abs_epsilon": 0.1618766233993858,
      "mean_abs_epsilon": 0.2584904084247895,
      "variance_epsilon": 0.15019151861355629,
      "nr_prec": 119478,
      "CV_median": 0.10735327513494922,
      "CV_q75": 0.18290848796407172,
      "CV_q90": 0.28363703603444257,
      "CV_q95": 0.36509459576748726
    },
    "3": {
      "median_abs_epsilon": 0.1630489613658641,
      "mean_abs_epsilon": 0.2629599519265514,
      "variance_epsilon": 0.15998210959737988,
      "nr_prec": 121741,
      "CV_median": 0.10782888054810794,
      "CV_q75": 0.1837010657680702,
      "CV_q90": 0.28562321764758974,
      "CV_q95": 0.3681757218984887
    },
    "2": {
      "median_abs_epsilon": 0.16378574130858325,
      "mean_abs_epsilon": 0.2643379230263656,
      "variance_epsilon": 0.1616918022388131,
      "nr_prec": 122869,
      "CV_median": 0.10786828313004052,
      "CV_q75": 0.1838161508431242,
      "CV_q90": 0.28590518462277176,
      "CV_q95": 0.3687732287117764
    },
    "1": {
      "median_abs_epsilon": 0.16378574130858325,
      "mean_abs_epsilon": 0.26433792302636555,
      "variance_epsilon": 0.16169180223881313,
      "nr_prec": 123049,
      "CV_median": 0.10786828313004052,
      "CV_q75": 0.1838161508431242,
      "CV_q90": 0.28590518462277176,
      "CV_q95": 0.3687732287117764
    }
  },
  "median_abs_epsilon": 0.1630489613658641,
  "mean_abs_epsilon": 0.2629599519265514,
  "nr_prec": 121741,
  "comments": "",
  "proteobench_version": "0.8.28",
  "color": "#d30067",
  "hover_text": "ProteoBench ID: Spectronaut_20250711_075200<br>Software tool: Spectronaut <br>Comment (private submission): ...",
  "scatter_size": 40,
  "fixed_mods": "Carbamidomethyl (C)",
  "variable_mods": "Acetyl (Protein N-term), Oxidation (M)",
  "max_mods": "1",
  "min_precursor_charge": null,
  "max_precursor_charge": null,
  "quantification_method": "MS2",
  "protein_inference": "IDPicker",
  "abundance_normalization_ions": "True",
  "submission_comments": "Protein Qvalue Cutoff (run): 0.01\n\n ### Parameter changes detected:\n- **scan_window**: `Dynamic` \u2192 `[MISSING]`\n\nDataset URL: https://proteobench.cubimed.rub.de/datasets/77d349e2ce7f189e0b80d55a6bbeebde58b539c2/"
}