{
  "old_new": "new",
  "id": "DIA-NN_20250609_152751",
  "software_name": "DIA-NN",
  "software_version": "1.9.1",
  "search_engine": "DIA-NN",
  "search_engine_version": "1.9.1",
  "ident_fdr_psm": "0.01",
  "ident_fdr_peptide": NaN,
  "ident_fdr_protein": NaN,
  "enable_match_between_runs": true,
  "precursor_mass_tolerance": "[-14.1496 ppm, 14.1496 ppm]",
  "fragment_mass_tolerance": "[-17.7359 ppm, 17.7359 ppm]",
  "enzyme": "Trypsin/P",
  "allowed_miscleavages": "1",
  "min_peptide_length": "6",
  "max_peptide_length": "30",
  "is_temporary": false,
  "intermediate_hash": "7864a4cc4c060bf82e1860c4c5910a9681e86e65",
  "results": {
    "6": {
      "median_abs_epsilon": 0.11681725623909145,
      "mean_abs_epsilon": 0.17109119193858213,
      "variance_epsilon": 0.06651680900162267,
      "nr_prec": 75047,
      "CV_median": 0.08816109490351823,
      "CV_q90": 0.2300691456339718,
      "CV_q75": 0.14942430476002866,
      "CV_q95": 0.29516304414758743
    },
    "5": {
      "median_abs_epsilon": 0.12697110425593916,
      "mean_abs_epsilon": 0.19127563949641252,
      "variance_epsilon": 0.08641267366585785,
      "nr_prec": 87548,
      "CV_median": 0.09227964276313365,
      "CV_q90": 0.2452348776336185,
      "CV_q75": 0.157607270493162,
      "CV_q95": 0.31544053475944633
    },
    "4": {
      "median_abs_epsilon": 0.1356575598279619,
      "mean_abs_epsilon": 0.21296980575751248,
      "variance_epsilon": 0.11309835369753833,
      "nr_prec": 96967,
      "CV_median": 0.09395579382604878,
      "CV_q90": 0.2526783723257159,
      "CV_q75": 0.16158832818042396,
      "CV_q95": 0.3259833788327769
    },
    "3": {
      "median_abs_epsilon": 0.14154257525464686,
      "mean_abs_epsilon": 0.23097621764018939,
      "variance_epsilon": 0.14081313563408682,
      "nr_prec": 106230,
      "CV_median": 0.09504601308821245,
      "CV_q90": 0.2578181854499725,
      "CV_q75": 0.1642069823631088,
      "CV_q95": 0.33295581652986106
    },
    "2": {
      "median_abs_epsilon": 0.14740270212011897,
      "mean_abs_epsilon": 0.2503634344807434,
      "variance_epsilon": 0.17459281571703247,
      "nr_prec": 116590,
      "CV_median": 0.09551599119880391,
      "CV_q90": 0.2606370476249755,
      "CV_q75": 0.1655471074676021,
      "CV_q95": 0.3374139979039672
    },
    "1": {
      "median_abs_epsilon": 0.14740270212011897,
      "mean_abs_epsilon": 0.2503634344807434,
      "variance_epsilon": 0.17459281571703245,
      "nr_prec": 145772,
      "CV_median": 0.09551599119880391,
      "CV_q90": 0.2606370476249755,
      "CV_q75": 0.1655471074676021,
      "CV_q95": 0.3374139979039672
    }
  },
  "median_abs_epsilon": 0.14154257525464686,
  "mean_abs_epsilon": 0.23097621764018939,
  "nr_prec": 106230,
  "comments": "",
  "proteobench_version": "0.8.22",
  "color": "#8c564b",
  "hover_text": "ProteoBench ID: DIA-NN_20250609_152751<br>Software tool: DIA-NN <br>Comment (private submission): ...",
  "scatter_size": 20,
  "fixed_mods": "unimod4",
  "variable_mods": "UniMod:35/15.994915/M,UniMod:1/42.010565/*n",
  "max_mods": "1",
  "min_precursor_charge": "1",
  "max_precursor_charge": "4",
  "quantification_method": "QuantUMS high-precision",
  "protein_inference": "Genes",
  "abundance_normalization_ions": null,
  "submission_comments": "\n\n ### Parameter changes detected:\n- **ident_fdr_protein**: `None` \u2192 `nan`\n- **ident_fdr_peptide**: `None` \u2192 `nan`\n\nDataset URL: https://proteobench.cubimed.rub.de/datasets/7864a4cc4c060bf82e1860c4c5910a9681e86e65/"
}