{
  "old_new": "new",
  "id": "Spectronaut_20260309_103341",
  "software_name": "Spectronaut",
  "software_version": "19.5.241126.62635",
  "search_engine": "Spectronaut",
  "search_engine_version": "19.5.241126.62635",
  "ident_fdr_psm": 0.01,
  "ident_fdr_peptide": null,
  "ident_fdr_protein": 0.01,
  "enable_match_between_runs": false,
  "precursor_mass_tolerance": "Dynamic",
  "fragment_mass_tolerance": "Dynamic",
  "enzyme": "Trypsin/P",
  "allowed_miscleavages": 1,
  "min_peptide_length": 6,
  "max_peptide_length": 30,
  "is_temporary": false,
  "intermediate_hash": "7b1d47a947632816282a93e1350c2cad978c59da",
  "results": {
    "6": {
      "median_abs_epsilon_global": 0.15001378336008386,
      "median_abs_epsilon_eq_species": 0.2600982957878279,
      "median_abs_epsilon_ECOLI": 0.3394433008723201,
      "median_abs_epsilon_HUMAN": 0.12557628139938615,
      "median_abs_epsilon_YEAST": 0.31527530509177737,
      "mean_abs_epsilon_global": 0.22921743102606132,
      "mean_abs_epsilon_eq_species": 0.3599248442244209,
      "mean_abs_epsilon_ECOLI": 0.5079187327933651,
      "mean_abs_epsilon_HUMAN": 0.18181442035154785,
      "mean_abs_epsilon_YEAST": 0.3900413795283497,
      "median_log2_empirical_ECOLI": -1.691989956972936,
      "median_log2_empirical_HUMAN": -0.05408738048981121,
      "median_log2_empirical_YEAST": 0.6964360606871569,
      "median_abs_epsilon_precision_global": 0.1332850129105232,
      "median_abs_epsilon_precision_eq_species": 0.19636494461146606,
      "median_abs_epsilon_precision_ECOLI": 0.28076209324156576,
      "median_abs_epsilon_precision_HUMAN": 0.11885591991602862,
      "median_abs_epsilon_precision_YEAST": 0.18947682067680383,
      "mean_log2_empirical_ECOLI": -1.5515719570937583,
      "mean_log2_empirical_HUMAN": -0.06246006860093635,
      "mean_log2_empirical_YEAST": 0.6446359165976872,
      "mean_abs_epsilon_precision_global": 0.19938581115970763,
      "mean_abs_epsilon_precision_eq_species": 0.2855379400634533,
      "mean_abs_epsilon_precision_ECOLI": 0.42231115198800745,
      "mean_abs_epsilon_precision_HUMAN": 0.1746185804956431,
      "mean_abs_epsilon_precision_YEAST": 0.25968408770670937,
      "CV_median": 0.10393765087508405,
      "CV_q75": 0.1761390504425049,
      "CV_q90": 0.2709990970910218,
      "CV_q95": 0.34654026743324545,
      "roc_auc": 0.9251936951156988,
      "roc_auc_directional": 0.9619084603094222,
      "nr_prec": 108771,
      "nr_prec_HUMAN": 86915,
      "nr_prec_YEAST": 16723,
      "nr_prec_ECOLI": 5133,
      "variance_epsilon_global": 0.11010175938272448
    },
    "5": {
      "median_abs_epsilon_global": 0.15828979976692636,
      "median_abs_epsilon_eq_species": 0.29979215051189323,
      "median_abs_epsilon_ECOLI": 0.4294911483952637,
      "median_abs_epsilon_HUMAN": 0.1293838975799635,
      "median_abs_epsilon_YEAST": 0.3405014055604525,
      "mean_abs_epsilon_global": 0.24825754818306778,
      "mean_abs_epsilon_eq_species": 0.40204417894086797,
      "mean_abs_epsilon_ECOLI": 0.5973142180856329,
      "mean_abs_epsilon_HUMAN": 0.1893023960618569,
      "mean_abs_epsilon_YEAST": 0.4195159226751143,
      "median_log2_empirical_ECOLI": -1.5905464761403318,
      "median_log2_empirical_HUMAN": -0.053701576102648474,
      "median_log2_empirical_YEAST": 0.6732142136938553,
      "median_abs_epsilon_precision_global": 0.14142443352071155,
      "median_abs_epsilon_precision_eq_species": 0.224189319936931,
      "median_abs_epsilon_precision_ECOLI": 0.34368339183833196,
      "median_abs_epsilon_precision_HUMAN": 0.12303225706902099,
      "median_abs_epsilon_precision_YEAST": 0.20585231090344003,
      "mean_log2_empirical_ECOLI": -1.4554263890141064,
      "mean_log2_empirical_HUMAN": -0.06157122475688232,
      "mean_log2_empirical_YEAST": 0.6171678597947432,
      "mean_abs_epsilon_precision_global": 0.21356725875997265,
      "mean_abs_epsilon_precision_eq_species": 0.3117668023904591,
      "mean_abs_epsilon_precision_ECOLI": 0.4738670818466934,
      "mean_abs_epsilon_precision_HUMAN": 0.18237484989331987,
      "mean_abs_epsilon_precision_YEAST": 0.2790584754313642,
      "CV_median": 0.10716071500804918,
      "CV_q75": 0.18254767864379373,
      "CV_q90": 0.2833335677411276,
      "CV_q95": 0.36458819233507384,
      "roc_auc": 0.9103594989553455,
      "roc_auc_directional": 0.94977878944376,
      "nr_prec": 117135,
      "nr_prec_HUMAN": 91982,
      "nr_prec_YEAST": 18881,
      "nr_prec_ECOLI": 6272,
      "variance_epsilon_global": 0.13421741357622727
    },
    "4": {
      "median_abs_epsilon_global": 0.1637120456385377,
      "median_abs_epsilon_eq_species": 0.3330631753744749,
      "median_abs_epsilon_ECOLI": 0.5111670285491736,
      "median_abs_epsilon_HUMAN": 0.13164286147221382,
      "median_abs_epsilon_YEAST": 0.35637963610203727,
      "mean_abs_epsilon_global": 0.2644544041888191,
      "mean_abs_epsilon_eq_species": 0.4382065055551156,
      "mean_abs_epsilon_ECOLI": 0.6797614048125156,
      "mean_abs_epsilon_HUMAN": 0.1953477103798025,
      "mean_abs_epsilon_YEAST": 0.4395104014730286,
      "median_log2_empirical_ECOLI": -1.5063367181509535,
      "median_log2_empirical_HUMAN": -0.05343036788333322,
      "median_log2_empirical_YEAST": 0.6568645665234047,
      "median_abs_epsilon_precision_global": 0.1466499666987815,
      "median_abs_epsilon_precision_eq_species": 0.2486499339740392,
      "median_abs_epsilon_precision_ECOLI": 0.4038496309865316,
      "median_abs_epsilon_precision_HUMAN": 0.1251953718767087,
      "median_abs_epsilon_precision_YEAST": 0.21690479905887727,
      "mean_log2_empirical_ECOLI": -1.3700382000031484,
      "mean_log2_empirical_HUMAN": -0.06044413579861631,
      "mean_log2_empirical_YEAST": 0.5996018063342484,
      "mean_abs_epsilon_precision_global": 0.2256754205683683,
      "mean_abs_epsilon_precision_eq_species": 0.33443954798357906,
      "mean_abs_epsilon_precision_ECOLI": 0.5211833764762828,
      "mean_abs_epsilon_precision_HUMAN": 0.18856732817589913,
      "mean_abs_epsilon_precision_YEAST": 0.2935679392985552,
      "CV_median": 0.10838023246859335,
      "CV_q75": 0.1850905674529737,
      "CV_q90": 0.288679875903459,
      "CV_q95": 0.3730670909041577,
      "roc_auc": 0.8994308295323764,
      "roc_auc_directional": 0.9369457364696527,
      "nr_prec": 121720,
      "nr_prec_HUMAN": 94389,
      "nr_prec_YEAST": 20095,
      "nr_prec_ECOLI": 7236,
      "variance_epsilon_global": 0.16010246405571507
    },
    "3": {
      "median_abs_epsilon_global": 0.1663602684617942,
      "median_abs_epsilon_eq_species": 0.3392210474225312,
      "median_abs_epsilon_ECOLI": 0.521426496138726,
      "median_abs_epsilon_HUMAN": 0.13361332499219536,
      "median_abs_epsilon_YEAST": 0.36262332113667206,
      "mean_abs_epsilon_global": 0.27332437389827796,
      "mean_abs_epsilon_eq_species": 0.44968044433342724,
      "mean_abs_epsilon_ECOLI": 0.6951881620850869,
      "mean_abs_epsilon_HUMAN": 0.2031448516986417,
      "mean_abs_epsilon_YEAST": 0.4507083192165531,
      "median_log2_empirical_ECOLI": -1.4940659919433559,
      "median_log2_empirical_HUMAN": -0.05330440889559185,
      "median_log2_empirical_YEAST": 0.6504513900468716,
      "median_abs_epsilon_precision_global": 0.1493200533201593,
      "median_abs_epsilon_precision_eq_species": 0.2542944723067458,
      "median_abs_epsilon_precision_ECOLI": 0.41344226693318564,
      "median_abs_epsilon_precision_HUMAN": 0.1270840593494924,
      "median_abs_epsilon_precision_YEAST": 0.22235709063755937,
      "mean_log2_empirical_ECOLI": -1.3543567276803279,
      "mean_log2_empirical_HUMAN": -0.05987311439555179,
      "mean_log2_empirical_YEAST": 0.5915607814206573,
      "mean_abs_epsilon_precision_global": 0.23409948481343548,
      "mean_abs_epsilon_precision_eq_species": 0.3442468857433592,
      "mean_abs_epsilon_precision_ECOLI": 0.5330875195551588,
      "mean_abs_epsilon_precision_HUMAN": 0.1964681605249279,