{
  "id": "PEAKS_20250609_153728",
  "software_name": "PEAKS",
  "software_version": "13 20250520",
  "search_engine": "PEAKS",
  "search_engine_version": "13 20250520",
  "ident_fdr_psm": 0.01,
  "ident_fdr_peptide": 0.01,
  "ident_fdr_protein": NaN,
  "enable_match_between_runs": true,
  "precursor_mass_tolerance": "Automatic calibration",
  "fragment_mass_tolerance": "Automatic calibration",
  "enzyme": "Trypsin",
  "allowed_miscleavages": 1,
  "min_peptide_length": 6,
  "max_peptide_length": 30,
  "is_temporary": false,
  "intermediate_hash": "806987cbdec8eb026bb422b100759e4191bed9d5",
  "results": {
    "6": {
      "median_abs_epsilon_global": 0.14827268546281402,
      "median_abs_epsilon_eq_species": 0.24224794816182507,
      "median_abs_epsilon_ECOLI": 0.3635358117141756,
      "median_abs_epsilon_HUMAN": 0.13288100393275837,
      "median_abs_epsilon_YEAST": 0.23032702883854128,
      "mean_abs_epsilon_global": 0.2065857375765818,
      "mean_abs_epsilon_eq_species": 0.29807330024970385,
      "mean_abs_epsilon_ECOLI": 0.4224965631837941,
      "mean_abs_epsilon_HUMAN": 0.18299360803268488,
      "mean_abs_epsilon_YEAST": 0.28872972953263265,
      "median_log2_empirical_ECOLI": -1.6410698877500192,
      "median_log2_empirical_HUMAN": 0.018631026257414085,
      "median_log2_empirical_YEAST": 0.8011293736953577,
      "median_abs_epsilon_precision_global": 0.13610724900490379,
      "median_abs_epsilon_precision_eq_species": 0.15530419805855308,
      "median_abs_epsilon_precision_ECOLI": 0.17384411862113502,
      "median_abs_epsilon_precision_HUMAN": 0.13112148063028428,
      "median_abs_epsilon_precision_YEAST": 0.16094699492423992,
      "mean_log2_empirical_ECOLI": -1.6059822363895608,
      "mean_log2_empirical_HUMAN": 0.008701622101072545,
      "mean_log2_empirical_YEAST": 0.7792309656387605,
      "mean_abs_epsilon_precision_global": 0.19058763754277053,
      "mean_abs_epsilon_precision_eq_species": 0.21865950228278,
      "mean_abs_epsilon_precision_ECOLI": 0.25085462815380016,
      "mean_abs_epsilon_precision_HUMAN": 0.18245711324246847,
      "mean_abs_epsilon_precision_YEAST": 0.22266676545207142,
      "CV_median": 0.1140585433218018,
      "CV_q75": 0.18441621121449203,
      "CV_q90": 0.27908940815521877,
      "CV_q95": 0.35235722986184037,
      "variance_epsilon_global": 0.08693683707256192,
      "nr_feature": 69595,
      "roc_auc": 0.964071786490118
    },
    "5": {
      "median_abs_epsilon_global": 0.15736855639728908,
      "median_abs_epsilon_eq_species": 0.2533790404532518,
      "median_abs_epsilon_ECOLI": 0.37667011404241624,
      "median_abs_epsilon_HUMAN": 0.1404236874292213,
      "median_abs_epsilon_YEAST": 0.2430433198881179,
      "mean_abs_epsilon_global": 0.22112239185969737,
      "mean_abs_epsilon_eq_species": 0.31737058409946534,
      "mean_abs_epsilon_ECOLI": 0.4508968728711579,
      "mean_abs_epsilon_HUMAN": 0.19572662781107633,
      "mean_abs_epsilon_YEAST": 0.3054882516161616,
      "median_log2_empirical_ECOLI": -1.6315401942127181,
      "median_log2_empirical_HUMAN": 0.01797652860134491,
      "median_log2_empirical_YEAST": 0.7922445723856661,
      "median_abs_epsilon_precision_global": 0.14454185772876826,
      "median_abs_epsilon_precision_eq_species": 0.16413951697153686,
      "median_abs_epsilon_precision_ECOLI": 0.18373510004393445,
      "median_abs_epsilon_precision_HUMAN": 0.13902097943828196,
      "median_abs_epsilon_precision_YEAST": 0.1696624714323942,
      "mean_log2_empirical_ECOLI": -1.5830230695300476,
      "mean_log2_empirical_HUMAN": 0.00870882490168757,
      "mean_log2_empirical_YEAST": 0.7676632747142286,
      "mean_abs_epsilon_precision_global": 0.2042065009421687,
      "mean_abs_epsilon_precision_eq_species": 0.23590749558580623,
      "mean_abs_epsilon_precision_ECOLI": 0.27589882088142803,
      "mean_abs_epsilon_precision_HUMAN": 0.19523698208453052,
      "mean_abs_epsilon_precision_YEAST": 0.23658668379146008,
      "CV_median": 0.11768812278325602,
      "CV_q75": 0.1933357582961936,
      "CV_q90": 0.29521139146219444,
      "CV_q95": 0.3749893168289272,
      "variance_epsilon_global": 0.10155308281999677,
      "nr_feature": 79553,
      "roc_auc": 0.9548813841458009
    },
    "4": {
      "median_abs_epsilon_global": 0.16232930947663338,
      "median_abs_epsilon_eq_species": 0.2603428464516213,
      "median_abs_epsilon_ECOLI": 0.3854425327365334,
      "median_abs_epsilon_HUMAN": 0.14441981659948588,
      "median_abs_epsilon_YEAST": 0.25116619001884466,
      "mean_abs_epsilon_global": 0.23010592564721533,
      "mean_abs_epsilon_eq_species": 0.3297416325096619,
      "mean_abs_epsilon_ECOLI": 0.467328659708962,
      "mean_abs_epsilon_HUMAN": 0.2033651728338136,
      "mean_abs_epsilon_YEAST": 0.31853106498621014,
      "median_log2_empirical_ECOLI": -1.623020801359372,
      "median_log2_empirical_HUMAN": 0.01772183552862927,
      "median_log2_empirical_YEAST": 0.7858051144656901,
      "median_abs_epsilon_precision_global": 0.14911665694098808,
      "median_abs_epsilon_precision_eq_species": 0.1699962782055812,
      "median_abs_epsilon_precision_ECOLI": 0.19058151565609371,
      "median_abs_epsilon_precision_HUMAN": 0.14313329708767242,
      "median_abs_epsilon_precision_YEAST": 0.17627402187297747,
      "mean_log2_empirical_ECOLI": -1.5706217620357261,
      "mean_log2_empirical_HUMAN": 0.008877917619252104,
      "mean_log2_empirical_YEAST": 0.7568208052112305,
      "mean_abs_epsilon_precision_global": 0.21267667839997811,
      "mean_abs_epsilon_precision_eq_species": 0.24677649163420656,
      "mean_abs_epsilon_precision_ECOLI": 0.2897610131187745,
      "mean_abs_epsilon_precision_HUMAN": 0.2028915745022704,
      "mean_abs_epsilon_precision_YEAST": 0.24767688728157475,
      "CV_median": 0.11891350027587373,
      "CV_q75": 0.19631224752474957,
      "CV_q90": 0.30088192331161967,
      "CV_q95": 0.3825796761926567,
      "variance_epsilon_global": 0.11184691602722183,
      "nr_feature": 84022,
      "roc_auc": 0.9470629497621343
    },
    "3": {
      "median_abs_epsilon_global": 0.16439192546651338,
      "median_abs_epsilon_eq_species": 0.2621993009651436,
      "median_abs_epsilon_ECOLI": 0.3870318956394039,
      "median_abs_epsilon_HUMAN": 0.14630472204280665,
      "median_abs_epsilon_YEAST": 0.25326128521322033,
      "mean_abs_epsilon_global": 0.234709930243353,
      "mean_abs_epsilon_eq_species": 0.33473722465389094,
      "mean_abs_epsilon_ECOLI": 0.47233673577229895,
      "mean_abs_epsilon_HUMAN": 0.2081110920768124,
      "mean_abs_epsilon_YEAST": 0.3237638461125615,
      "median_log2_empirical_ECOLI": -1.6216778243329681,
      "median_log2_empirical_HUMAN": 0.01773365003044347,
      "median_log2_empirical_YEAST": 0.7824339358127332,
      "median_abs_epsilon_precision_global": 0.15097849441889366,
      "median_abs_epsilon_precision_eq_species": 0.17159874732490335,
      "median_abs_epsilon_precision_ECOLI": 0.19125955126153205,
      "median_abs_epsilon_precision_HUMAN": 0.14514863432030367,
      "median_abs_epsilon_precision_YEAST": 0.17838805639287436,
      "mean_log2_empirical_ECOLI": -1.5657304671893932,
      "mean_log2_empirical_HUMAN": 0.009036218130278039,
      "mean_log2_empirical_YEAST": 0.7528757424580225,
      "mean_abs_epsilon_precision_global": 0.21733124108342336,
      "mean_abs_epsilon_precision_eq_species": 0.2515600764225954,
      "mean_abs_epsilon_precision_ECOLI": 0.2948099796034763,
      "mean_abs_epsilon_precision_HUMAN": 0.20763776970623993,
      "mean_abs_epsilon_precision_YEAST": 0.25223247995806997,
      "CV_median": 0.12256810962750952,
      "CV_q75": 0.20286878193206287,
      "CV_q90": 0.3104797652057897,
      "CV_q95": 0.3933985097678607,
      "variance_epsilon_global": 0.11777982392267144,
      "nr_feature": 98968,
      "roc_auc": 0.9428335065712726
    },
    "2": {
      "median_abs_epsilon_global": 0.16495988480545964,