{
  "old_new": "new",
  "id": "PEAKS_20250609_153728",
  "software_name": "PEAKS",
  "software_version": "13 20250520",
  "search_engine": "PEAKS",
  "search_engine_version": "13 20250520",
  "ident_fdr_psm": "1.0%",
  "ident_fdr_peptide": "1.0%",
  "ident_fdr_protein": null,
  "enable_match_between_runs": true,
  "precursor_mass_tolerance": "Auto Detected",
  "fragment_mass_tolerance": "Auto Detected",
  "enzyme": "Trypsin",
  "allowed_miscleavages": "1",
  "min_peptide_length": "6",
  "max_peptide_length": "30",
  "is_temporary": false,
  "intermediate_hash": "806987cbdec8eb026bb422b100759e4191bed9d5",
  "results": {
    "6": {
      "median_abs_epsilon": 0.14801301777841758,
      "mean_abs_epsilon": 0.20668584215870742,
      "variance_epsilon": 0.08732982341517799,
      "nr_prec": 70297,
      "CV_median": 0.11410713442449076,
      "CV_q90": 0.27925612504067965,
      "CV_q75": 0.18450857014292568,
      "CV_q95": 0.3527055960245411
    },
    "5": {
      "median_abs_epsilon": 0.1571763382826905,
      "mean_abs_epsilon": 0.22128644400855346,
      "variance_epsilon": 0.10224925088094582,
      "nr_prec": 80331,
      "CV_median": 0.11773506288608988,
      "CV_q90": 0.2954827224194419,
      "CV_q75": 0.19342576814948997,
      "CV_q95": 0.37536858730955686
    },
    "4": {
      "median_abs_epsilon": 0.16217838773956927,
      "mean_abs_epsilon": 0.23027105189847424,
      "variance_epsilon": 0.11262596079481813,
      "nr_prec": 84835,
      "CV_median": 0.11898366361159113,
      "CV_q90": 0.3011847166341586,
      "CV_q75": 0.19642148111493365,
      "CV_q95": 0.38295748418434705
    },
    "3": {
      "median_abs_epsilon": 0.16413942401424464,
      "mean_abs_epsilon": 0.2348871029179233,
      "variance_epsilon": 0.11859385282318906,
      "nr_prec": 99836,
      "CV_median": 0.1226117389161344,
      "CV_q90": 0.31074458943593847,
      "CV_q75": 0.20297902823095743,
      "CV_q95": 0.39371200401284734
    },
    "2": {
      "median_abs_epsilon": 0.16475226054954106,
      "mean_abs_epsilon": 0.2364408271975498,
      "variance_epsilon": 0.12097085556542748,
      "nr_prec": 109040,
      "CV_median": 0.12385742138709112,
      "CV_q90": 0.3180183961111551,
      "CV_q75": 0.20653885092136595,
      "CV_q95": 0.4043076586097259
    },
    "1": {
      "median_abs_epsilon": 0.16475226054954106,
      "mean_abs_epsilon": 0.23644082719754975,
      "variance_epsilon": 0.12097085556542747,
      "nr_prec": 110746,
      "CV_median": 0.12385742138709112,
      "CV_q90": 0.3180183961111551,
      "CV_q75": 0.20653885092136595,
      "CV_q95": 0.4043076586097259
    }
  },
  "median_abs_epsilon": 0.16413942401424464,
  "mean_abs_epsilon": 0.2348871029179233,
  "nr_prec": 99836,
  "comments": "",
  "proteobench_version": "0.8.22",
  "color": "#f781bf",
  "hover_text": "ProteoBench ID: PEAKS_20250609_153728<br>Software tool: PEAKS <br>Comment (private submission): ...",
  "scatter_size": 20,
  "fixed_mods": "Carbamidomethylation (+57.02)",
  "variable_mods": "Oxidation (M) (+15.99) ,Acetylation (Protein N-term) (+42.01)",
  "max_mods": "1",
  "min_precursor_charge": "1",
  "max_precursor_charge": "5",
  "quantification_method": "Identification Directed Quantification",
  "protein_inference": null,
  "abundance_normalization_ions": "No Normalization",
  "submission_comments": "\n\n ### No parameter changes detected. \n\n\nDataset URL: https://proteobench.cubimed.rub.de/datasets/806987cbdec8eb026bb422b100759e4191bed9d5/"
}