{
  "old_new": "new",
  "id": "FragPipe (DIA-NN quant)_20260309_102346",
  "software_name": "FragPipe (DIA-NN quant)",
  "software_version": "23.0",
  "search_engine": "MSFragger",
  "search_engine_version": "4.3",
  "ident_fdr_psm": "0.01",
  "ident_fdr_peptide": null,
  "ident_fdr_protein": "0.01",
  "enable_match_between_runs": false,
  "precursor_mass_tolerance": "[-10 ppm, 10 ppm]",
  "fragment_mass_tolerance": "[-20 ppm, 20 ppm]",
  "enzyme": "Trypsin/P",
  "allowed_miscleavages": 1,
  "min_peptide_length": 6,
  "max_peptide_length": 50,
  "is_temporary": false,
  "intermediate_hash": "8250a36cc0d0d509837726bc7a1f392413bdb1cd",
  "results": {
    "6": {
      "median_abs_epsilon_global": 0.11757503372901468,
      "median_abs_epsilon_eq_species": 0.18197678704327677,
      "median_abs_epsilon_ECOLI": 0.24745263610947177,
      "median_abs_epsilon_HUMAN": 0.10070166128626212,
      "median_abs_epsilon_YEAST": 0.1977760637340964,
      "mean_abs_epsilon_global": 0.17867746607426943,
      "mean_abs_epsilon_eq_species": 0.2558313701761114,
      "mean_abs_epsilon_ECOLI": 0.36066139553894166,
      "mean_abs_epsilon_HUMAN": 0.15236828827453444,
      "mean_abs_epsilon_YEAST": 0.2544644267148581,
      "median_log2_empirical_ECOLI": -1.76904753630639,
      "median_log2_empirical_HUMAN": -0.009289127105555295,
      "median_log2_empirical_YEAST": 0.8274552298521929,
      "median_abs_epsilon_precision_global": 0.10721397605628269,
      "median_abs_epsilon_precision_eq_species": 0.13318145852942762,
      "median_abs_epsilon_precision_ECOLI": 0.1669216590178717,
      "median_abs_epsilon_precision_HUMAN": 0.1005048322562665,
      "median_abs_epsilon_precision_YEAST": 0.13211788431414462,
      "mean_log2_empirical_ECOLI": -1.6896854683664864,
      "mean_log2_empirical_HUMAN": -0.019725318423406933,
      "mean_log2_empirical_YEAST": 0.8019749371361852,
      "mean_abs_epsilon_precision_global": 0.1653391848306986,
      "mean_abs_epsilon_precision_eq_species": 0.20893081255172094,
      "mean_abs_epsilon_precision_ECOLI": 0.28093579881605596,
      "mean_abs_epsilon_precision_HUMAN": 0.15241713465164522,
      "mean_abs_epsilon_precision_YEAST": 0.19343950418746164,
      "CV_median": 0.08828674994961,
      "CV_q75": 0.15664275453811566,
      "CV_q90": 0.2506512020148815,
      "CV_q95": 0.32231354523797395,
      "roc_auc": 0.9763794984792865,
      "roc_auc_directional": 0.9859353935392201,
      "nr_prec": 77145,
      "nr_prec_HUMAN": 61474,
      "nr_prec_YEAST": 11625,
      "nr_prec_ECOLI": 4046,
      "variance_epsilon_global": 0.07120624818662882
    },
    "5": {
      "median_abs_epsilon_global": 0.12325221988539425,
      "median_abs_epsilon_eq_species": 0.19706654580553717,
      "median_abs_epsilon_ECOLI": 0.28090861362099595,
      "median_abs_epsilon_HUMAN": 0.104208633942104,
      "median_abs_epsilon_YEAST": 0.20608238985351157,
      "mean_abs_epsilon_global": 0.1913096738049459,
      "mean_abs_epsilon_eq_species": 0.27771203769542263,
      "mean_abs_epsilon_ECOLI": 0.40390906313081404,
      "mean_abs_epsilon_HUMAN": 0.15965889964788474,
      "mean_abs_epsilon_YEAST": 0.2695681503075691,
      "median_log2_empirical_ECOLI": -1.7418407088882955,
      "median_log2_empirical_HUMAN": -0.009098206324934743,
      "median_log2_empirical_YEAST": 0.8227989446045232,
      "median_abs_epsilon_precision_global": 0.11271501987534727,
      "median_abs_epsilon_precision_eq_species": 0.14636188731411526,
      "median_abs_epsilon_precision_ECOLI": 0.1941972631343054,
      "median_abs_epsilon_precision_HUMAN": 0.10384885778100994,
      "median_abs_epsilon_precision_YEAST": 0.14103954102703042,
      "mean_log2_empirical_ECOLI": -1.6476554218030828,
      "mean_log2_empirical_HUMAN": -0.01877635934916605,
      "mean_log2_empirical_YEAST": 0.7933690466806929,
      "mean_abs_epsilon_precision_global": 0.17643126899573813,
      "mean_abs_epsilon_precision_eq_species": 0.22733996782540258,
      "mean_abs_epsilon_precision_ECOLI": 0.31392544140888534,
      "mean_abs_epsilon_precision_HUMAN": 0.15967572302372188,
      "mean_abs_epsilon_precision_YEAST": 0.2084187390436006,
      "CV_median": 0.09152125148573384,
      "CV_q75": 0.1639384112814312,
      "CV_q90": 0.2634991842539549,
      "CV_q95": 0.3407678081665225,
      "roc_auc": 0.9711779780253212,
      "roc_auc_directional": 0.982585323979671,
      "nr_prec": 82569,
      "nr_prec_HUMAN": 64766,
      "nr_prec_YEAST": 12915,
      "nr_prec_ECOLI": 4888,
      "variance_epsilon_global": 0.08348725165592895
    },
    "4": {
      "median_abs_epsilon_global": 0.12654297095274192,
      "median_abs_epsilon_eq_species": 0.20720082418525543,
      "median_abs_epsilon_ECOLI": 0.3042458618985471,
      "median_abs_epsilon_HUMAN": 0.10602188087981546,
      "median_abs_epsilon_YEAST": 0.21133472977740375,
      "mean_abs_epsilon_global": 0.20029087029849035,
      "mean_abs_epsilon_eq_species": 0.2958079659952717,
      "mean_abs_epsilon_ECOLI": 0.44331336453195,
      "mean_abs_epsilon_HUMAN": 0.16419595421320962,
      "mean_abs_epsilon_YEAST": 0.2799145792406555,
      "median_log2_empirical_ECOLI": -1.7210092743099938,
      "median_log2_empirical_HUMAN": -0.008859460981046396,
      "median_log2_empirical_YEAST": 0.8197764175976516,
      "median_abs_epsilon_precision_global": 0.1160565472945958,
      "median_abs_epsilon_precision_eq_species": 0.15516559403074628,
      "median_abs_epsilon_precision_ECOLI": 0.21414165941320018,
      "median_abs_epsilon_precision_HUMAN": 0.10570083552911314,
      "median_abs_epsilon_precision_YEAST": 0.14565428714992557,
      "mean_log2_empirical_ECOLI": -1.6125576876310135,
      "mean_log2_empirical_HUMAN": -0.018078308174679862,
      "mean_log2_empirical_YEAST": 0.7867658642498515,
      "mean_abs_epsilon_precision_global": 0.18447013944353666,
      "mean_abs_epsilon_precision_eq_species": 0.24356019552461486,
      "mean_abs_epsilon_precision_ECOLI": 0.34826708034801257,
      "mean_abs_epsilon_precision_HUMAN": 0.1641986435525533,
      "mean_abs_epsilon_precision_YEAST": 0.21821486267327872,
      "CV_median": 0.09253181893241492,
      "CV_q75": 0.16630397704163002,
      "CV_q90": 0.26794631919708484,
      "CV_q95": 0.3473044415907211,
      "roc_auc": 0.9669557915329197,
      "roc_auc_directional": 0.9786424139549086,
      "nr_prec": 85066,
      "nr_prec_HUMAN": 66177,
      "nr_prec_YEAST": 13475,
      "nr_prec_ECOLI": 5414,
      "variance_epsilon_global": 0.09391439636600994
    },
    "3": {
      "median_abs_epsilon_global": 0.1280282457150168,
      "median_abs_epsilon_eq_species": 0.2092658317628923,
      "median_abs_epsilon_ECOLI": 0.30655177636365316,
      "median_abs_epsilon_HUMAN": 0.10703262043868378,
      "median_abs_epsilon_YEAST": 0.21421309848633996,
      "mean_abs_epsilon_global": 0.20393400404073223,
      "mean_abs_epsilon_eq_species": 0.30140818697578525,
      "mean_abs_epsilon_ECOLI": 0.4516120203480028,
      "mean_abs_epsilon_HUMAN": 0.16691347856544161,
      "mean_abs_epsilon_YEAST": 0.28569906201391126,
      "median_log2_empirical_ECOLI": -1.7184014304010002,
      "median_log2_empirical_HUMAN": -0.008981335917258804,
      "median_log2_empirical_YEAST": 0.8177864948962572,
      "median_abs_epsilon_precision_global": 0.11742576057240495,
      "median_abs_epsilon_precision_eq_species": 0.1572634391757101,
      "median_abs_epsilon_precision_ECOLI": 0.21692996377031548,
      "median_abs_epsilon_precision_HUMAN": 0.10682062485727073,
      "median_abs_epsilon_precision_YEAST": 0.1480397288995441,
      "mean_log2_empirical_ECOLI": -1.6046741446807646,
      "mean_log2_empirical_HUMAN": -0.018086146479084367,
      "mean_log2_empirical_YEAST": 0.7831337566056562,
      "mean_abs_epsilon_precision_global": 0.18803894171055954,
      "mean_abs_epsilon_precision_eq_species": 0.249194294587348,
      "mean_abs_epsilon_precision_ECOLI": 0.35692001539664286,