{
  "old_new": "new",
  "id": "FragPipe (DIA-NN quant)_20251027_131212",
  "software_name": "FragPipe (DIA-NN quant)",
  "software_version": "22.0",
  "search_engine": "MSFragger",
  "search_engine_version": null,
  "ident_fdr_psm": "0.01",
  "ident_fdr_peptide": null,
  "ident_fdr_protein": "0.01",
  "enable_match_between_runs": false,
  "precursor_mass_tolerance": "[-10 ppm, 10 ppm]",
  "fragment_mass_tolerance": "[-20 ppm, 20 ppm]",
  "enzyme": "Trypsin/P",
  "allowed_miscleavages": "1",
  "min_peptide_length": "6",
  "max_peptide_length": "50",
  "is_temporary": false,
  "intermediate_hash": "836deedc1e8c8d1bc6217f1eeb54c8e17d5323d7",
  "results": {
    "6": {
      "median_abs_epsilon": 0.11587697391703955,
      "mean_abs_epsilon": 0.17596434986407342,
      "variance_epsilon": 0.0697473845907905,
      "nr_prec": 76653,
      "CV_median": 0.08473389549730012,
      "CV_q75": 0.14892097325491582,
      "CV_q90": 0.23638340857850998,
      "CV_q95": 0.3040946624591725
    },
    "5": {
      "median_abs_epsilon": 0.1208524622406717,
      "mean_abs_epsilon": 0.18738360505688287,
      "variance_epsilon": 0.0808767107470742,
      "nr_prec": 81242,
      "CV_median": 0.0872249246300735,
      "CV_q75": 0.15451312185666027,
      "CV_q90": 0.2473839988591846,
      "CV_q95": 0.31988513584534406
    },
    "4": {
      "median_abs_epsilon": 0.1234912253260454,
      "mean_abs_epsilon": 0.1950266660284194,
      "variance_epsilon": 0.08999840874436184,
      "nr_prec": 83334,
      "CV_median": 0.08796347776025162,
      "CV_q75": 0.15636446606795837,
      "CV_q90": 0.25102599621503563,
      "CV_q95": 0.32483035986551756
    },
    "3": {
      "median_abs_epsilon": 0.12455028800191759,
      "mean_abs_epsilon": 0.1978277838753132,
      "variance_epsilon": 0.09339471653590996,
      "nr_prec": 84497,
      "CV_median": 0.08825329250222504,
      "CV_q75": 0.15696022629494774,
      "CV_q90": 0.25226105347631,
      "CV_q95": 0.3266182771579832
    },
    "2": {
      "median_abs_epsilon": 0.12503545020079443,
      "mean_abs_epsilon": 0.19931824631301162,
      "variance_epsilon": 0.09547856936051301,
      "nr_prec": 85198,
      "CV_median": 0.08832149128784711,
      "CV_q75": 0.15709129462871957,
      "CV_q90": 0.2524870547523224,
      "CV_q95": 0.3270839134490068
    },
    "1": {
      "median_abs_epsilon": 0.12503545020079443,
      "mean_abs_epsilon": 0.19931824631301168,
      "variance_epsilon": 0.09547856936051301,
      "nr_prec": 85890,
      "CV_median": 0.08832149128784711,
      "CV_q75": 0.15709129462871957,
      "CV_q90": 0.2524870547523224,
      "CV_q95": 0.3270839134490068
    }
  },
  "median_abs_epsilon": 0.12455028800191759,
  "mean_abs_epsilon": 0.1978277838753132,
  "nr_prec": 84497,
  "comments": "",
  "proteobench_version": "0.10.3",
  "color": "#F89008",
  "hover_text": "ProteoBench ID: FragPipe (DIA-NN quant)_20251027_131212<br>Software tool: FragPipe (DIA-NN quant) <br>Comment (private submission): ...",
  "scatter_size": 20,
  "fixed_mods": "0.0,C-Term Peptide,true,-1; 0.0,N-Term Peptide,true,-1; 0.0,C-Term Protein,true,-1; 0.0,N-Term Protein,true,-1; 0.0,G (glycine),true,-1; 0.0,A (alanine),true,-1; 0.0,S (serine),true,-1; 0.0,P (proline),true,-1; 0.0,V (valine),true,-1; 0.0,T (threonine),true,-1; 57.02146,C (cysteine),true,-1; 0.0,L (leucine),true,-1; 0.0,I (isoleucine),true,-1; 0.0,N (asparagine),true,-1; 0.0,D (aspartic acid),true,-1; 0.0,Q (glutamine),true,-1; 0.0,K (lysine),true,-1; 0.0,E (glutamic acid),true,-1; 0.0,M (methionine),true,-1; 0.0,H (histidine),true,-1; 0.0,F (phenylalanine),true,-1; 0.0,R (arginine),true,-1; 0.0,Y (tyrosine),true,-1; 0.0,W (tryptophan),true,-1; 0.0,B ,true,-1; 0.0,J,true,-1; 0.0,O,true,-1; 0.0,U,true,-1; 0.0,X,true,-1; 0.0,Z,true,-1",
  "variable_mods": "15.9949,M,true,2; 42.0106,[^,true,1; 79.96633,STY,false,3; -17.0265,nQnC,false,1; -18.0106,nE,false,1; 4.025107,K,false,2; 6.020129,R,false,2; 8.014199,K,false,2; 10.008269,R,false,2; 0.0,site_10,false,1; 0.0,site_11,false,1; 0.0,site_12,false,1; 0.0,site_13,false,1; 0.0,site_14,false,1; 0.0,site_15,false,1; 0.0,site_16,false,1",
  "max_mods": "1",
  "min_precursor_charge": "1",
  "max_precursor_charge": "4",
  "quantification_method": "Robust LC (high accuracy)",
  "protein_inference": "ProteinProphet: --maxppmdiff 2000000",
  "abundance_normalization_ions": null,
  "submission_comments": "Resubmission of 26e8b44a9078d91d855a6e5343c2a0fae25cf15f after changing quant column from Precursor.Quantity -> Precursor.Normalised\n\n ### Parameter changes detected:\n- **semi_enzymatic**: `False` \u2192 `[MISSING]`\n\nDataset URL: https://proteobench.cubimed.rub.de/datasets/836deedc1e8c8d1bc6217f1eeb54c8e17d5323d7/",
  "min_precursor_mz": "100.0",
  "max_precursor_mz": "4000.0",
  "min_fragment_mz": null,
  "max_fragment_mz": null,
  "predictors_library": "nan",
  "scan_window": "nan"
}