{
  "old_new": "new",
  "id": "FragPipe (DIA-NN quant)_20251027_131212",
  "software_name": "FragPipe (DIA-NN quant)",
  "software_version": "22.0",
  "search_engine": "MSFragger",
  "search_engine_version": null,
  "ident_fdr_psm": "0.01",
  "ident_fdr_peptide": null,
  "ident_fdr_protein": "0.01",
  "enable_match_between_runs": false,
  "precursor_mass_tolerance": "[-10 ppm, 10 ppm]",
  "fragment_mass_tolerance": "[-20 ppm, 20 ppm]",
  "enzyme": "Trypsin/P",
  "allowed_miscleavages": 1,
  "min_peptide_length": 6,
  "max_peptide_length": 50,
  "is_temporary": false,
  "intermediate_hash": "836deedc1e8c8d1bc6217f1eeb54c8e17d5323d7",
  "results": {
    "6": {
      "median_abs_epsilon_global": 0.11584344608222708,
      "median_abs_epsilon_eq_species": 0.1883337233556149,
      "median_abs_epsilon_ECOLI": 0.2660925647534542,
      "median_abs_epsilon_HUMAN": 0.09764832476358265,
      "median_abs_epsilon_YEAST": 0.20126028054980782,
      "mean_abs_epsilon_global": 0.1758868125973437,
      "mean_abs_epsilon_eq_species": 0.2601489323525288,
      "mean_abs_epsilon_ECOLI": 0.37714630719068865,
      "mean_abs_epsilon_HUMAN": 0.1471148489815343,
      "mean_abs_epsilon_YEAST": 0.2561856408853635,
      "median_log2_empirical_ECOLI": -1.7496457796585743,
      "median_log2_empirical_HUMAN": -0.008377828451209268,
      "median_log2_empirical_YEAST": 0.8177027500044245,
      "median_abs_epsilon_precision_global": 0.10467655050408986,
      "median_abs_epsilon_precision_eq_species": 0.1309435272392374,
      "median_abs_epsilon_precision_ECOLI": 0.1670911802093622,
      "median_abs_epsilon_precision_HUMAN": 0.09765516149634834,
      "median_abs_epsilon_precision_YEAST": 0.1280842400120017,
      "mean_log2_empirical_ECOLI": -1.6627033743202846,
      "mean_log2_empirical_HUMAN": -0.01969444538556721,
      "mean_log2_empirical_YEAST": 0.7915315749415955,
      "mean_abs_epsilon_precision_global": 0.16051461093579725,
      "mean_abs_epsilon_precision_eq_species": 0.20543982944571085,
      "mean_abs_epsilon_precision_ECOLI": 0.28151306712362867,
      "mean_abs_epsilon_precision_HUMAN": 0.14726083525617523,
      "mean_abs_epsilon_precision_YEAST": 0.18754558595732873,
      "CV_median": 0.0847648082907314,
      "CV_q75": 0.14897892850325525,
      "CV_q90": 0.23640660857774878,
      "CV_q95": 0.3040480446275694,
      "roc_auc": 0.9779084106897475,
      "roc_auc_directional": 0.986364407101181,
      "nr_prec": 76517,
      "nr_prec_HUMAN": 60855,
      "nr_prec_YEAST": 11584,
      "nr_prec_ECOLI": 4078,
      "variance_epsilon_global": 0.0696938537938589
    },
    "5": {
      "median_abs_epsilon_global": 0.12082627295000492,
      "median_abs_epsilon_eq_species": 0.20104470502305785,
      "median_abs_epsilon_ECOLI": 0.2939368014173356,
      "median_abs_epsilon_HUMAN": 0.10075199153889791,
      "median_abs_epsilon_YEAST": 0.2084453221129401,
      "mean_abs_epsilon_global": 0.18731542451756028,
      "mean_abs_epsilon_eq_species": 0.28165131401245397,
      "mean_abs_epsilon_ECOLI": 0.42260081150942425,
      "mean_abs_epsilon_HUMAN": 0.15309800038392749,
      "mean_abs_epsilon_YEAST": 0.2692551301440102,
      "median_log2_empirical_ECOLI": -1.7202006023379237,
      "median_log2_empirical_HUMAN": -0.008246276821711973,
      "median_log2_empirical_YEAST": 0.8125697652258728,
      "median_abs_epsilon_precision_global": 0.10963282819254516,
      "median_abs_epsilon_precision_eq_species": 0.1432437719709947,
      "median_abs_epsilon_precision_ECOLI": 0.19365254531808596,
      "median_abs_epsilon_precision_HUMAN": 0.1006199988900427,
      "median_abs_epsilon_precision_YEAST": 0.13545877170485543,
      "mean_log2_empirical_ECOLI": -1.6184948583129357,
      "mean_log2_empirical_HUMAN": -0.01958961641307318,
      "mean_log2_empirical_YEAST": 0.782655118803012,
      "mean_abs_epsilon_precision_global": 0.17037316298523417,
      "mean_abs_epsilon_precision_eq_species": 0.22362156038970246,
      "mean_abs_epsilon_precision_ECOLI": 0.31752507287005527,
      "mean_abs_epsilon_precision_HUMAN": 0.15324587396551861,
      "mean_abs_epsilon_precision_YEAST": 0.20009373433353353,
      "CV_median": 0.08725720414456348,
      "CV_q75": 0.15457107230102823,
      "CV_q90": 0.24738570908203567,
      "CV_q95": 0.3198274379989467,
      "roc_auc": 0.9730827778985116,
      "roc_auc_directional": 0.9832257728144967,
      "nr_prec": 81099,
      "nr_prec_HUMAN": 63617,
      "nr_prec_YEAST": 12628,
      "nr_prec_ECOLI": 4854,
      "variance_epsilon_global": 0.08083795509460251
    },
    "4": {
      "median_abs_epsilon_global": 0.12346201343524221,
      "median_abs_epsilon_eq_species": 0.21025762433391945,
      "median_abs_epsilon_ECOLI": 0.3154998433150755,
      "median_abs_epsilon_HUMAN": 0.10210452767516287,
      "median_abs_epsilon_YEAST": 0.21316850201151993,
      "mean_abs_epsilon_global": 0.19495614701746225,
      "mean_abs_epsilon_eq_species": 0.29802172844119257,
      "mean_abs_epsilon_ECOLI": 0.4595732491485474,
      "mean_abs_epsilon_HUMAN": 0.15626619422149177,
      "mean_abs_epsilon_YEAST": 0.2782257419535386,
      "median_log2_empirical_ECOLI": -1.7016687777198927,
      "median_log2_empirical_HUMAN": -0.008313524179518694,
      "median_log2_empirical_YEAST": 0.8091588405597818,
      "median_abs_epsilon_precision_global": 0.11244954451634648,
      "median_abs_epsilon_precision_eq_species": 0.15103393812742874,
      "median_abs_epsilon_precision_ECOLI": 0.21166133270306808,
      "median_abs_epsilon_precision_HUMAN": 0.10201652598361122,
      "median_abs_epsilon_precision_YEAST": 0.13942395569560695,
      "mean_log2_empirical_ECOLI": -1.5831000494375107,
      "mean_log2_empirical_HUMAN": -0.019671523057662697,
      "mean_log2_empirical_YEAST": 0.7756851974150429,
      "mean_abs_epsilon_precision_global": 0.17694323914831417,
      "mean_abs_epsilon_precision_eq_species": 0.23776283512109456,
      "mean_abs_epsilon_precision_ECOLI": 0.34840579956316764,
      "mean_abs_epsilon_precision_HUMAN": 0.15640900142013378,
      "mean_abs_epsilon_precision_YEAST": 0.20847370437998225,
      "CV_median": 0.08799906835703589,
      "CV_q75": 0.15641424339641852,
      "CV_q90": 0.25102944877821876,
      "CV_q95": 0.3248085015670089,
      "roc_auc": 0.9693443119215166,
      "roc_auc_directional": 0.9793079478033272,
      "nr_prec": 83188,
      "nr_prec_HUMAN": 64747,
      "nr_prec_YEAST": 13095,
      "nr_prec_ECOLI": 5346,
      "variance_epsilon_global": 0.08995496305985584
    },
    "3": {
      "median_abs_epsilon_global": 0.12452370757332787,
      "median_abs_epsilon_eq_species": 0.2123424119030292,
      "median_abs_epsilon_ECOLI": 0.31926272209953943,
      "median_abs_epsilon_HUMAN": 0.10292780100853172,
      "median_abs_epsilon_YEAST": 0.21483671260101644,
      "mean_abs_epsilon_global": 0.19776392612925653,
      "mean_abs_epsilon_eq_species": 0.3027680268717269,
      "mean_abs_epsilon_ECOLI": 0.46703683180411176,
      "mean_abs_epsilon_HUMAN": 0.1582300093095738,
      "mean_abs_epsilon_YEAST": 0.28303723950149506,
      "median_log2_empirical_ECOLI": -1.6983667686692554,
      "median_log2_empirical_HUMAN": -0.008445286305629018,
      "median_log2_empirical_YEAST": 0.8081699085314806,
      "median_abs_epsilon_precision_global": 0.11364907721804496,
      "median_abs_epsilon_precision_eq_species": 0.15292097040033484,
      "median_abs_epsilon_precision_ECOLI": 0.21481300402276204,
      "median_abs_epsilon_precision_HUMAN": 0.10284893716956667,
      "median_abs_epsilon_precision_YEAST": 0.14110097000867583,
      "mean_log2_empirical_ECOLI": -1.5754520660187061,
      "mean_log2_empirical_HUMAN": -0.019832201043188308,
      "mean_log2_empirical_YEAST": 0.7723306195111078,
      "mean_abs_epsilon_precision_global": 0.17966510713891695,
      "mean_abs_epsilon_precision_eq_species": 0.24228330473409912,
      "mean_abs_epsilon_precision_ECOLI": 0.3553832170150073,