{
  "old_new": "new",
  "id": "Spectronaut_20250513_110929",
  "software_name": "Spectronaut",
  "software_version": "19.5.241126.62635",
  "search_engine": "Spectronaut",
  "search_engine_version": "19.5.241126.62635",
  "ident_fdr_psm": "0.01",
  "ident_fdr_peptide": null,
  "ident_fdr_protein": "0.01",
  "enable_match_between_runs": false,
  "precursor_mass_tolerance": "Dynamic",
  "fragment_mass_tolerance": "Dynamic",
  "enzyme": "Trypsin/P",
  "allowed_miscleavages": "1",
  "min_peptide_length": "6",
  "max_peptide_length": "30",
  "is_temporary": false,
  "intermediate_hash": "845abd919745c322846a8160815db93357ee012a",
  "results": {
    "6": {
      "median_abs_epsilon": 0.14996900031708993,
      "mean_abs_epsilon": 0.22924819774864577,
      "variance_epsilon": 0.11013079106047437,
      "nr_prec": 109042,
      "CV_median": 0.10388356677750281,
      "CV_q90": 0.27096589979789937,
      "CV_q75": 0.17609872207982516,
      "CV_q95": 0.34649371994208
    },
    "5": {
      "median_abs_epsilon": 0.15823956067947798,
      "mean_abs_epsilon": 0.24825400636601302,
      "variance_epsilon": 0.13420438602567147,
      "nr_prec": 117415,
      "CV_median": 0.10709959019944337,
      "CV_q90": 0.28333795774872894,
      "CV_q75": 0.1825042723046534,
      "CV_q95": 0.36457590768607606
    },
    "4": {
      "median_abs_epsilon": 0.163634771258522,
      "mean_abs_epsilon": 0.2644328403621999,
      "variance_epsilon": 0.16006128765701394,
      "nr_prec": 122006,
      "CV_median": 0.1083231339279096,
      "CV_q90": 0.28862349983887264,
      "CV_q75": 0.18503504262623868,
      "CV_q95": 0.37302303324862995
    },
    "3": {
      "median_abs_epsilon": 0.1663057413224136,
      "mean_abs_epsilon": 0.2732917828898378,
      "variance_epsilon": 0.17744192012554696,
      "nr_prec": 125604,
      "CV_median": 0.10904382491241167,
      "CV_q90": 0.2926903868430309,
      "CV_q75": 0.1866072574704674,
      "CV_q95": 0.37990466191972294
    },
    "2": {
      "median_abs_epsilon": 0.16825414722637966,
      "mean_abs_epsilon": 0.2790128980299825,
      "variance_epsilon": 0.18838828755309636,
      "nr_prec": 128495,
      "CV_median": 0.10923799078323079,
      "CV_q90": 0.29428859526054685,
      "CV_q75": 0.1872101120063605,
      "CV_q95": 0.38280892676247924
    },
    "1": {
      "median_abs_epsilon": 0.16825414722637966,
      "mean_abs_epsilon": 0.2790128980299826,
      "variance_epsilon": 0.1883882875530964,
      "nr_prec": 131069,
      "CV_median": 0.10923799078323079,
      "CV_q90": 0.29428859526054685,
      "CV_q75": 0.1872101120063605,
      "CV_q95": 0.38280892676247924
    }
  },
  "median_abs_epsilon": 0.1663057413224136,
  "mean_abs_epsilon": 0.2732917828898378,
  "nr_prec": 125604,
  "comments": "",
  "proteobench_version": "0.8.9",
  "color": "#bcbd22",
  "hover_text": "ProteoBench ID: Spectronaut_20250513_110929<br>Software tool: Spectronaut <br>Comment (private submission): ...",
  "scatter_size": 20,
  "fixed_mods": "Carbamidomethyl (C)",
  "variable_mods": "Acetyl (Protein N-term), Oxidation (M)",
  "max_mods": "1",
  "min_precursor_charge": null,
  "max_precursor_charge": null,
  "quantification_method": "MS2",
  "protein_inference": "IDPicker",
  "abundance_normalization_ions": "True",
  "submission_comments": "\n\n ### Parameter changes Detected:\n- **scan_window**: `Dynamic` \u2192 `[MISSING]`\n\nDataset URL: https://proteobench.cubimed.rub.de/datasets/845abd919745c322846a8160815db93357ee012a/"
}