{
  "old_new": "new",
  "id": "DIA-NN_20260309_104526",
  "software_name": "DIA-NN",
  "software_version": "1.7.16",
  "search_engine": "DIA-NN",
  "search_engine_version": "1.7.16",
  "ident_fdr_psm": 0.01,
  "ident_fdr_peptide": NaN,
  "ident_fdr_protein": NaN,
  "enable_match_between_runs": true,
  "precursor_mass_tolerance": "[-14.9565 ppm, 14.9565 ppm]",
  "fragment_mass_tolerance": "[-20.4164 ppm, 20.4164 ppm]",
  "enzyme": "Trypsin/P",
  "allowed_miscleavages": 1,
  "min_peptide_length": 6,
  "max_peptide_length": 30,
  "is_temporary": false,
  "intermediate_hash": "857a0b8e61439bd6e99f5315794407686abd4a58",
  "results": {
    "6": {
      "median_abs_epsilon_global": 0.13056586678638027,
      "median_abs_epsilon_eq_species": 0.20847535753958338,
      "median_abs_epsilon_ECOLI": 0.2814834160720112,
      "median_abs_epsilon_HUMAN": 0.11049412456660868,
      "median_abs_epsilon_YEAST": 0.23344853198013027,
      "mean_abs_epsilon_global": 0.20030893308672618,
      "mean_abs_epsilon_eq_species": 0.2920703417855002,
      "mean_abs_epsilon_ECOLI": 0.40468752535961855,
      "mean_abs_epsilon_HUMAN": 0.1706928761354373,
      "mean_abs_epsilon_YEAST": 0.3008306238614446,
      "median_log2_empirical_ECOLI": -1.7500699012606011,
      "median_log2_empirical_HUMAN": -0.009481506897522252,
      "median_log2_empirical_YEAST": 0.802985272776704,
      "median_abs_epsilon_precision_global": 0.11947137482603853,
      "median_abs_epsilon_precision_eq_species": 0.15707965890925824,
      "median_abs_epsilon_precision_ECOLI": 0.19827031010752894,
      "median_abs_epsilon_precision_HUMAN": 0.11018905333658857,
      "median_abs_epsilon_precision_YEAST": 0.1627796132836572,
      "mean_log2_empirical_ECOLI": -1.6726466184335265,
      "mean_log2_empirical_HUMAN": -0.015470683788246365,
      "mean_log2_empirical_YEAST": 0.7900305014093831,
      "mean_abs_epsilon_precision_global": 0.18675906681448617,
      "mean_abs_epsilon_precision_eq_species": 0.2424460057850398,
      "mean_abs_epsilon_precision_ECOLI": 0.3217612158785734,
      "mean_abs_epsilon_precision_HUMAN": 0.17054248835839228,
      "mean_abs_epsilon_precision_YEAST": 0.23503431311815368,
      "CV_median": 0.09663162611973991,
      "CV_q75": 0.17984598776586275,
      "CV_q90": 0.2902946754464466,
      "CV_q95": 0.3724145640038522,
      "roc_auc": 0.9620596621469042,
      "roc_auc_directional": 0.9793880890319595,
      "nr_prec": 74050,
      "nr_prec_HUMAN": 59779,
      "nr_prec_YEAST": 11037,
      "nr_prec_ECOLI": 3234,
      "variance_epsilon_global": 0.0879990623530507
    },
    "5": {
      "median_abs_epsilon_global": 0.14089403135338952,
      "median_abs_epsilon_eq_species": 0.2351615534623841,
      "median_abs_epsilon_ECOLI": 0.3360442625763085,
      "median_abs_epsilon_HUMAN": 0.11653124317029562,
      "median_abs_epsilon_YEAST": 0.2529091546405482,
      "mean_abs_epsilon_global": 0.2202459090978042,
      "mean_abs_epsilon_eq_species": 0.332142236972538,
      "mean_abs_epsilon_ECOLI": 0.4863224773379983,
      "mean_abs_epsilon_HUMAN": 0.18094191166630086,
      "mean_abs_epsilon_YEAST": 0.3291623219133147,
      "median_log2_empirical_ECOLI": -1.6948987709332837,
      "median_log2_empirical_HUMAN": -0.00941049732233612,
      "median_log2_empirical_YEAST": 0.7876844781028058,
      "median_abs_epsilon_precision_global": 0.12910089639022804,
      "median_abs_epsilon_precision_eq_species": 0.18091180838515028,
      "median_abs_epsilon_precision_ECOLI": 0.24468900326107246,
      "median_abs_epsilon_precision_HUMAN": 0.11636647574738035,
      "median_abs_epsilon_precision_YEAST": 0.181679946146998,
      "mean_log2_empirical_ECOLI": -1.5897600948867474,
      "mean_log2_empirical_HUMAN": -0.014547095559720282,
      "mean_log2_empirical_YEAST": 0.7668068738081082,
      "mean_abs_epsilon_precision_global": 0.20347930504245637,
      "mean_abs_epsilon_precision_eq_species": 0.273880592194641,
      "mean_abs_epsilon_precision_ECOLI": 0.38288045658017167,
      "mean_abs_epsilon_precision_HUMAN": 0.18077789272639483,
      "mean_abs_epsilon_precision_YEAST": 0.2579834272773564,
      "CV_median": 0.10171969917722201,
      "CV_q75": 0.18969074142326275,
      "CV_q90": 0.3056827097721434,
      "CV_q95": 0.39203311018258835,
      "roc_auc": 0.9497130226461685,
      "roc_auc_directional": 0.9706175764038669,
      "nr_prec": 82744,
      "nr_prec_HUMAN": 65346,
      "nr_prec_YEAST": 13113,
      "nr_prec_ECOLI": 4285,
      "variance_epsilon_global": 0.1086686094785212
    },
    "4": {
      "median_abs_epsilon_global": 0.1466896322780471,
      "median_abs_epsilon_eq_species": 0.26290192654563843,
      "median_abs_epsilon_ECOLI": 0.40447746954265273,
      "median_abs_epsilon_HUMAN": 0.11908163135414807,
      "median_abs_epsilon_YEAST": 0.26514667874011444,
      "mean_abs_epsilon_global": 0.23604858514927282,
      "mean_abs_epsilon_eq_species": 0.3680016776379336,
      "mean_abs_epsilon_ECOLI": 0.5695556558167721,
      "mean_abs_epsilon_HUMAN": 0.18665579617719513,
      "mean_abs_epsilon_YEAST": 0.3477935809198337,
      "median_log2_empirical_ECOLI": -1.6344970669095353,
      "median_log2_empirical_HUMAN": -0.009088411499083904,
      "median_log2_empirical_YEAST": 0.7791257134399778,
      "median_abs_epsilon_precision_global": 0.13538292456203926,
      "median_abs_epsilon_precision_eq_species": 0.2020765087759481,
      "median_abs_epsilon_precision_ECOLI": 0.29712418188645184,
      "median_abs_epsilon_precision_HUMAN": 0.11913110878009636,
      "median_abs_epsilon_precision_YEAST": 0.18997423566129612,
      "mean_log2_empirical_ECOLI": -1.5090964221095224,
      "mean_log2_empirical_HUMAN": -0.0137432525341932,
      "mean_log2_empirical_YEAST": 0.7523336803591874,
      "mean_abs_epsilon_precision_global": 0.21635761850382812,
      "mean_abs_epsilon_precision_eq_species": 0.30183356355246743,
      "mean_abs_epsilon_precision_ECOLI": 0.4451027362433528,
      "mean_abs_epsilon_precision_HUMAN": 0.18648983507820296,
      "mean_abs_epsilon_precision_YEAST": 0.2739081193358465,
      "CV_median": 0.10332368034661156,
      "CV_q75": 0.19271199092574717,
      "CV_q90": 0.31040624106168113,
      "CV_q95": 0.3988419810626261,
      "roc_auc": 0.9414702837953007,
      "roc_auc_directional": 0.9616955954317824,
      "nr_prec": 86969,
      "nr_prec_HUMAN": 67536,
      "nr_prec_YEAST": 14183,
      "nr_prec_ECOLI": 5250,
      "variance_epsilon_global": 0.12972704852970826
    },
    "3": {
      "median_abs_epsilon_global": 0.1484963240242747,
      "median_abs_epsilon_eq_species": 0.26687758007632983,
      "median_abs_epsilon_ECOLI": 0.41228843983275887,
      "median_abs_epsilon_HUMAN": 0.12026579617834443,
      "median_abs_epsilon_YEAST": 0.26807850421788615,
      "mean_abs_epsilon_global": 0.23993341708618135,
      "mean_abs_epsilon_eq_species": 0.3746100936170244,
      "mean_abs_epsilon_ECOLI": 0.5810366044589111,
      "mean_abs_epsilon_HUMAN": 0.18934868173776218,
      "mean_abs_epsilon_YEAST": 0.35344499465439977,
      "median_log2_empirical_ECOLI": -1.6274167611802053,
      "median_log2_empirical_HUMAN": -0.009235896396768695,
      "median_log2_empirical_YEAST": 0.7762283378431993,
      "median_abs_epsilon_precision_global": 0.1372181095970184,
      "median_abs_epsilon_precision_eq_species": 0.20519204604365923,
      "median_abs_epsilon_precision_ECOLI": 0.30213615249852843,
      "median_abs_epsilon_precision_HUMAN": 0.12035076434253433,
      "median_abs_epsilon_precision_YEAST": 0.1930892212899149,
      "mean_log2_empirical_ECOLI": -1.496841714240597,
      "mean_log2_empirical_HUMAN": -0.013388437150276176,
      "mean_log2_empirical_YEAST": 0.7468083183145551,
      "mean_abs_epsilon_precision_global": 0.21988371834754358,
      "mean_abs_epsilon_precision_eq_species": 0.3074571633052905,
      "mean_abs_epsilon_precision_ECOLI": 0.4545428802617739,
      "mean_abs_epsilon_precision_HUMAN": 0.18916874942399212,