{
  "old_new": "new",
  "id": "AlphaDIA_20251027_154327",
  "software_name": "AlphaDIA",
  "software_version": "1.12.1",
  "search_engine": "AlphaDIA",
  "search_engine_version": NaN,
  "ident_fdr_psm": "0.01",
  "ident_fdr_peptide": NaN,
  "ident_fdr_protein": "0.01",
  "enable_match_between_runs": true,
  "precursor_mass_tolerance": "[-0 ppm, 0 ppm]",
  "fragment_mass_tolerance": "[-0 ppm, 0 ppm]",
  "enzyme": "trypsin/p ",
  "allowed_miscleavages": "1",
  "min_peptide_length": "6",
  "max_peptide_length": "30",
  "is_temporary": false,
  "intermediate_hash": "8f9c72a7c277c7d0ab08b7ffc1f4e9213702220d",
  "results": {
    "6": {
      "median_abs_epsilon": 0.16843446096374137,
      "mean_abs_epsilon": 0.26678418914892327,
      "variance_epsilon": 0.17111051579940273,
      "nr_prec": 58524,
      "CV_median": 0.11741242144203651,
      "CV_q75": 0.25196268634282226,
      "CV_q90": 0.387207526657888,
      "CV_q95": 0.4999958104095164
    },
    "5": {
      "median_abs_epsilon": 0.1811418533298612,
      "mean_abs_epsilon": 0.28627798303844587,
      "variance_epsilon": 0.1950117899920623,
      "nr_prec": 65552,
      "CV_median": 0.12254513944951795,
      "CV_q75": 0.26101723345349764,
      "CV_q90": 0.40214539148760153,
      "CV_q95": 0.5243060999459488
    },
    "4": {
      "median_abs_epsilon": 0.188628673547921,
      "mean_abs_epsilon": 0.30245590865706706,
      "variance_epsilon": 0.22132800966437444,
      "nr_prec": 69468,
      "CV_median": 0.1246065129507509,
      "CV_q75": 0.2651339534631555,
      "CV_q90": 0.4087238471747143,
      "CV_q95": 0.5343408657411828
    },
    "3": {
      "median_abs_epsilon": 0.19222434361400786,
      "mean_abs_epsilon": 0.3094484089762913,
      "variance_epsilon": 0.2323155947346261,
      "nr_prec": 71743,
      "CV_median": 0.12544981426151602,
      "CV_q75": 0.2668383511838496,
      "CV_q90": 0.41170115328912493,
      "CV_q95": 0.5394515216559177
    },
    "2": {
      "median_abs_epsilon": 0.19255701700843986,
      "mean_abs_epsilon": 0.3106860535661674,
      "variance_epsilon": 0.234657685395183,
      "nr_prec": 72411,
      "CV_median": 0.12560209224462188,
      "CV_q75": 0.26703989955272783,
      "CV_q90": 0.41201432982120545,
      "CV_q95": 0.5403377958182376
    },
    "1": {
      "median_abs_epsilon": 0.19255701700843986,
      "mean_abs_epsilon": 0.3106860535661674,
      "variance_epsilon": 0.234657685395183,
      "nr_prec": 72411,
      "CV_median": 0.12560209224462188,
      "CV_q75": 0.26703989955272783,
      "CV_q90": 0.41201432982120545,
      "CV_q95": 0.5403377958182376
    }
  },
  "median_abs_epsilon": 0.19222434361400786,
  "mean_abs_epsilon": 0.3094484089762913,
  "nr_prec": 71743,
  "comments": "",
  "proteobench_version": "0.10.3",
  "color": "#1D2732",
  "hover_text": "ProteoBench ID: AlphaDIA_20251027_154327<br>Software tool: AlphaDIA <br>Comment (private submission): ...",
  "scatter_size": 20,
  "fixed_mods": "Carbamidomethyl@C",
  "variable_mods": "Oxidation@M;Acetyl@Protein_N-term",
  "max_mods": "1 ",
  "min_precursor_charge": "1",
  "max_precursor_charge": "5",
  "quantification_method": "DirectLFQ",
  "protein_inference": "heuristic",
  "abundance_normalization_ions": NaN,
  "submission_comments": "\n\n ### Parameter changes detected:\n- **abundance_normalization_ions**: `None` \u2192 `nan`\n- **search_engine_version**: `None` \u2192 `nan`\n- **ident_fdr_peptide**: `None` \u2192 `nan`\n- **scan_window**: `None` \u2192 `nan`\n\nDataset URL: https://proteobench.cubimed.rub.de/datasets/8f9c72a7c277c7d0ab08b7ffc1f4e9213702220d/",
  "min_precursor_mz": "400",
  "max_precursor_mz": "1000",
  "min_fragment_mz": "50",
  "max_fragment_mz": "2000",
  "predictors_library": "AlphaPeptDeep",
  "scan_window": NaN
}