{
  "id": "DIA-NN_20260428_151928",
  "software_name": "DIA-NN",
  "software_version": "2.1.0 Academia ",
  "search_engine": "DIA-NN",
  "search_engine_version": "2.1.0 Academia ",
  "ident_fdr_psm": 0.01,
  "ident_fdr_peptide": NaN,
  "ident_fdr_protein": NaN,
  "enable_match_between_runs": false,
  "precursor_mass_tolerance": "[-20.0 ppm, 20.0 ppm]",
  "fragment_mass_tolerance": "[-20.0 ppm, 20.0 ppm]",
  "enzyme": "Trypsin/P",
  "allowed_miscleavages": 2,
  "min_peptide_length": 7,
  "max_peptide_length": 30,
  "is_temporary": false,
  "intermediate_hash": "9fe3da66f3a96024871a113ad396ecbb5908816c",
  "results": {
    "6": {
      "median_abs_epsilon_global": 0.10806751251220703,
      "median_abs_epsilon_eq_species": 0.14851935704549155,
      "median_abs_epsilon_ECOLI": 0.19004440307617188,
      "median_abs_epsilon_HUMAN": 0.10013484954833984,
      "median_abs_epsilon_YEAST": 0.1553788185119629,
      "mean_abs_epsilon_global": 0.1528173025986084,
      "mean_abs_epsilon_eq_species": 0.2005615938146712,
      "mean_abs_epsilon_ECOLI": 0.2571393769651979,
      "mean_abs_epsilon_HUMAN": 0.13982829531477692,
      "mean_abs_epsilon_YEAST": 0.20471710916403885,
      "median_log2_empirical_ECOLI": -1.8362388610839844,
      "median_log2_empirical_HUMAN": 0.006854534149169922,
      "median_log2_empirical_YEAST": 0.8690929412841797,
      "median_abs_epsilon_precision_global": 0.10307741165161133,
      "median_abs_epsilon_precision_eq_species": 0.11964162190755208,
      "median_abs_epsilon_precision_ECOLI": 0.1394968032836914,
      "median_abs_epsilon_precision_HUMAN": 0.09984159469604492,
      "median_abs_epsilon_precision_YEAST": 0.11958646774291992,
      "mean_log2_empirical_ECOLI": -1.8018758115663633,
      "mean_log2_empirical_HUMAN": -0.007297033795363888,
      "mean_log2_empirical_YEAST": 0.8436181784331144,
      "mean_abs_epsilon_precision_global": 0.1461414466006731,
      "mean_abs_epsilon_precision_eq_species": 0.17103338916887267,
      "mean_abs_epsilon_precision_ECOLI": 0.20664528378524752,
      "mean_abs_epsilon_precision_HUMAN": 0.14025843641261135,
      "mean_abs_epsilon_precision_YEAST": 0.16619644730875915,
      "CV_median": 0.0847564861524038,
      "CV_q75": 0.1419305791152588,
      "CV_q90": 0.21420472308116495,
      "CV_q95": 0.2706263268195533,
      "variance_epsilon_global": 0.04862337659336411,
      "nr_feature": 64189,
      "roc_auc": 0.9891460866992443
    },
    "5": {
      "median_abs_epsilon_global": 0.11699819564819336,
      "median_abs_epsilon_eq_species": 0.16313298543294272,
      "median_abs_epsilon_ECOLI": 0.21158695220947266,
      "median_abs_epsilon_HUMAN": 0.10677909851074219,
      "median_abs_epsilon_YEAST": 0.17103290557861328,
      "mean_abs_epsilon_global": 0.16719390410973442,
      "mean_abs_epsilon_eq_species": 0.22368899800428502,
      "mean_abs_epsilon_ECOLI": 0.2942771863276671,
      "mean_abs_epsilon_HUMAN": 0.1508292528175823,
      "mean_abs_epsilon_YEAST": 0.22596055486760575,
      "median_log2_empirical_ECOLI": -1.8171262741088867,
      "median_log2_empirical_HUMAN": 0.00679779052734375,
      "median_log2_empirical_YEAST": 0.8548069000244141,
      "median_abs_epsilon_precision_global": 0.11137676239013672,
      "median_abs_epsilon_precision_eq_species": 0.13264338175455728,
      "median_abs_epsilon_precision_ECOLI": 0.1583538055419922,
      "median_abs_epsilon_precision_HUMAN": 0.10645294189453125,
      "median_abs_epsilon_precision_YEAST": 0.13312339782714844,
      "mean_log2_empirical_ECOLI": -1.7660032915641988,
      "mean_log2_empirical_HUMAN": -0.007154806671233429,
      "mean_log2_empirical_YEAST": 0.8264281136299216,
      "mean_abs_epsilon_precision_global": 0.15915945343613844,
      "mean_abs_epsilon_precision_eq_species": 0.1906385172090831,
      "mean_abs_epsilon_precision_ECOLI": 0.23758167244150566,
      "mean_abs_epsilon_precision_HUMAN": 0.15122162268711822,
      "mean_abs_epsilon_precision_YEAST": 0.18311225649862542,
      "CV_median": 0.08889352138565393,
      "CV_q75": 0.1502379591675452,
      "CV_q90": 0.22806954299849294,
      "CV_q95": 0.28902849590976776,
      "variance_epsilon_global": 0.058584351054822056,
      "nr_feature": 76008,
      "roc_auc": 0.9834114085331578
    },
    "4": {
      "median_abs_epsilon_global": 0.12508773803710938,
      "median_abs_epsilon_eq_species": 0.18265676498413086,
      "median_abs_epsilon_ECOLI": 0.24604558944702148,
      "median_abs_epsilon_HUMAN": 0.11283302307128906,
      "median_abs_epsilon_YEAST": 0.18909168243408203,
      "mean_abs_epsilon_global": 0.18324032337487395,
      "mean_abs_epsilon_eq_species": 0.25346547457575114,
      "mean_abs_epsilon_ECOLI": 0.3479362105914816,
      "mean_abs_epsilon_HUMAN": 0.16166443928068053,
      "mean_abs_epsilon_YEAST": 0.25079577385509133,
      "median_log2_empirical_ECOLI": -1.7863011360168457,
      "median_log2_empirical_HUMAN": 0.006404876708984375,
      "median_log2_empirical_YEAST": 0.8397483825683594,
      "median_abs_epsilon_precision_global": 0.11929512023925781,
      "median_abs_epsilon_precision_eq_species": 0.14954646428426108,
      "median_abs_epsilon_precision_ECOLI": 0.19035863876342773,
      "median_abs_epsilon_precision_HUMAN": 0.1122894287109375,
      "median_abs_epsilon_precision_YEAST": 0.14599132537841797,
      "mean_log2_empirical_ECOLI": -1.7131104627564326,
      "mean_log2_empirical_HUMAN": -0.0070790145494409795,
      "mean_log2_empirical_YEAST": 0.8071595651814125,
      "mean_abs_epsilon_precision_global": 0.17350866316215716,
      "mean_abs_epsilon_precision_eq_species": 0.21586802518327017,
      "mean_abs_epsilon_precision_ECOLI": 0.28214675427643054,
      "mean_abs_epsilon_precision_HUMAN": 0.1620200512993815,
      "mean_abs_epsilon_precision_YEAST": 0.20343726997399847,
      "CV_median": 0.09102025056559268,
      "CV_q75": 0.15507351394612529,
      "CV_q90": 0.2370308712670623,
      "CV_q95": 0.30056346798019534,
      "variance_epsilon_global": 0.07228935882261994,
      "nr_feature": 85739,
      "roc_auc": 0.9748146189706748
    },
    "3": {
      "median_abs_epsilon_global": 0.13128900527954102,
      "median_abs_epsilon_eq_species": 0.18820635477701822,
      "median_abs_epsilon_ECOLI": 0.24974346160888672,
      "median_abs_epsilon_HUMAN": 0.11884069442749023,
      "median_abs_epsilon_YEAST": 0.19603490829467773,
      "mean_abs_epsilon_global": 0.19415277230210534,
      "mean_abs_epsilon_eq_species": 0.26552749336204506,
      "mean_abs_epsilon_ECOLI": 0.35917724492292213,
      "mean_abs_epsilon_HUMAN": 0.17278113457128902,
      "mean_abs_epsilon_YEAST": 0.26462410059192404,
      "median_log2_empirical_ECOLI": -1.7811284065246582,
      "median_log2_empirical_HUMAN": 0.006338596343994141,
      "median_log2_empirical_YEAST": 0.8335404396057129,
      "median_abs_epsilon_precision_global": 0.12529611587524414,
      "median_abs_epsilon_precision_eq_species": 0.15509462356567383,
      "median_abs_epsilon_precision_ECOLI": 0.1947169303894043,
      "median_abs_epsilon_precision_HUMAN": 0.11799430847167969,
      "median_abs_epsilon_precision_YEAST": 0.1525726318359375,
      "mean_log2_empirical_ECOLI": -1.7014983040588474,
      "mean_log2_empirical_HUMAN": -0.006462121964261988,
      "mean_log2_empirical_YEAST": 0.7953942304524884,
      "mean_abs_epsilon_precision_global": 0.18429272474953645,
      "mean_abs_epsilon_precision_eq_species": 0.227138852730258,
      "mean_abs_epsilon_precision_ECOLI": 0.29321656440888366,
      "mean_abs_epsilon_precision_HUMAN": 0.17308175999026768,
      "mean_abs_epsilon_precision_YEAST": 0.21511823379162262,
      "CV_median": 0.09308353203904145,
      "CV_q75": 0.15892460395597494,
      "CV_q90": 0.24282717005914722,
      "CV_q95": 0.3080898226951592,
      "variance_epsilon_global": 0.08181725601995116,
      "nr_feature": 97712,
      "roc_auc": 0.9668988235231488
    },