{
  "old_new": "new",
  "id": "Spectronaut_20250709_075205",
  "software_name": "Spectronaut",
  "software_version": "20.0.250606.92449",
  "search_engine": "Spectronaut",
  "search_engine_version": "20.0.250606.92449",
  "ident_fdr_psm": 0.01,
  "ident_fdr_peptide": null,
  "ident_fdr_protein": 0.01,
  "enable_match_between_runs": false,
  "precursor_mass_tolerance": "Dynamic",
  "fragment_mass_tolerance": "Dynamic",
  "enzyme": "Trypsin/P",
  "allowed_miscleavages": 2,
  "min_peptide_length": 7,
  "max_peptide_length": 52,
  "is_temporary": false,
  "intermediate_hash": "a43ccd0c178747069c196e7de29990ea536cb71a",
  "results": {
    "6": {
      "median_abs_epsilon_global": 0.16387181887063607,
      "median_abs_epsilon_eq_species": 0.22085723035201207,
      "median_abs_epsilon_ECOLI": 0.27056633181498935,
      "median_abs_epsilon_HUMAN": 0.14634175372719582,
      "median_abs_epsilon_YEAST": 0.24566360551385102,
      "mean_abs_epsilon_global": 0.2609788716818183,
      "mean_abs_epsilon_eq_species": 0.34293381083182956,
      "mean_abs_epsilon_ECOLI": 0.44998062200927935,
      "mean_abs_epsilon_HUMAN": 0.23241318015630155,
      "mean_abs_epsilon_YEAST": 0.3464076303299078,
      "median_log2_empirical_ECOLI": -1.8432533136362879,
      "median_log2_empirical_HUMAN": -0.024570263318481445,
      "median_log2_empirical_YEAST": 0.8246775836429165,
      "median_abs_epsilon_precision_global": 0.15772523452397014,
      "median_abs_epsilon_precision_eq_species": 0.20600094638108665,
      "median_abs_epsilon_precision_ECOLI": 0.26802870803559076,
      "median_abs_epsilon_precision_HUMAN": 0.14526471431419719,
      "median_abs_epsilon_precision_YEAST": 0.204709416793472,
      "mean_log2_empirical_ECOLI": -1.7130215443776915,
      "mean_log2_empirical_HUMAN": -0.02625304306211384,
      "mean_log2_empirical_YEAST": 0.7875969110573869,
      "mean_abs_epsilon_precision_global": 0.2525558710770174,
      "mean_abs_epsilon_precision_eq_species": 0.3239179593185548,
      "mean_abs_epsilon_precision_ECOLI": 0.4368915719559852,
      "mean_abs_epsilon_precision_HUMAN": 0.23110456623220801,
      "mean_abs_epsilon_precision_YEAST": 0.30375773976747117,
      "CV_median": 0.12999441999238792,
      "CV_q75": 0.23312269030488691,
      "CV_q90": 0.3728609838078163,
      "CV_q95": 0.48678767325156747,
      "roc_auc": 0.9256442238059739,
      "roc_auc_directional": 0.9548166975030575,
      "nr_prec": 116902,
      "nr_prec_HUMAN": 92743,
      "nr_prec_YEAST": 18507,
      "nr_prec_ECOLI": 5652,
      "variance_epsilon_global": 0.17298496499287272
    },
    "5": {
      "median_abs_epsilon_global": 0.17238650012738788,
      "median_abs_epsilon_eq_species": 0.24659422868068134,
      "median_abs_epsilon_ECOLI": 0.3250738242897486,
      "median_abs_epsilon_HUMAN": 0.15137779125812223,
      "median_abs_epsilon_YEAST": 0.26333107049417315,
      "mean_abs_epsilon_global": 0.28504851408499204,
      "mean_abs_epsilon_eq_species": 0.3871531396084846,
      "mean_abs_epsilon_ECOLI": 0.5367739790279404,
      "mean_abs_epsilon_HUMAN": 0.2477542315557064,
      "mean_abs_epsilon_YEAST": 0.3769312082418068,
      "median_log2_empirical_ECOLI": -1.7881861128616223,
      "median_log2_empirical_HUMAN": -0.024075125495640837,
      "median_log2_empirical_YEAST": 0.8100993946570529,
      "median_abs_epsilon_precision_global": 0.16658782312178744,
      "median_abs_epsilon_precision_eq_species": 0.2300643173651952,
      "median_abs_epsilon_precision_ECOLI": 0.32019779594361886,
      "median_abs_epsilon_precision_HUMAN": 0.15011597647703878,
      "median_abs_epsilon_precision_YEAST": 0.21987917967492798,
      "mean_log2_empirical_ECOLI": -1.6150251421898694,
      "mean_log2_empirical_HUMAN": -0.02305634685745285,
      "mean_log2_empirical_YEAST": 0.7639474323974796,
      "mean_abs_epsilon_precision_global": 0.27505846531502465,
      "mean_abs_epsilon_precision_eq_species": 0.36280428616345023,
      "mean_abs_epsilon_precision_ECOLI": 0.5110308924076971,
      "mean_abs_epsilon_precision_HUMAN": 0.2465268553315323,
      "mean_abs_epsilon_precision_YEAST": 0.3308551107511213,
      "CV_median": 0.13436451537197552,
      "CV_q75": 0.24279650713593703,
      "CV_q90": 0.3926245486914228,
      "CV_q95": 0.5168252978703061,
      "roc_auc": 0.9116334018240643,
      "roc_auc_directional": 0.9398537787001295,
      "nr_prec": 124211,
      "nr_prec_HUMAN": 96834,
      "nr_prec_YEAST": 20521,
      "nr_prec_ECOLI": 6856,
      "variance_epsilon_global": 0.22252307678821612
    },
    "4": {
      "median_abs_epsilon_global": 0.17727886803781878,
      "median_abs_epsilon_eq_species": 0.2692600855514115,
      "median_abs_epsilon_ECOLI": 0.38241249927506304,
      "median_abs_epsilon_HUMAN": 0.1536673586107602,
      "median_abs_epsilon_YEAST": 0.27170039876841123,
      "mean_abs_epsilon_global": 0.3041402790606261,
      "mean_abs_epsilon_eq_species": 0.42556280153592946,
      "mean_abs_epsilon_ECOLI": 0.6217339279741024,
      "mean_abs_epsilon_HUMAN": 0.25900562103518604,
      "mean_abs_epsilon_YEAST": 0.39594885559849996,
      "median_log2_empirical_ECOLI": -1.7265045288227587,
      "median_log2_empirical_HUMAN": -0.023969350158359326,
      "median_log2_empirical_YEAST": 0.8054353685827458,
      "median_abs_epsilon_precision_global": 0.17170633639217314,
      "median_abs_epsilon_precision_eq_species": 0.2493521772779316,
      "median_abs_epsilon_precision_ECOLI": 0.3669589558542441,
      "median_abs_epsilon_precision_HUMAN": 0.15235849012994063,
      "median_abs_epsilon_precision_YEAST": 0.2287390858496101,
      "mean_log2_empirical_ECOLI": -1.523405653780357,
      "mean_log2_empirical_HUMAN": -0.02116619260803245,
      "mean_log2_empirical_YEAST": 0.7538261775598568,
      "mean_abs_epsilon_precision_global": 0.29293459220742135,
      "mean_abs_epsilon_precision_eq_species": 0.39631449172759875,
      "mean_abs_epsilon_precision_ECOLI": 0.5820158847934013,
      "mean_abs_epsilon_precision_HUMAN": 0.2578181303478414,
      "mean_abs_epsilon_precision_YEAST": 0.3491094600415537,
      "CV_median": 0.13581400579062497,
      "CV_q75": 0.2457356967582304,
      "CV_q90": 0.39892013651998837,
      "CV_q95": 0.5270688759718176,
      "roc_auc": 0.9034825160929537,
      "roc_auc_directional": 0.9267901629313906,
      "nr_prec": 127516,
      "nr_prec_HUMAN": 98319,
      "nr_prec_YEAST": 21415,
      "nr_prec_ECOLI": 7782,
      "variance_epsilon_global": 0.27629134566081776
    },
    "3": {
      "median_abs_epsilon_global": 0.17858551500962028,
      "median_abs_epsilon_eq_species": 0.2713063432650844,
      "median_abs_epsilon_ECOLI": 0.38561062936949764,
      "median_abs_epsilon_HUMAN": 0.1546469164503228,
      "median_abs_epsilon_YEAST": 0.2736614839754328,
      "mean_abs_epsilon_global": 0.31300864090005237,
      "mean_abs_epsilon_eq_species": 0.43390922209705596,
      "mean_abs_epsilon_ECOLI": 0.629009853720134,
      "mean_abs_epsilon_HUMAN": 0.26795934835944013,
      "mean_abs_epsilon_YEAST": 0.4047584642115937,
      "median_log2_empirical_ECOLI": -1.724964966963408,
      "median_log2_empirical_HUMAN": -0.023935767616743764,
      "median_log2_empirical_YEAST": 0.8045985968315108,
      "median_abs_epsilon_precision_global": 0.17294702797591777,
      "median_abs_epsilon_precision_eq_species": 0.2513329910735272,
      "median_abs_epsilon_precision_ECOLI": 0.3696137652539697,
      "median_abs_epsilon_precision_HUMAN": 0.15351954699142123,
      "median_abs_epsilon_precision_YEAST": 0.23086566097519068,
      "mean_log2_empirical_ECOLI": -1.5184935403808641,
      "mean_log2_empirical_HUMAN": -0.019563760650395355,
      "mean_log2_empirical_YEAST": 0.7528872284820108,
      "mean_abs_epsilon_precision_global": 0.30178408284263875,
      "mean_abs_epsilon_precision_eq_species": 0.4046152234353692,
      "mean_abs_epsilon_precision_ECOLI": 0.5892482664062816,
      "mean_abs_epsilon_precision_HUMAN": 0.26680889806175295,