{
  "old_new": "new",
  "id": "Spectronaut_20250709_075205",
  "software_name": "Spectronaut",
  "software_version": "20.0.250606.92449",
  "search_engine": "Spectronaut",
  "search_engine_version": "20.0.250606.92449",
  "ident_fdr_psm": "0.01",
  "ident_fdr_peptide": null,
  "ident_fdr_protein": "0.01",
  "enable_match_between_runs": false,
  "precursor_mass_tolerance": "Dynamic",
  "fragment_mass_tolerance": "Dynamic",
  "enzyme": "Trypsin/P",
  "allowed_miscleavages": "2",
  "min_peptide_length": "7",
  "max_peptide_length": "52",
  "is_temporary": false,
  "intermediate_hash": "a43ccd0c178747069c196e7de29990ea536cb71a",
  "results": {
    "6": {
      "median_abs_epsilon": 0.1637801970265933,
      "mean_abs_epsilon": 0.2610051936808815,
      "variance_epsilon": 0.17304934916043357,
      "nr_prec": 117173,
      "CV_median": 0.1299105663087968,
      "CV_q75": 0.23300881712345098,
      "CV_q90": 0.37278053310874926,
      "CV_q95": 0.48671187796029874
    },
    "5": {
      "median_abs_epsilon": 0.1723199226203791,
      "mean_abs_epsilon": 0.2851139889394287,
      "variance_epsilon": 0.2228367137883002,
      "nr_prec": 124494,
      "CV_median": 0.13427486862709737,
      "CV_q75": 0.24267499348514904,
      "CV_q90": 0.392581197877811,
      "CV_q95": 0.5167938313238252
    },
    "4": {
      "median_abs_epsilon": 0.17721717162260164,
      "mean_abs_epsilon": 0.3041906012658661,
      "variance_epsilon": 0.27655149618516695,
      "nr_prec": 127802,
      "CV_median": 0.1357272691770665,
      "CV_q75": 0.2456440683211088,
      "CV_q90": 0.39885093295125473,
      "CV_q95": 0.5269507150295945
    },
    "3": {
      "median_abs_epsilon": 0.17852421126711526,
      "mean_abs_epsilon": 0.31303772566142246,
      "variance_epsilon": 0.31276051377972,
      "nr_prec": 129680,
      "CV_median": 0.1363427064858312,
      "CV_q75": 0.2468885985977264,
      "CV_q90": 0.401619665697975,
      "CV_q95": 0.5316899936857143
    },
    "2": {
      "median_abs_epsilon": 0.1787032262887509,
      "mean_abs_epsilon": 0.3142624543627812,
      "variance_epsilon": 0.3174777938794474,
      "nr_prec": 130156,
      "CV_median": 0.1364205635868956,
      "CV_q75": 0.2470991853881911,
      "CV_q90": 0.4025085350663889,
      "CV_q95": 0.5329940883488211
    },
    "1": {
      "median_abs_epsilon": 0.1787032262887509,
      "mean_abs_epsilon": 0.3142624543627812,
      "variance_epsilon": 0.3174777938794475,
      "nr_prec": 130267,
      "CV_median": 0.1364205635868956,
      "CV_q75": 0.2470991853881911,
      "CV_q90": 0.4025085350663889,
      "CV_q95": 0.5329940883488211
    }
  },
  "median_abs_epsilon": 0.17852421126711526,
  "mean_abs_epsilon": 0.31303772566142246,
  "nr_prec": 129680,
  "comments": "",
  "proteobench_version": "0.8.28",
  "color": "#007548",
  "hover_text": "ProteoBench ID: Spectronaut_20250709_075205<br>Software tool: Spectronaut <br>Comment (private submission): ...",
  "scatter_size": 20,
  "fixed_mods": "Carbamidomethyl (C)",
  "variable_mods": "Acetyl (Protein N-term), Oxidation (M)",
  "max_mods": "5",
  "min_precursor_charge": null,
  "max_precursor_charge": null,
  "quantification_method": "MS2",
  "protein_inference": "IDPicker",
  "abundance_normalization_ions": "True",
  "submission_comments": "\n\n ### Parameter changes detected:\n- **scan_window**: `Dynamic` \u2192 `[MISSING]`\n\nDataset URL: https://proteobench.cubimed.rub.de/datasets/a43ccd0c178747069c196e7de29990ea536cb71a/"
}