{
  "old_new": "new",
  "id": "DIA-NN_20250430_090040",
  "software_name": "DIA-NN",
  "software_version": "1.9.2",
  "search_engine": "DIA-NN",
  "search_engine_version": "1.9.2",
  "ident_fdr_psm": "0.01",
  "ident_fdr_peptide": NaN,
  "ident_fdr_protein": NaN,
  "enable_match_between_runs": true,
  "precursor_mass_tolerance": "[-13.8504 ppm, 13.8504 ppm]",
  "fragment_mass_tolerance": "[-11.5251 ppm, 11.5251 ppm]",
  "enzyme": "Trypsin/P",
  "allowed_miscleavages": "1",
  "min_peptide_length": "6",
  "max_peptide_length": "30",
  "is_temporary": false,
  "intermediate_hash": "a767a9cec1220b2da97a6c37d92b682ad2de4e7a",
  "results": {
    "6": {
      "median_abs_epsilon": 0.10090930714664204,
      "mean_abs_epsilon": 0.14743316975952725,
      "variance_epsilon": 0.04797530095888704,
      "nr_prec": 57694,
      "CV_median": 0.07365806350594695,
      "CV_q90": 0.1947011717118362,
      "CV_q75": 0.12655967303686053,
      "CV_q95": 0.24892640995739213
    },
    "5": {
      "median_abs_epsilon": 0.10795789418419766,
      "mean_abs_epsilon": 0.15972623314174117,
      "variance_epsilon": 0.05698987267243397,
      "nr_prec": 66438,
      "CV_median": 0.0778875996770238,
      "CV_q90": 0.20896243784117724,
      "CV_q75": 0.1348115019382185,
      "CV_q95": 0.2684625845412255
    },
    "4": {
      "median_abs_epsilon": 0.11347770946289337,
      "mean_abs_epsilon": 0.17066405456389216,
      "variance_epsilon": 0.0659952684766414,
      "nr_prec": 72061,
      "CV_median": 0.0797329860661668,
      "CV_q90": 0.2150986641375685,
      "CV_q75": 0.1382439708583834,
      "CV_q95": 0.2764348994914859
    },
    "3": {
      "median_abs_epsilon": 0.11602956502336603,
      "mean_abs_epsilon": 0.17636724953663369,
      "variance_epsilon": 0.07219101456398337,
      "nr_prec": 76502,
      "CV_median": 0.08074365129207481,
      "CV_q90": 0.2186655789774164,
      "CV_q75": 0.14021154335317249,
      "CV_q95": 0.28163876491309214
    },
    "2": {
      "median_abs_epsilon": 0.11716988376521442,
      "mean_abs_epsilon": 0.17923736183302172,
      "variance_epsilon": 0.07547576576961386,
      "nr_prec": 78851,
      "CV_median": 0.08098019392640102,
      "CV_q90": 0.2198879855614047,
      "CV_q75": 0.14080257166551519,
      "CV_q95": 0.28370681159353806
    },
    "1": {
      "median_abs_epsilon": 0.11716988376521442,
      "mean_abs_epsilon": 0.17923736183302172,
      "variance_epsilon": 0.07547576576961385,
      "nr_prec": 80164,
      "CV_median": 0.08098019392640102,
      "CV_q90": 0.2198879855614047,
      "CV_q75": 0.14080257166551519,
      "CV_q95": 0.28370681159353806
    }
  },
  "median_abs_epsilon": 0.11602956502336603,
  "mean_abs_epsilon": 0.17636724953663369,
  "nr_prec": 76502,
  "comments": "",
  "proteobench_version": "0.8.6",
  "color": "#d30067",
  "hover_text": "ProteoBench ID: DIA-NN_20250430_090040<br>Software tool: DIA-NN <br>Comment (private submission): ...",
  "scatter_size": 40,
  "fixed_mods": "unimod4",
  "variable_mods": "UniMod:35/15.994915/M,UniMod:1/42.010565/*n",
  "max_mods": "1",
  "min_precursor_charge": "1",
  "max_precursor_charge": "4",
  "quantification_method": "QuantUMS high-precision",
  "protein_inference": "Genes",
  "abundance_normalization_ions": null,
  "submission_comments": "Linear NN classifier\n\n ### Parameter changes Detected:\n- **ident_fdr_protein**: `None` \u2192 `nan`\n- **ident_fdr_peptide**: `None` \u2192 `nan`\n\nDataset URL: https://proteobench.cubimed.rub.de/datasets/a767a9cec1220b2da97a6c37d92b682ad2de4e7a/"
}