{
  "old_new": "new",
  "id": "DIA-NN_20251027_132452",
  "software_name": "DIA-NN",
  "software_version": "1.9.1",
  "search_engine": "DIA-NN",
  "search_engine_version": "1.9.1",
  "ident_fdr_psm": 0.01,
  "ident_fdr_peptide": NaN,
  "ident_fdr_protein": NaN,
  "enable_match_between_runs": true,
  "precursor_mass_tolerance": "[-14.1496 ppm, 14.1496 ppm]",
  "fragment_mass_tolerance": "[-17.7359 ppm, 17.7359 ppm]",
  "enzyme": "Trypsin/P",
  "allowed_miscleavages": 1,
  "min_peptide_length": 6,
  "max_peptide_length": 30,
  "is_temporary": false,
  "intermediate_hash": "a9263cb4437450f41528f3a1c942fc02c2e76f9a",
  "results": {
    "6": {
      "median_abs_epsilon_global": 0.11313316393765405,
      "median_abs_epsilon_eq_species": 0.16684706079845876,
      "median_abs_epsilon_ECOLI": 0.2179926867766948,
      "median_abs_epsilon_HUMAN": 0.09979422309082508,
      "median_abs_epsilon_YEAST": 0.18275427252785637,
      "mean_abs_epsilon_global": 0.16715875082031142,
      "mean_abs_epsilon_eq_species": 0.23987488776851285,
      "mean_abs_epsilon_ECOLI": 0.33160010571964804,
      "mean_abs_epsilon_HUMAN": 0.1447304479398548,
      "mean_abs_epsilon_YEAST": 0.24329410964603565,
      "median_log2_empirical_ECOLI": -1.8044975907868999,
      "median_log2_empirical_HUMAN": -0.012475273336205461,
      "median_log2_empirical_YEAST": 0.8314340438557535,
      "median_abs_epsilon_precision_global": 0.10507660468845792,
      "median_abs_epsilon_precision_eq_species": 0.1250625982436858,
      "median_abs_epsilon_precision_ECOLI": 0.1503984170842445,
      "median_abs_epsilon_precision_HUMAN": 0.09989500182216027,
      "median_abs_epsilon_precision_YEAST": 0.12489437582465257,
      "mean_log2_empirical_ECOLI": -1.7164385135309355,
      "mean_log2_empirical_HUMAN": -0.024752154346423628,
      "mean_log2_empirical_YEAST": 0.7958580967767619,
      "mean_abs_epsilon_precision_global": 0.15584965898113426,
      "mean_abs_epsilon_precision_eq_species": 0.2000311167988931,
      "mean_abs_epsilon_precision_ECOLI": 0.2715578541008114,
      "mean_abs_epsilon_precision_HUMAN": 0.14471951976934067,
      "mean_abs_epsilon_precision_YEAST": 0.18381597652652726,
      "CV_median": 0.08626513545640725,
      "CV_q75": 0.14645371024700668,
      "CV_q90": 0.22623288712974254,
      "CV_q95": 0.29031735384114854,
      "roc_auc": 0.9752275683014381,
      "roc_auc_directional": 0.9800913056556758,
      "nr_prec": 75047,
      "nr_prec_HUMAN": 60819,
      "nr_prec_YEAST": 11048,
      "nr_prec_ECOLI": 3180,
      "variance_epsilon_global": 0.06352217094344857
    },
    "5": {
      "median_abs_epsilon_global": 0.12300247576288026,
      "median_abs_epsilon_eq_species": 0.18751513910927967,
      "median_abs_epsilon_ECOLI": 0.25438769431529273,
      "median_abs_epsilon_HUMAN": 0.10653994305352743,
      "median_abs_epsilon_YEAST": 0.20161777995901886,
      "mean_abs_epsilon_global": 0.1873911869038842,
      "mean_abs_epsilon_eq_species": 0.2793128232466162,
      "mean_abs_epsilon_ECOLI": 0.4091993125742617,
      "mean_abs_epsilon_HUMAN": 0.15692875175169838,
      "mean_abs_epsilon_YEAST": 0.27181040541388857,
      "median_log2_empirical_ECOLI": -1.7656877561479902,
      "median_log2_empirical_HUMAN": -0.012651407160434225,
      "median_log2_empirical_YEAST": 0.8164558544058238,
      "median_abs_epsilon_precision_global": 0.11422676658928221,
      "median_abs_epsilon_precision_eq_species": 0.1418703854719731,
      "median_abs_epsilon_precision_ECOLI": 0.17941146117552265,
      "median_abs_epsilon_precision_HUMAN": 0.10666479649355853,
      "median_abs_epsilon_precision_YEAST": 0.1395348987468381,
      "mean_log2_empirical_ECOLI": -1.637976895996996,
      "mean_log2_empirical_HUMAN": -0.025149038116149488,
      "mean_log2_empirical_YEAST": 0.7713470677999212,
      "mean_abs_epsilon_precision_global": 0.17399254832992264,
      "mean_abs_epsilon_precision_eq_species": 0.23565434511298558,
      "mean_abs_epsilon_precision_ECOLI": 0.34233115880122267,
      "mean_abs_epsilon_precision_HUMAN": 0.1569152440789225,
      "mean_abs_epsilon_precision_YEAST": 0.20771663245881158,
      "CV_median": 0.09025314075038962,
      "CV_q75": 0.15485960034033636,
      "CV_q90": 0.24136695980456568,
      "CV_q95": 0.31060269442764044,
      "roc_auc": 0.9635035187475639,
      "roc_auc_directional": 0.9689714346269879,
      "nr_prec": 87548,
      "nr_prec_HUMAN": 69446,
      "nr_prec_YEAST": 13827,
      "nr_prec_ECOLI": 4275,
      "variance_epsilon_global": 0.08323440358817585
    },
    "4": {
      "median_abs_epsilon_global": 0.13165455607837195,
      "median_abs_epsilon_eq_species": 0.21268878469351313,
      "median_abs_epsilon_ECOLI": 0.3059148571393635,
      "median_abs_epsilon_HUMAN": 0.11191967343539488,
      "median_abs_epsilon_YEAST": 0.22023182350578097,
      "mean_abs_epsilon_global": 0.20925482465028553,
      "mean_abs_epsilon_eq_species": 0.3238361552043394,
      "mean_abs_epsilon_ECOLI": 0.4992384453832093,
      "mean_abs_epsilon_HUMAN": 0.16796461535854398,
      "mean_abs_epsilon_YEAST": 0.3043054048712649,
      "median_log2_empirical_ECOLI": -1.7130027615109995,
      "median_log2_empirical_HUMAN": -0.01245988715844426,
      "median_log2_empirical_YEAST": 0.8005808922580471,
      "median_abs_epsilon_precision_global": 0.12252212941225515,
      "median_abs_epsilon_precision_eq_species": 0.1628641134951986,
      "median_abs_epsilon_precision_ECOLI": 0.22178970799473063,
      "median_abs_epsilon_precision_HUMAN": 0.11200062081050977,
      "median_abs_epsilon_precision_YEAST": 0.15480201168035546,
      "mean_log2_empirical_ECOLI": -1.54627263539978,
      "mean_log2_empirical_HUMAN": -0.023912503339887405,
      "mean_log2_empirical_YEAST": 0.7445588751534588,
      "mean_abs_epsilon_precision_global": 0.19342482513564252,
      "mean_abs_epsilon_precision_eq_species": 0.27434304684332456,
      "mean_abs_epsilon_precision_ECOLI": 0.4187122993082422,
      "mean_abs_epsilon_precision_HUMAN": 0.1679043694956285,
      "mean_abs_epsilon_precision_YEAST": 0.23641247172610289,
      "CV_median": 0.09206024466477941,
      "CV_q75": 0.15868886173461508,
      "CV_q90": 0.24931823546478737,
      "CV_q95": 0.32157010330491037,
      "roc_auc": 0.9498830123693733,
      "roc_auc_directional": 0.9545536282766756,
      "nr_prec": 96967,
      "nr_prec_HUMAN": 75446,
      "nr_prec_YEAST": 16034,
      "nr_prec_ECOLI": 5487,
      "variance_epsilon_global": 0.11002693902966498
    },
    "3": {
      "median_abs_epsilon_global": 0.13792009021948104,
      "median_abs_epsilon_eq_species": 0.22705665931194297,
      "median_abs_epsilon_ECOLI": 0.330666133728692,
      "median_abs_epsilon_HUMAN": 0.11642022431994725,
      "median_abs_epsilon_YEAST": 0.23408361988718962,
      "mean_abs_epsilon_global": 0.2274135404827198,
      "mean_abs_epsilon_eq_species": 0.363423471690574,
      "mean_abs_epsilon_ECOLI": 0.578468257629294,
      "mean_abs_epsilon_HUMAN": 0.17878062950284854,
      "mean_abs_epsilon_YEAST": 0.33302152793957934,
      "median_log2_empirical_ECOLI": -1.6873504013007032,
      "median_log2_empirical_HUMAN": -0.011931873169421792,
      "median_log2_empirical_YEAST": 0.7877514355278894,
      "median_abs_epsilon_precision_global": 0.12884464555348352,
      "median_abs_epsilon_precision_eq_species": 0.17593727060340716,
      "median_abs_epsilon_precision_ECOLI": 0.24515769384911668,
      "median_abs_epsilon_precision_HUMAN": 0.11653802849233763,
      "median_abs_epsilon_precision_YEAST": 0.16611608946876721,
      "mean_log2_empirical_ECOLI": -1.4652845703916844,
      "mean_log2_empirical_HUMAN": -0.022748585228508946,
      "mean_log2_empirical_YEAST": 0.7180001229869132,
      "mean_abs_epsilon_precision_global": 0.21110270541972387,
      "mean_abs_epsilon_precision_eq_species": 0.3140028955553376,
      "mean_abs_epsilon_precision_ECOLI": 0.5009774372523618,