{
  "old_new": "new",
  "id": "DIA-NN_20251027_132452",
  "software_name": "DIA-NN",
  "software_version": "1.9.1",
  "search_engine": "DIA-NN",
  "search_engine_version": "1.9.1",
  "ident_fdr_psm": "0.01",
  "ident_fdr_peptide": NaN,
  "ident_fdr_protein": NaN,
  "enable_match_between_runs": true,
  "precursor_mass_tolerance": "[-14.1496 ppm, 14.1496 ppm]",
  "fragment_mass_tolerance": "[-17.7359 ppm, 17.7359 ppm]",
  "enzyme": "Trypsin/P",
  "allowed_miscleavages": "1",
  "min_peptide_length": "6",
  "max_peptide_length": "30",
  "is_temporary": false,
  "intermediate_hash": "a9263cb4437450f41528f3a1c942fc02c2e76f9a",
  "results": {
    "6": {
      "median_abs_epsilon": 0.11313316393765405,
      "mean_abs_epsilon": 0.16715875082031142,
      "variance_epsilon": 0.06352217094344857,
      "nr_prec": 75047,
      "CV_median": 0.08626513545640725,
      "CV_q75": 0.14645371024700668,
      "CV_q90": 0.22623288712974254,
      "CV_q95": 0.29031735384114854
    },
    "5": {
      "median_abs_epsilon": 0.12300247576288026,
      "mean_abs_epsilon": 0.1873911869038842,
      "variance_epsilon": 0.08323440358817587,
      "nr_prec": 87548,
      "CV_median": 0.09025314075038962,
      "CV_q75": 0.15485960034033636,
      "CV_q90": 0.24136695980456568,
      "CV_q95": 0.31060269442764044
    },
    "4": {
      "median_abs_epsilon": 0.13165455607837195,
      "mean_abs_epsilon": 0.20925482465028553,
      "variance_epsilon": 0.11002693902966498,
      "nr_prec": 96967,
      "CV_median": 0.09206024466477941,
      "CV_q75": 0.15868886173461508,
      "CV_q90": 0.24931823546478737,
      "CV_q95": 0.32157010330491037
    },
    "3": {
      "median_abs_epsilon": 0.13792009021948104,
      "mean_abs_epsilon": 0.2274135404827198,
      "variance_epsilon": 0.13791655115692986,
      "nr_prec": 106230,
      "CV_median": 0.09318421836323448,
      "CV_q75": 0.16137713151233696,
      "CV_q90": 0.25421260342696067,
      "CV_q95": 0.32905119957586515
    },
    "2": {
      "median_abs_epsilon": 0.14369224114310786,
      "mean_abs_epsilon": 0.24691455997592798,
      "variance_epsilon": 0.17172075042653714,
      "nr_prec": 116590,
      "CV_median": 0.0936336760288491,
      "CV_q75": 0.16283870170775921,
      "CV_q90": 0.2572317627190632,
      "CV_q95": 0.3333986161591834
    },
    "1": {
      "median_abs_epsilon": 0.14369224114310786,
      "mean_abs_epsilon": 0.24691455997592798,
      "variance_epsilon": 0.1717207504265371,
      "nr_prec": 145772,
      "CV_median": 0.0936336760288491,
      "CV_q75": 0.16283870170775921,
      "CV_q90": 0.2572317627190632,
      "CV_q95": 0.3333986161591834
    }
  },
  "median_abs_epsilon": 0.13792009021948104,
  "mean_abs_epsilon": 0.2274135404827198,
  "nr_prec": 106230,
  "comments": "",
  "proteobench_version": "0.10.3",
  "color": "#d42f2f",
  "hover_text": "ProteoBench ID: DIA-NN_20251027_132452<br>Software tool: DIA-NN <br>Comment (private submission): ...",
  "scatter_size": 20,
  "fixed_mods": "unimod4",
  "variable_mods": "UniMod:35/15.994915/M,UniMod:1/42.010565/*n",
  "max_mods": "1",
  "min_precursor_charge": "1",
  "max_precursor_charge": "4",
  "quantification_method": "QuantUMS high-precision",
  "protein_inference": "Genes",
  "abundance_normalization_ions": null,
  "submission_comments": "Resubmission of 7864a4cc4c060bf82e1860c4c5910a9681e86e65 after changing quant column from Precursor.Quantity -> Precursor.Normalised\n\n ### Parameter changes detected:\n- **ident_fdr_protein**: `None` \u2192 `nan`\n- **ident_fdr_peptide**: `None` \u2192 `nan`\n\nDataset URL: https://proteobench.cubimed.rub.de/datasets/a9263cb4437450f41528f3a1c942fc02c2e76f9a/",
  "min_precursor_mz": "400",
  "max_precursor_mz": "1000",
  "min_fragment_mz": "50",
  "max_fragment_mz": "2000",
  "predictors_library": "{'RT': 'DIANN', 'IM': 'DIANN', 'MS2_int': 'DIANN'}",
  "scan_window": "8"
}