{
  "old_new": "new",
  "id": "DIA-NN_20251027_132452",
  "software_name": "DIA-NN",
  "software_version": "1.9.1",
  "search_engine": "DIA-NN",
  "search_engine_version": "1.9.1",
  "ident_fdr_psm": 0.01,
  "ident_fdr_peptide": NaN,
  "ident_fdr_protein": NaN,
  "enable_match_between_runs": true,
  "precursor_mass_tolerance": "[-14.1496 ppm, 14.1496 ppm]",
  "fragment_mass_tolerance": "[-17.7359 ppm, 17.7359 ppm]",
  "enzyme": "Trypsin/P",
  "allowed_miscleavages": 1,
  "min_peptide_length": 6,
  "max_peptide_length": 30,
  "is_temporary": false,
  "intermediate_hash": "a9263cb4437450f41528f3a1c942fc02c2e76f9a",
  "results": {
    "6": {
      "median_abs_epsilon_global": 0.113031705583988,
      "median_abs_epsilon_eq_species": 0.16627038410039083,
      "median_abs_epsilon_ECOLI": 0.21780976585345435,
      "median_abs_epsilon_HUMAN": 0.09978507518293611,
      "median_abs_epsilon_YEAST": 0.181216311264782,
      "mean_abs_epsilon_global": 0.16609114700485378,
      "mean_abs_epsilon_eq_species": 0.23712009780280127,
      "mean_abs_epsilon_ECOLI": 0.32910525948757663,
      "mean_abs_epsilon_HUMAN": 0.14454415631957426,
      "mean_abs_epsilon_YEAST": 0.23771087760125292,
      "median_log2_empirical_ECOLI": -1.804624208691175,
      "median_log2_empirical_HUMAN": -0.01244797083946736,
      "median_log2_empirical_YEAST": 0.8331883690823361,
      "median_abs_epsilon_precision_global": 0.10486117528860905,
      "median_abs_epsilon_precision_eq_species": 0.1244540792193165,
      "median_abs_epsilon_precision_ECOLI": 0.15020518520070691,
      "median_abs_epsilon_precision_HUMAN": 0.09990921306101974,
      "median_abs_epsilon_precision_YEAST": 0.12324783939622286,
      "mean_log2_empirical_ECOLI": -1.7190664784321028,
      "mean_log2_empirical_HUMAN": -0.024670043950458395,
      "mean_log2_empirical_YEAST": 0.8018025577288895,
      "mean_abs_epsilon_precision_global": 0.15482378462506738,
      "mean_abs_epsilon_precision_eq_species": 0.19727118787531683,
      "mean_abs_epsilon_precision_ECOLI": 0.2686715647044233,
      "mean_abs_epsilon_precision_HUMAN": 0.14453536558263191,
      "mean_abs_epsilon_precision_YEAST": 0.17860663333889532,
      "CV_median": 0.08646599391356419,
      "CV_q75": 0.14665757518956363,
      "CV_q90": 0.2263045770623981,
      "CV_q95": 0.2902085140128184,
      "roc_auc": 0.9776998849718109,
      "roc_auc_directional": 0.9816622086032711,
      "nr_prec": 74452,
      "nr_prec_HUMAN": 60339,
      "nr_prec_YEAST": 10947,
      "nr_prec_ECOLI": 3166,
      "variance_epsilon_global": 0.062034420953413764
    },
    "5": {
      "median_abs_epsilon_global": 0.1228985948616419,
      "median_abs_epsilon_eq_species": 0.18687861964109823,
      "median_abs_epsilon_ECOLI": 0.2540333880754089,
      "median_abs_epsilon_HUMAN": 0.10655371347735354,
      "median_abs_epsilon_YEAST": 0.2000487573705323,
      "mean_abs_epsilon_global": 0.18645444411398338,
      "mean_abs_epsilon_eq_species": 0.27709876184093696,
      "mean_abs_epsilon_ECOLI": 0.40740435973837386,
      "mean_abs_epsilon_HUMAN": 0.15675739801738972,
      "mean_abs_epsilon_YEAST": 0.26713452776704727,
      "median_log2_empirical_ECOLI": -1.7669442423033175,
      "median_log2_empirical_HUMAN": -0.012598560513177759,
      "median_log2_empirical_YEAST": 0.8182178374846005,
      "median_abs_epsilon_precision_global": 0.11405977784056454,
      "median_abs_epsilon_precision_eq_species": 0.1412383797818766,
      "median_abs_epsilon_precision_ECOLI": 0.17913731642426356,
      "median_abs_epsilon_precision_HUMAN": 0.10672414945837261,
      "median_abs_epsilon_precision_YEAST": 0.1378536734629936,
      "mean_log2_empirical_ECOLI": -1.6399234609098818,
      "mean_log2_empirical_HUMAN": -0.025072033416386835,
      "mean_log2_empirical_YEAST": 0.7763348005824209,
      "mean_abs_epsilon_precision_global": 0.17311602760980327,
      "mean_abs_epsilon_precision_eq_species": 0.23355107253285565,
      "mean_abs_epsilon_precision_ECOLI": 0.3404604576476068,
      "mean_abs_epsilon_precision_HUMAN": 0.15674777245345786,
      "mean_abs_epsilon_precision_YEAST": 0.20344498749750226,
      "CV_median": 0.09041456703618352,
      "CV_q75": 0.155013741129293,
      "CV_q90": 0.24144769038063424,
      "CV_q95": 0.3105177588421049,
      "roc_auc": 0.9655760720000856,
      "roc_auc_directional": 0.9702769846407271,
      "nr_prec": 86893,
      "nr_prec_HUMAN": 68923,
      "nr_prec_YEAST": 13714,
      "nr_prec_ECOLI": 4256,
      "variance_epsilon_global": 0.08191659588433796
    },
    "4": {
      "median_abs_epsilon_global": 0.1315977303425857,
      "median_abs_epsilon_eq_species": 0.2120248786880934,
      "median_abs_epsilon_ECOLI": 0.3058721004288767,
      "median_abs_epsilon_HUMAN": 0.1119660743155455,
      "median_abs_epsilon_YEAST": 0.21823646131985797,
      "mean_abs_epsilon_global": 0.2085158974247254,
      "mean_abs_epsilon_eq_species": 0.3221108853191118,
      "mean_abs_epsilon_ECOLI": 0.49812747582009836,
      "mean_abs_epsilon_HUMAN": 0.16786156344067638,
      "mean_abs_epsilon_YEAST": 0.3003436166965606,
      "median_log2_empirical_ECOLI": -1.7132802043954491,
      "median_log2_empirical_HUMAN": -0.012413006387862247,
      "median_log2_empirical_YEAST": 0.802652548442822,
      "median_abs_epsilon_precision_global": 0.12233650331017643,
      "median_abs_epsilon_precision_eq_species": 0.1622383282835186,
      "median_abs_epsilon_precision_ECOLI": 0.22138494437272804,
      "median_abs_epsilon_precision_HUMAN": 0.11203854438076455,
      "median_abs_epsilon_precision_YEAST": 0.15329149609706327,
      "mean_log2_empirical_ECOLI": -1.5475041710233461,
      "mean_log2_empirical_HUMAN": -0.02385583348830174,
      "mean_log2_empirical_YEAST": 0.7488421502679223,
      "mean_abs_epsilon_precision_global": 0.1927553553103284,
      "mean_abs_epsilon_precision_eq_species": 0.272801607527926,
      "mean_abs_epsilon_precision_ECOLI": 0.4177019508998391,
      "mean_abs_epsilon_precision_HUMAN": 0.16780500408311771,
      "mean_abs_epsilon_precision_YEAST": 0.23289786760082104,
      "CV_median": 0.09221388966640817,
      "CV_q75": 0.15888049929382542,
      "CV_q90": 0.24937128896964295,
      "CV_q95": 0.32153063837953744,
      "roc_auc": 0.951613158854266,
      "roc_auc_directional": 0.9556395870160115,
      "nr_prec": 96282,
      "nr_prec_HUMAN": 74898,
      "nr_prec_YEAST": 15917,
      "nr_prec_ECOLI": 5467,
      "variance_epsilon_global": 0.1089662931625375
    },
    "3": {
      "median_abs_epsilon_global": 0.1378683864764767,
      "median_abs_epsilon_eq_species": 0.22645703129593553,
      "median_abs_epsilon_ECOLI": 0.33032798133551466,
      "median_abs_epsilon_HUMAN": 0.1164689027998227,
      "median_abs_epsilon_YEAST": 0.23257420975246923,
      "mean_abs_epsilon_global": 0.22680193262228504,
      "mean_abs_epsilon_eq_species": 0.36196137082580204,
      "mean_abs_epsilon_ECOLI": 0.5777223764951783,
      "mean_abs_epsilon_HUMAN": 0.17873068913820037,
      "mean_abs_epsilon_YEAST": 0.3294310468440275,
      "median_log2_empirical_ECOLI": -1.6875257066949754,
      "median_log2_empirical_HUMAN": -0.011880452207417846,
      "median_log2_empirical_YEAST": 0.7891498988557899,
      "median_abs_epsilon_precision_global": 0.12867990532574236,
      "median_abs_epsilon_precision_eq_species": 0.1754756172941351,
      "median_abs_epsilon_precision_ECOLI": 0.24505031893396279,
      "median_abs_epsilon_precision_HUMAN": 0.11658813297912118,
      "median_abs_epsilon_precision_YEAST": 0.16478839996932138,
      "mean_log2_empirical_ECOLI": -1.4661442225984342,
      "mean_log2_empirical_HUMAN": -0.022699801704343957,
      "mean_log2_empirical_YEAST": 0.7219147452060105,
      "mean_abs_epsilon_precision_global": 0.21057883762056423,
      "mean_abs_epsilon_precision_eq_species": 0.31279049641724604,
      "mean_abs_epsilon_precision_ECOLI": 0.500473103325495,
      "mean_abs_epsilon_precision_HUMAN": 0.17867893599204573,