{
  "old_new": "new",
  "id": "DIA-NN_20250220_085316",
  "software_name": "DIA-NN",
  "software_version": "2.0 Academia ",
  "search_engine": "DIA-NN",
  "search_engine_version": "2.0 Academia ",
  "ident_fdr_psm": "0.01",
  "ident_fdr_peptide": "",
  "ident_fdr_protein": "0.01",
  "enable_match_between_runs": true,
  "precursor_mass_tolerance": "[-10 ppm, 10 ppm]",
  "fragment_mass_tolerance": "[-10 ppm, 10 ppm]",
  "enzyme": "Trypsin/P",
  "allowed_miscleavages": "1",
  "min_peptide_length": "6",
  "max_peptide_length": "30",
  "is_temporary": false,
  "intermediate_hash": "ae6c81d357992b94e43aaa248d28be663bafdf60",
  "results": {
    "6": {
      "median_abs_epsilon": 0.135528564453125,
      "mean_abs_epsilon": 0.19107510077272372,
      "variance_epsilon": 0.07344835261408698,
      "nr_prec": 91153,
      "CV_median": 0.10838282832242216,
      "CV_q90": 0.27433980288777904,
      "CV_q75": 0.18287642898211476,
      "CV_q95": 0.34158521847626006
    },
    "5": {
      "median_abs_epsilon": 0.1449756622314453,
      "mean_abs_epsilon": 0.20656402118166178,
      "variance_epsilon": 0.08650817726578937,
      "nr_prec": 103577,
      "CV_median": 0.11346525678861244,
      "CV_q90": 0.29184473613031603,
      "CV_q75": 0.19281244674219214,
      "CV_q95": 0.3634780726637771
    },
    "4": {
      "median_abs_epsilon": 0.15201950073242188,
      "mean_abs_epsilon": 0.22137583412342948,
      "variance_epsilon": 0.10237425380459167,
      "nr_prec": 111033,
      "CV_median": 0.11526090055636001,
      "CV_q90": 0.2980544828369184,
      "CV_q75": 0.19651935636297355,
      "CV_q95": 0.37210631420073986
    },
    "3": {
      "median_abs_epsilon": 0.15475082397460938,
      "mean_abs_epsilon": 0.22731552246085723,
      "variance_epsilon": 0.10906692410394228,
      "nr_prec": 116612,
      "CV_median": 0.11620956190941684,
      "CV_q90": 0.30089849037025185,
      "CV_q75": 0.19838205901264638,
      "CV_q95": 0.37563802957546805
    },
    "2": {
      "median_abs_epsilon": 0.15598487854003906,
      "mean_abs_epsilon": 0.2302207538701609,
      "variance_epsilon": 0.11316681850502767,
      "nr_prec": 119508,
      "CV_median": 0.11637415892371487,
      "CV_q90": 0.3016777705782894,
      "CV_q75": 0.19883763093431644,
      "CV_q95": 0.3770795446130428
    },
    "1": {
      "median_abs_epsilon": 0.15598487854003906,
      "mean_abs_epsilon": 0.2302207538701609,
      "variance_epsilon": 0.1131668185050277,
      "nr_prec": 121305,
      "CV_median": 0.11637415892371487,
      "CV_q90": 0.3016777705782894,
      "CV_q75": 0.19883763093431644,
      "CV_q95": 0.3770795446130428
    }
  },
  "median_abs_epsilon": 0.15475082397460938,
  "mean_abs_epsilon": 0.22731552246085723,
  "nr_prec": 116612,
  "comments": "",
  "proteobench_version": "0.6.0",
  "color": "#8c564b",
  "hover_text": "ProteoBench ID: DIA-NN_20250220_085316<br>Software tool: DIA-NN <br>Comment (private submission): ",
  "scatter_size": 20,
  "fixed_mods": "unimod4",
  "variable_mods": "UniMod:35/15.994915/M,UniMod:1/42.010565/*n",
  "max_mods": "1",
  "min_precursor_charge": "1",
  "max_precursor_charge": "4",
  "quantification_method": "QuantUMS high-precision",
  "protein_inference": "Genes",
  "abundance_normalization_ions": null,
  "submission_comments": "\n\n ### Parameter changes Detected:\n- **ident_fdr_peptide**: `0.01` \u2192 ``\n- **ident_fdr_psm**: `None` \u2192 `0.01`\n\nDataset URL: https://proteobench.cubimed.rub.de/datasets/ae6c81d357992b94e43aaa248d28be663bafdf60/"
}