{
  "old_new": "new",
  "id": "DIA-NN_20260309_105146",
  "software_name": "DIA-NN",
  "software_version": "1.8",
  "search_engine": "DIA-NN",
  "search_engine_version": "1.8",
  "ident_fdr_psm": 0.01,
  "ident_fdr_peptide": NaN,
  "ident_fdr_protein": NaN,
  "enable_match_between_runs": true,
  "precursor_mass_tolerance": "[-14.3141 ppm, 14.3141 ppm]",
  "fragment_mass_tolerance": "[-12.1831 ppm, 12.1831 ppm]",
  "enzyme": "Trypsin/P",
  "allowed_miscleavages": 1,
  "min_peptide_length": 6,
  "max_peptide_length": 30,
  "is_temporary": false,
  "intermediate_hash": "b5dab63fd25a5ae7bdf251a152fde8c1e8e6a4ae",
  "results": {
    "6": {
      "median_abs_epsilon_global": 0.15533897059812318,
      "median_abs_epsilon_eq_species": 0.20616334916703435,
      "median_abs_epsilon_ECOLI": 0.2441883431010039,
      "median_abs_epsilon_HUMAN": 0.13768440185229913,
      "median_abs_epsilon_YEAST": 0.2366173025478,
      "mean_abs_epsilon_global": 0.2352690004641411,
      "mean_abs_epsilon_eq_species": 0.30003882137260107,
      "mean_abs_epsilon_ECOLI": 0.3712922292375784,
      "mean_abs_epsilon_HUMAN": 0.21281293234295323,
      "mean_abs_epsilon_YEAST": 0.31601130253727167,
      "median_log2_empirical_ECOLI": -1.844396622371443,
      "median_log2_empirical_HUMAN": -0.012476414555315785,
      "median_log2_empirical_YEAST": 0.8459482082752539,
      "median_abs_epsilon_precision_global": 0.1469958281994792,
      "median_abs_epsilon_precision_eq_species": 0.17950533604618948,
      "median_abs_epsilon_precision_ECOLI": 0.20756168037378497,
      "median_abs_epsilon_precision_HUMAN": 0.13703546988107185,
      "median_abs_epsilon_precision_YEAST": 0.19391885788371166,
      "mean_log2_empirical_ECOLI": -1.795485629067494,
      "mean_log2_empirical_HUMAN": -0.01573420396648605,
      "mean_log2_empirical_YEAST": 0.8501792255879932,
      "mean_abs_epsilon_precision_global": 0.22813291358063853,
      "mean_abs_epsilon_precision_eq_species": 0.27743691181515184,
      "mean_abs_epsilon_precision_ECOLI": 0.34000333292448565,
      "mean_abs_epsilon_precision_HUMAN": 0.21246415179901085,
      "mean_abs_epsilon_precision_YEAST": 0.27984325072195904,
      "CV_median": 0.12128477665513175,
      "CV_q75": 0.23029531050982632,
      "CV_q90": 0.36492346815055277,
      "CV_q95": 0.46070047416147775,
      "roc_auc": 0.9461542195636328,
      "roc_auc_directional": 0.9723922911308638,
      "nr_prec": 78581,
      "nr_prec_HUMAN": 63243,
      "nr_prec_YEAST": 12050,
      "nr_prec_ECOLI": 3288,
      "variance_epsilon_global": 0.11830805134446258
    },
    "5": {
      "median_abs_epsilon_global": 0.1691662489081054,
      "median_abs_epsilon_eq_species": 0.23343993028153362,
      "median_abs_epsilon_ECOLI": 0.29469483764865956,
      "median_abs_epsilon_HUMAN": 0.14695579374931,
      "median_abs_epsilon_YEAST": 0.25866915944663127,
      "mean_abs_epsilon_global": 0.260309003050391,
      "mean_abs_epsilon_eq_species": 0.34387060166534783,
      "mean_abs_epsilon_ECOLI": 0.45454890134610015,
      "mean_abs_epsilon_HUMAN": 0.22985916683054342,
      "mean_abs_epsilon_YEAST": 0.3472037368193999,
      "median_log2_empirical_ECOLI": -1.7988527950502418,
      "median_log2_empirical_HUMAN": -0.012503024742560598,
      "median_log2_empirical_YEAST": 0.8310446970783678,
      "median_abs_epsilon_precision_global": 0.16001442041657832,
      "median_abs_epsilon_precision_eq_species": 0.20991565260700984,
      "median_abs_epsilon_precision_ECOLI": 0.26867481162726037,
      "median_abs_epsilon_precision_HUMAN": 0.14647611816767636,
      "median_abs_epsilon_precision_YEAST": 0.2145960280260928,
      "mean_log2_empirical_ECOLI": -1.7120499004529521,
      "mean_log2_empirical_HUMAN": -0.01638224995748553,
      "mean_log2_empirical_YEAST": 0.8237539173459386,
      "mean_abs_epsilon_precision_global": 0.25150117001656086,
      "mean_abs_epsilon_precision_eq_species": 0.31691623076618636,
      "mean_abs_epsilon_precision_ECOLI": 0.4142100053302885,
      "mean_abs_epsilon_precision_HUMAN": 0.22953662723324475,
      "mean_abs_epsilon_precision_YEAST": 0.30700205973502587,
      "CV_median": 0.12957334554972538,
      "CV_q75": 0.24527923271573304,
      "CV_q90": 0.38752961491940163,
      "CV_q95": 0.4897490108834096,
      "roc_auc": 0.929860993157386,
      "roc_auc_directional": 0.9610613820041382,
      "nr_prec": 88373,
      "nr_prec_HUMAN": 69585,
      "nr_prec_YEAST": 14258,
      "nr_prec_ECOLI": 4530,
      "variance_epsilon_global": 0.15127947422951904
    },
    "4": {
      "median_abs_epsilon_global": 0.17718341414084016,
      "median_abs_epsilon_eq_species": 0.258524289711791,
      "median_abs_epsilon_ECOLI": 0.3539410128562199,
      "median_abs_epsilon_HUMAN": 0.1516032552730744,
      "median_abs_epsilon_YEAST": 0.2700286010060786,
      "mean_abs_epsilon_global": 0.2798252598155393,
      "mean_abs_epsilon_eq_species": 0.3825020602249671,
      "mean_abs_epsilon_ECOLI": 0.5399995057223846,
      "mean_abs_epsilon_HUMAN": 0.24133841814278317,
      "mean_abs_epsilon_YEAST": 0.36616825680973336,
      "median_log2_empirical_ECOLI": -1.7550734768795966,
      "median_log2_empirical_HUMAN": -0.011407205855786806,
      "median_log2_empirical_YEAST": 0.8268190932417632,
      "median_abs_epsilon_precision_global": 0.16834138900487527,
      "median_abs_epsilon_precision_eq_species": 0.23264940123275224,
      "median_abs_epsilon_precision_ECOLI": 0.32104254117114017,
      "median_abs_epsilon_precision_HUMAN": 0.15113997450563765,
      "median_abs_epsilon_precision_YEAST": 0.2257656880214789,
      "mean_log2_empirical_ECOLI": -1.6357216748957386,
      "mean_log2_empirical_HUMAN": -0.017390977742580353,
      "mean_log2_empirical_YEAST": 0.8150054961442649,
      "mean_abs_epsilon_precision_global": 0.2700584195300331,
      "mean_abs_epsilon_precision_eq_species": 0.35238162224123454,
      "mean_abs_epsilon_precision_ECOLI": 0.4898324664494916,
      "mean_abs_epsilon_precision_HUMAN": 0.24111640424645528,
      "mean_abs_epsilon_precision_YEAST": 0.3261959960277567,
      "CV_median": 0.1320650080803925,
      "CV_q75": 0.2496212657327417,
      "CV_q90": 0.39427218199652,
      "CV_q95": 0.4989679690739138,
      "roc_auc": 0.9200436793792014,
      "roc_auc_directional": 0.9500059497852679,
      "nr_prec": 96874,
      "nr_prec_HUMAN": 75104,
      "nr_prec_YEAST": 15955,
      "nr_prec_ECOLI": 5815,
      "variance_epsilon_global": 0.18786904643016542
    },
    "3": {
      "median_abs_epsilon_global": 0.17992971114769318,
      "median_abs_epsilon_eq_species": 0.2636026356417413,
      "median_abs_epsilon_ECOLI": 0.36101303880064073,
      "median_abs_epsilon_HUMAN": 0.15350366813172478,
      "median_abs_epsilon_YEAST": 0.27629119999285834,
      "mean_abs_epsilon_global": 0.2877748767766144,
      "mean_abs_epsilon_eq_species": 0.3934189488874067,
      "mean_abs_epsilon_ECOLI": 0.5560222604202273,
      "mean_abs_epsilon_HUMAN": 0.24782893174431417,
      "mean_abs_epsilon_YEAST": 0.37640565449767865,
      "median_log2_empirical_ECOLI": -1.748332292684843,
      "median_log2_empirical_HUMAN": -0.01116925984180206,
      "median_log2_empirical_YEAST": 0.8231343332208496,
      "median_abs_epsilon_precision_global": 0.17106616834918675,
      "median_abs_epsilon_precision_eq_species": 0.23681188496418612,
      "median_abs_epsilon_precision_ECOLI": 0.3266620138310916,
      "median_abs_epsilon_precision_HUMAN": 0.15298605675625332,
      "median_abs_epsilon_precision_YEAST": 0.2307875843052134,
      "mean_log2_empirical_ECOLI": -1.6216574099401788,
      "mean_log2_empirical_HUMAN": -0.017762638531904865,
      "mean_log2_empirical_YEAST": 0.8086459825459988,
      "mean_abs_epsilon_precision_global": 0.2777556151955944,
      "mean_abs_epsilon_precision_eq_species": 0.3627291842102198,
      "mean_abs_epsilon_precision_ECOLI": 0.5049462457071174,
      "mean_abs_epsilon_precision_HUMAN": 0.24763288465548472,