{
  "old_new": "new",
  "id": "FragPipe (DIA-NN quant)_20250714_190049",
  "software_name": "FragPipe (DIA-NN quant)",
  "software_version": "23.0",
  "search_engine": "MSFragger",
  "search_engine_version": "4.3",
  "ident_fdr_psm": "0.01",
  "ident_fdr_peptide": null,
  "ident_fdr_protein": "0.01",
  "enable_match_between_runs": false,
  "precursor_mass_tolerance": "[-10 ppm, 10 ppm]",
  "fragment_mass_tolerance": "[-20 ppm, 20 ppm]",
  "enzyme": "Trypsin/P",
  "allowed_miscleavages": "1",
  "min_peptide_length": "6",
  "max_peptide_length": "50",
  "is_temporary": false,
  "intermediate_hash": "bc14a21f44d0d54bb023871640b392589b1033f4",
  "results": {
    "6": {
      "median_abs_epsilon": 0.12309202129811503,
      "mean_abs_epsilon": 0.1838429437628913,
      "variance_epsilon": 0.07477608229627694,
      "nr_prec": 77275,
      "CV_median": 0.09221480208055505,
      "CV_q75": 0.16323402338704446,
      "CV_q90": 0.2579223482980043,
      "CV_q95": 0.32988492340917885
    },
    "5": {
      "median_abs_epsilon": 0.12902632685120885,
      "mean_abs_epsilon": 0.19657571286306638,
      "variance_epsilon": 0.08719676400051488,
      "nr_prec": 82706,
      "CV_median": 0.09550418727700627,
      "CV_q75": 0.1703107203512616,
      "CV_q90": 0.270656503281411,
      "CV_q95": 0.3477692899420092
    },
    "4": {
      "median_abs_epsilon": 0.13213628987039172,
      "mean_abs_epsilon": 0.2055810989211311,
      "variance_epsilon": 0.09763771466937098,
      "nr_prec": 85209,
      "CV_median": 0.09649237180355763,
      "CV_q75": 0.17257804662302667,
      "CV_q90": 0.275191864418097,
      "CV_q95": 0.35437314419428934
    },
    "3": {
      "median_abs_epsilon": 0.13351936034366574,
      "mean_abs_epsilon": 0.20922676128300038,
      "variance_epsilon": 0.10213045386869851,
      "nr_prec": 86709,
      "CV_median": 0.09692196429982344,
      "CV_q75": 0.1734994678780059,
      "CV_q90": 0.27692199738569895,
      "CV_q95": 0.35657235268820536
    },
    "2": {
      "median_abs_epsilon": 0.13401369760534365,
      "mean_abs_epsilon": 0.21079945632480912,
      "variance_epsilon": 0.10439554775039106,
      "nr_prec": 87514,
      "CV_median": 0.09702008810557217,
      "CV_q75": 0.17369770914716784,
      "CV_q90": 0.27738895451031675,
      "CV_q95": 0.3574546228610218
    },
    "1": {
      "median_abs_epsilon": 0.13401369760534365,
      "mean_abs_epsilon": 0.21079945632480906,
      "variance_epsilon": 0.10439554775039109,
      "nr_prec": 88088,
      "CV_median": 0.09702008810557217,
      "CV_q75": 0.17369770914716784,
      "CV_q90": 0.27738895451031675,
      "CV_q95": 0.3574546228610218
    }
  },
  "median_abs_epsilon": 0.13351936034366574,
  "mean_abs_epsilon": 0.20922676128300038,
  "nr_prec": 86709,
  "comments": "",
  "proteobench_version": "0.8.29",
  "color": "#F89008",
  "hover_text": "ProteoBench ID: FragPipe (DIA-NN quant)_20250714_190049<br>Software tool: FragPipe (DIA-NN quant) <br>Comment (private submission): ...",
  "scatter_size": 20,
  "fixed_mods": "0.0,C-Term Peptide,true,-1; 0.0,N-Term Peptide,true,-1; 0.0,C-Term Protein,true,-1; 0.0,N-Term Protein,true,-1; 0.0,G (glycine),true,-1; 0.0,A (alanine),true,-1; 0.0,S (serine),true,-1; 0.0,P (proline),true,-1; 0.0,V (valine),true,-1; 0.0,T (threonine),true,-1; 57.02146,C (cysteine),true,-1; 0.0,L (leucine),true,-1; 0.0,I (isoleucine),true,-1; 0.0,N (asparagine),true,-1; 0.0,D (aspartic acid),true,-1; 0.0,Q (glutamine),true,-1; 0.0,K (lysine),true,-1; 0.0,E (glutamic acid),true,-1; 0.0,M (methionine),true,-1; 0.0,H (histidine),true,-1; 0.0,F (phenylalanine),true,-1; 0.0,R (arginine),true,-1; 0.0,Y (tyrosine),true,-1; 0.0,W (tryptophan),true,-1; 0.0,B ,true,-1; 0.0,J,true,-1; 0.0,O,true,-1; 0.0,U,true,-1; 0.0,X,true,-1; 0.0,Z,true,-1",
  "variable_mods": "15.9949,M,true,2; 42.0106,[^,true,1; 79.96633,STY,false,3; -17.0265,nQnC,false,1; -18.0106,nE,false,1; 4.025107,K,false,2; 6.020129,R,false,2; 8.014199,K,false,2; 10.008269,R,false,2; 0.0,site_10,false,1; 0.0,site_11,false,1; 0.0,site_12,false,1; 0.0,site_13,false,1; 0.0,site_14,false,1; 0.0,site_15,false,1; 0.0,site_16,false,1",
  "max_mods": "1",
  "min_precursor_charge": "1",
  "max_precursor_charge": null,
  "quantification_method": "Robust LC (high accuracy)",
  "protein_inference": "ProteinProphet: --maxppmdiff 2000000",
  "abundance_normalization_ions": null,
  "submission_comments": "\n\n ### No parameter changes detected. \n\n\nDataset URL: https://proteobench.cubimed.rub.de/datasets/bc14a21f44d0d54bb023871640b392589b1033f4/"
}