{
  "old_new": "new",
  "id": "DIA-NN_20251027_130740",
  "software_name": "DIA-NN",
  "software_version": "1.7.16",
  "search_engine": "DIA-NN",
  "search_engine_version": "1.7.16",
  "ident_fdr_psm": "0.01",
  "ident_fdr_peptide": NaN,
  "ident_fdr_protein": NaN,
  "enable_match_between_runs": true,
  "precursor_mass_tolerance": "[-14.9565 ppm, 14.9565 ppm]",
  "fragment_mass_tolerance": "[-20.4164 ppm, 20.4164 ppm]",
  "enzyme": "Trypsin/P",
  "allowed_miscleavages": "1",
  "min_peptide_length": "6",
  "max_peptide_length": "30",
  "is_temporary": false,
  "intermediate_hash": "c27f8b99a085adbd037ef1ac3101f5a9dcf49cda",
  "results": {
    "6": {
      "median_abs_epsilon": 0.13056586678638027,
      "mean_abs_epsilon": 0.20030893308672618,
      "variance_epsilon": 0.0879990623530507,
      "nr_prec": 74050,
      "CV_median": 0.09663162611973991,
      "CV_q75": 0.17984598776586275,
      "CV_q90": 0.2902946754464466,
      "CV_q95": 0.3724145640038522
    },
    "5": {
      "median_abs_epsilon": 0.14089403135338952,
      "mean_abs_epsilon": 0.2202459090978042,
      "variance_epsilon": 0.10866860947852117,
      "nr_prec": 82744,
      "CV_median": 0.10171969917722201,
      "CV_q75": 0.18969074142326275,
      "CV_q90": 0.3056827097721434,
      "CV_q95": 0.39203311018258835
    },
    "4": {
      "median_abs_epsilon": 0.1466896322780471,
      "mean_abs_epsilon": 0.23604858514927282,
      "variance_epsilon": 0.12972704852970826,
      "nr_prec": 86969,
      "CV_median": 0.10332368034661156,
      "CV_q75": 0.19271199092574717,
      "CV_q90": 0.31040624106168113,
      "CV_q95": 0.3988419810626261
    },
    "3": {
      "median_abs_epsilon": 0.1484963240242747,
      "mean_abs_epsilon": 0.23993341708618135,
      "variance_epsilon": 0.13482741111546195,
      "nr_prec": 89441,
      "CV_median": 0.10394015248232627,
      "CV_q75": 0.19385270815717204,
      "CV_q90": 0.31171486793960257,
      "CV_q95": 0.40093043272498424
    },
    "2": {
      "median_abs_epsilon": 0.14915622661811767,
      "mean_abs_epsilon": 0.24164943965631278,
      "variance_epsilon": 0.13756018442966628,
      "nr_prec": 90484,
      "CV_median": 0.10402192575141045,
      "CV_q75": 0.19412849433927476,
      "CV_q90": 0.31212658864580106,
      "CV_q95": 0.40173968752570066
    },
    "1": {
      "median_abs_epsilon": 0.14915622661811767,
      "mean_abs_epsilon": 0.24164943965631283,
      "variance_epsilon": 0.13756018442966625,
      "nr_prec": 90978,
      "CV_median": 0.10402192575141045,
      "CV_q75": 0.19412849433927476,
      "CV_q90": 0.31212658864580106,
      "CV_q95": 0.40173968752570066
    }
  },
  "median_abs_epsilon": 0.1484963240242747,
  "mean_abs_epsilon": 0.23993341708618135,
  "nr_prec": 89441,
  "comments": "",
  "proteobench_version": "0.10.3",
  "color": "#d42f2f",
  "hover_text": "ProteoBench ID: DIA-NN_20251027_130740<br>Software tool: DIA-NN <br>Comment (private submission): ...",
  "scatter_size": 20,
  "fixed_mods": "Carbamidomethyl (C)",
  "variable_mods": "Oxidation (M)",
  "max_mods": "1",
  "min_precursor_charge": "1",
  "max_precursor_charge": "4",
  "quantification_method": "QuantUMS high-precision",
  "protein_inference": "Genes",
  "abundance_normalization_ions": null,
  "submission_comments": "Resubmission of 1a119c29266f0b288dddaa073cf1f96d2bf3aa97 after changing quant column from Precursor.Quantity -> Precursor.Normalised\n\n ### Parameter changes detected:\n- **ident_fdr_protein**: `None` \u2192 `nan`\n- **ident_fdr_peptide**: `None` \u2192 `nan`\n\nDataset URL: https://proteobench.cubimed.rub.de/datasets/c27f8b99a085adbd037ef1ac3101f5a9dcf49cda/",
  "min_precursor_mz": "400",
  "max_precursor_mz": "1000",
  "min_fragment_mz": "50",
  "max_fragment_mz": "2000",
  "predictors_library": "{'RT': 'DIANN', 'IM': 'DIANN', 'MS2_int': 'DIANN'}",
  "scan_window": "6"
}