{
  "old_new": "new",
  "id": "DIA-NN_20251027_130740",
  "software_name": "DIA-NN",
  "software_version": "1.7.16",
  "search_engine": "DIA-NN",
  "search_engine_version": "1.7.16",
  "ident_fdr_psm": 0.01,
  "ident_fdr_peptide": NaN,
  "ident_fdr_protein": NaN,
  "enable_match_between_runs": true,
  "precursor_mass_tolerance": "[-14.9565 ppm, 14.9565 ppm]",
  "fragment_mass_tolerance": "[-20.4164 ppm, 20.4164 ppm]",
  "enzyme": "Trypsin/P",
  "allowed_miscleavages": 1,
  "min_peptide_length": 6,
  "max_peptide_length": 30,
  "is_temporary": false,
  "intermediate_hash": "c27f8b99a085adbd037ef1ac3101f5a9dcf49cda",
  "results": {
    "6": {
      "median_abs_epsilon_global": 0.13090976372847063,
      "median_abs_epsilon_eq_species": 0.208467688935289,
      "median_abs_epsilon_ECOLI": 0.2814834160720112,
      "median_abs_epsilon_HUMAN": 0.11073079547428932,
      "median_abs_epsilon_YEAST": 0.23318885525956645,
      "mean_abs_epsilon_global": 0.20049565034356412,
      "mean_abs_epsilon_eq_species": 0.2919089518678927,
      "mean_abs_epsilon_ECOLI": 0.40442570089596086,
      "mean_abs_epsilon_HUMAN": 0.1708430783409355,
      "mean_abs_epsilon_YEAST": 0.3004580763667817,
      "median_log2_empirical_ECOLI": -1.7500699012606011,
      "median_log2_empirical_HUMAN": -0.009228672613698308,
      "median_log2_empirical_YEAST": 0.803128745287597,
      "median_abs_epsilon_precision_global": 0.11972159334224886,
      "median_abs_epsilon_precision_eq_species": 0.15707602989008004,
      "median_abs_epsilon_precision_ECOLI": 0.19827031010752894,
      "median_abs_epsilon_precision_HUMAN": 0.11042704638366985,
      "median_abs_epsilon_precision_YEAST": 0.16253073317904132,
      "mean_log2_empirical_ECOLI": -1.6730042127346987,
      "mean_log2_empirical_HUMAN": -0.015253924937455721,
      "mean_log2_empirical_YEAST": 0.7901610572726067,
      "mean_abs_epsilon_precision_global": 0.18689907759040647,
      "mean_abs_epsilon_precision_eq_species": 0.24230376324997258,
      "mean_abs_epsilon_precision_ECOLI": 0.3215253602841236,
      "mean_abs_epsilon_precision_HUMAN": 0.17070315309369488,
      "mean_abs_epsilon_precision_YEAST": 0.23468277637209922,
      "CV_median": 0.09682438226302686,
      "CV_q75": 0.18005109581068224,
      "CV_q90": 0.29044831135209964,
      "CV_q95": 0.37250223317068937,
      "roc_auc": 0.9620778625573195,
      "roc_auc_directional": 0.9794276035363935,
      "nr_prec": 73596,
      "nr_prec_HUMAN": 59350,
      "nr_prec_YEAST": 11016,
      "nr_prec_ECOLI": 3230,
      "variance_epsilon_global": 0.08808113490967484
    },
    "5": {
      "median_abs_epsilon_global": 0.1411499273540171,
      "median_abs_epsilon_eq_species": 0.23517017036410218,
      "median_abs_epsilon_ECOLI": 0.3360442625763085,
      "median_abs_epsilon_HUMAN": 0.1167402090399392,
      "median_abs_epsilon_YEAST": 0.2527260394760589,
      "mean_abs_epsilon_global": 0.22047857781420738,
      "mean_abs_epsilon_eq_species": 0.33206816342487433,
      "mean_abs_epsilon_ECOLI": 0.4862327206912965,
      "mean_abs_epsilon_HUMAN": 0.18107747528551107,
      "mean_abs_epsilon_YEAST": 0.32889429429781536,
      "median_log2_empirical_ECOLI": -1.6948987709332837,
      "median_log2_empirical_HUMAN": -0.009060688633729441,
      "median_log2_empirical_YEAST": 0.7877837001389949,
      "median_abs_epsilon_precision_global": 0.12937274118073194,
      "median_abs_epsilon_precision_eq_species": 0.18092617757501786,
      "median_abs_epsilon_precision_ECOLI": 0.24468900326107246,
      "median_abs_epsilon_precision_HUMAN": 0.11666671751853563,
      "median_abs_epsilon_precision_YEAST": 0.18142281194544552,
      "mean_log2_empirical_ECOLI": -1.5899565342708524,
      "mean_log2_empirical_HUMAN": -0.014291143157968544,
      "mean_log2_empirical_YEAST": 0.7668794759475552,
      "mean_abs_epsilon_precision_global": 0.2036537101498282,
      "mean_abs_epsilon_precision_eq_species": 0.27383910105592224,
      "mean_abs_epsilon_precision_ECOLI": 0.3828628329412934,
      "mean_abs_epsilon_precision_HUMAN": 0.18092416341442835,
      "mean_abs_epsilon_precision_YEAST": 0.25773030681204484,
      "CV_median": 0.10193983029730705,
      "CV_q75": 0.1899083232648366,
      "CV_q90": 0.30587134346797085,
      "CV_q95": 0.3922055318840404,
      "roc_auc": 0.9497076965815631,
      "roc_auc_directional": 0.9706313971552831,
      "nr_prec": 82256,
      "nr_prec_HUMAN": 64885,
      "nr_prec_YEAST": 13092,
      "nr_prec_ECOLI": 4279,
      "variance_epsilon_global": 0.1088237170977383
    },
    "4": {
      "median_abs_epsilon_global": 0.1469661712728474,
      "median_abs_epsilon_eq_species": 0.262880532827469,
      "median_abs_epsilon_ECOLI": 0.4043461162594735,
      "median_abs_epsilon_HUMAN": 0.11928636387046154,
      "median_abs_epsilon_YEAST": 0.2650091183524719,
      "mean_abs_epsilon_global": 0.23635809691368692,
      "mean_abs_epsilon_eq_species": 0.3679822679026814,
      "mean_abs_epsilon_ECOLI": 0.5695536281148776,
      "mean_abs_epsilon_HUMAN": 0.18683058809872422,
      "mean_abs_epsilon_YEAST": 0.34756258749444235,
      "median_log2_empirical_ECOLI": -1.6346161808731932,
      "median_log2_empirical_HUMAN": -0.008907421482878597,
      "median_log2_empirical_YEAST": 0.7791912486724897,
      "median_abs_epsilon_precision_global": 0.13564774536873525,
      "median_abs_epsilon_precision_eq_species": 0.20217093513185258,
      "median_abs_epsilon_precision_ECOLI": 0.29716003473541264,
      "median_abs_epsilon_precision_HUMAN": 0.11937789548484279,
      "median_abs_epsilon_precision_YEAST": 0.18997487517530232,
      "mean_log2_empirical_ECOLI": -1.5092034592612515,
      "mean_log2_empirical_HUMAN": -0.013488392933878296,
      "mean_log2_empirical_YEAST": 0.7523972376081446,
      "mean_abs_epsilon_precision_global": 0.21660297219420724,
      "mean_abs_epsilon_precision_eq_species": 0.30186478942885225,
      "mean_abs_epsilon_precision_ECOLI": 0.4452175257737873,
      "mean_abs_epsilon_precision_HUMAN": 0.186675114013688,
      "mean_abs_epsilon_precision_YEAST": 0.2737017284990814,
      "CV_median": 0.10355201195712727,
      "CV_q75": 0.19293274156706547,
      "CV_q90": 0.3105934226348249,
      "CV_q95": 0.39903975468465114,
      "roc_auc": 0.9414276380862532,
      "roc_auc_directional": 0.9616864817285767,
      "nr_prec": 86472,
      "nr_prec_HUMAN": 67068,
      "nr_prec_YEAST": 14161,
      "nr_prec_ECOLI": 5243,
      "variance_epsilon_global": 0.1299944212737015
    },
    "3": {
      "median_abs_epsilon_global": 0.14889619115428587,
      "median_abs_epsilon_eq_species": 0.26682470492525096,
      "median_abs_epsilon_ECOLI": 0.412281774576563,
      "median_abs_epsilon_HUMAN": 0.12044025265955938,
      "median_abs_epsilon_YEAST": 0.2677520875396304,
      "mean_abs_epsilon_global": 0.24025673506893108,
      "mean_abs_epsilon_eq_species": 0.3746024684416834,
      "mean_abs_epsilon_ECOLI": 0.5810496978497226,
      "mean_abs_epsilon_HUMAN": 0.18953045201237598,
      "mean_abs_epsilon_YEAST": 0.35322725546295175,
      "median_log2_empirical_ECOLI": -1.627493480753305,
      "median_log2_empirical_HUMAN": -0.008990106279222587,
      "median_log2_empirical_YEAST": 0.7762818457522895,
      "median_abs_epsilon_precision_global": 0.13754322634251892,
      "median_abs_epsilon_precision_eq_species": 0.20527189659939035,
      "median_abs_epsilon_precision_ECOLI": 0.30224863152266224,
      "median_abs_epsilon_precision_HUMAN": 0.120625747241629,
      "median_abs_epsilon_precision_YEAST": 0.1929413110338798,
      "mean_log2_empirical_ECOLI": -1.4969309768826236,
      "mean_log2_empirical_HUMAN": -0.013129882360212154,
      "mean_log2_empirical_YEAST": 0.7468621846470695,
      "mean_abs_epsilon_precision_global": 0.22014116923035096,
      "mean_abs_epsilon_precision_eq_species": 0.30750041168877396,
      "mean_abs_epsilon_precision_ECOLI": 0.4546735619554623,
      "mean_abs_epsilon_precision_HUMAN": 0.18936092630746917,