{
  "old_new": "new",
  "id": "DIA-NN_20260309_101445",
  "software_name": "DIA-NN",
  "software_version": "1.9.2",
  "search_engine": "DIA-NN",
  "search_engine_version": "1.9.2",
  "ident_fdr_psm": 0.01,
  "ident_fdr_peptide": NaN,
  "ident_fdr_protein": NaN,
  "enable_match_between_runs": true,
  "precursor_mass_tolerance": "[-13.8504 ppm, 13.8504 ppm]",
  "fragment_mass_tolerance": "[-11.5251 ppm, 11.5251 ppm]",
  "enzyme": "Trypsin/P",
  "allowed_miscleavages": 1,
  "min_peptide_length": 6,
  "max_peptide_length": 30,
  "is_temporary": false,
  "intermediate_hash": "c8e82723478af700333f29c682811f256809679c",
  "results": {
    "6": {
      "median_abs_epsilon_global": 0.12415123589702226,
      "median_abs_epsilon_eq_species": 0.19109841426809204,
      "median_abs_epsilon_ECOLI": 0.23418572127171622,
      "median_abs_epsilon_HUMAN": 0.10578918151653482,
      "median_abs_epsilon_YEAST": 0.23332034001602509,
      "mean_abs_epsilon_global": 0.1803989735008158,
      "mean_abs_epsilon_eq_species": 0.25707575343268463,
      "mean_abs_epsilon_ECOLI": 0.3310126575316348,
      "mean_abs_epsilon_HUMAN": 0.1522356915141573,
      "mean_abs_epsilon_YEAST": 0.2879789112522618,
      "median_log2_empirical_ECOLI": -1.7891253574203478,
      "median_log2_empirical_HUMAN": -0.034158584923890345,
      "median_log2_empirical_YEAST": 0.7782313452889049,
      "median_abs_epsilon_precision_global": 0.11055998054174765,
      "median_abs_epsilon_precision_eq_species": 0.13436378362079301,
      "median_abs_epsilon_precision_ECOLI": 0.1599169173886974,
      "median_abs_epsilon_precision_HUMAN": 0.1033940479813591,
      "median_abs_epsilon_precision_YEAST": 0.13978038549232252,
      "mean_log2_empirical_ECOLI": -1.7172214848158738,
      "mean_log2_empirical_HUMAN": -0.04496059129830481,
      "mean_log2_empirical_YEAST": 0.7479016080969749,
      "mean_abs_epsilon_precision_global": 0.1608400717125342,
      "mean_abs_epsilon_precision_eq_species": 0.20096350968457752,
      "mean_abs_epsilon_precision_ECOLI": 0.2583755083768746,
      "mean_abs_epsilon_precision_HUMAN": 0.1491886691374347,
      "mean_abs_epsilon_precision_YEAST": 0.1953263515394232,
      "CV_median": 0.08857095100072321,
      "CV_q75": 0.15230653291455792,
      "CV_q90": 0.23426341175312962,
      "CV_q95": 0.29573665189838944,
      "roc_auc": 0.9721862220442089,
      "roc_auc_directional": 0.9885848272440312,
      "nr_prec": 83662,
      "nr_prec_HUMAN": 67443,
      "nr_prec_YEAST": 12627,
      "nr_prec_ECOLI": 3592,
      "variance_epsilon_global": 0.06454219144746892
    },
    "5": {
      "median_abs_epsilon_global": 0.1339524925157516,
      "median_abs_epsilon_eq_species": 0.21203456405156196,
      "median_abs_epsilon_ECOLI": 0.27318021756205013,
      "median_abs_epsilon_HUMAN": 0.11216016973608411,
      "median_abs_epsilon_YEAST": 0.2507633048565516,
      "mean_abs_epsilon_global": 0.1975237982602328,
      "mean_abs_epsilon_eq_species": 0.28911548298400164,
      "mean_abs_epsilon_ECOLI": 0.3947790613313174,
      "mean_abs_epsilon_HUMAN": 0.16210142128317714,
      "mean_abs_epsilon_YEAST": 0.3104659663375104,
      "median_log2_empirical_ECOLI": -1.745037212765391,
      "median_log2_empirical_HUMAN": -0.03466845830753673,
      "median_log2_empirical_YEAST": 0.7641474277283162,
      "median_abs_epsilon_precision_global": 0.11947519581217403,
      "median_abs_epsilon_precision_eq_species": 0.1542981618371145,
      "median_abs_epsilon_precision_ECOLI": 0.19977124803243385,
      "median_abs_epsilon_precision_HUMAN": 0.10995425744824949,
      "median_abs_epsilon_precision_YEAST": 0.15316898003066015,
      "mean_log2_empirical_ECOLI": -1.6526588605530605,
      "mean_log2_empirical_HUMAN": -0.045481327348206244,
      "mean_log2_empirical_YEAST": 0.7289186518621098,
      "mean_abs_epsilon_precision_global": 0.17526641647439695,
      "mean_abs_epsilon_precision_eq_species": 0.2270897694064011,
      "mean_abs_epsilon_precision_ECOLI": 0.30906438509935075,
      "mean_abs_epsilon_precision_HUMAN": 0.1591027357525297,
      "mean_abs_epsilon_precision_YEAST": 0.21310218736732284,
      "CV_median": 0.09295860201663872,
      "CV_q75": 0.16092141683998215,
      "CV_q90": 0.2495181464478563,
      "CV_q95": 0.3148526670093903,
      "roc_auc": 0.9630126762783342,
      "roc_auc_directional": 0.9839085564906314,
      "nr_prec": 94924,
      "nr_prec_HUMAN": 74964,
      "nr_prec_YEAST": 15203,
      "nr_prec_ECOLI": 4757,
      "variance_epsilon_global": 0.07955388171250752
    },
    "4": {
      "median_abs_epsilon_global": 0.14083058749462296,
      "median_abs_epsilon_eq_species": 0.2356594575814285,
      "median_abs_epsilon_ECOLI": 0.32860896718902666,
      "median_abs_epsilon_HUMAN": 0.1156551073972123,
      "median_abs_epsilon_YEAST": 0.2627142981580466,
      "mean_abs_epsilon_global": 0.21341870599826057,
      "mean_abs_epsilon_eq_species": 0.32546157216806965,
      "mean_abs_epsilon_ECOLI": 0.47873813900559387,
      "mean_abs_epsilon_HUMAN": 0.16874673270561347,
      "mean_abs_epsilon_YEAST": 0.3288998447930015,
      "median_log2_empirical_ECOLI": -1.6938715588747488,
      "median_log2_empirical_HUMAN": -0.03503729497009456,
      "median_log2_empirical_YEAST": 0.7530217888046113,
      "median_abs_epsilon_precision_global": 0.12638612239766456,
      "median_abs_epsilon_precision_eq_species": 0.17483777110377416,
      "median_abs_epsilon_precision_ECOLI": 0.24645281601268287,
      "median_abs_epsilon_precision_HUMAN": 0.11350334595236156,
      "median_abs_epsilon_precision_YEAST": 0.16455715134627802,
      "mean_log2_empirical_ECOLI": -1.5714211974006274,
      "mean_log2_empirical_HUMAN": -0.04577035487122556,
      "mean_log2_empirical_YEAST": 0.7147274346883841,
      "mean_abs_epsilon_precision_global": 0.18849896818020118,
      "mean_abs_epsilon_precision_eq_species": 0.2569691654186805,
      "mean_abs_epsilon_precision_ECOLI": 0.37629831943038244,
      "mean_abs_epsilon_precision_HUMAN": 0.16575949316655303,
      "mean_abs_epsilon_precision_YEAST": 0.2288496836591059,
      "CV_median": 0.09458034473003885,
      "CV_q75": 0.16414126443760646,
      "CV_q90": 0.255185166329979,
      "CV_q95": 0.32267357489555903,
      "roc_auc": 0.9540557634840096,
      "roc_auc_directional": 0.9761356927692237,
      "nr_prec": 101345,
      "nr_prec_HUMAN": 78590,
      "nr_prec_YEAST": 16862,
      "nr_prec_ECOLI": 5893,
      "variance_epsilon_global": 0.09827189773534727
    },
    "3": {
      "median_abs_epsilon_global": 0.14319502182849497,
      "median_abs_epsilon_eq_species": 0.24006876520195064,
      "median_abs_epsilon_ECOLI": 0.33421281651814105,
      "median_abs_epsilon_HUMAN": 0.11726174806869771,
      "median_abs_epsilon_YEAST": 0.26873173101901315,
      "mean_abs_epsilon_global": 0.2189006960958824,
      "mean_abs_epsilon_eq_species": 0.33378968183615937,
      "mean_abs_epsilon_ECOLI": 0.4905436077112885,
      "mean_abs_epsilon_HUMAN": 0.17251278633102998,
      "mean_abs_epsilon_YEAST": 0.33831265146615946,
      "median_log2_empirical_ECOLI": -1.6861521998765774,
      "median_log2_empirical_HUMAN": -0.03490997804327378,
      "median_log2_empirical_YEAST": 0.7481215367791751,
      "median_abs_epsilon_precision_global": 0.12877964573163858,
      "median_abs_epsilon_precision_eq_species": 0.17932832085604686,
      "median_abs_epsilon_precision_ECOLI": 0.2539212643660935,
      "median_abs_epsilon_precision_HUMAN": 0.1151623994661577,
      "median_abs_epsilon_precision_YEAST": 0.16890129873588933,
      "mean_log2_empirical_ECOLI": -1.5593414503215546,
      "mean_log2_empirical_HUMAN": -0.04525090913533916,
      "mean_log2_empirical_YEAST": 0.7073697034888963,
      "mean_abs_epsilon_precision_global": 0.19348726730611732,
      "mean_abs_epsilon_precision_eq_species": 0.26410758354250574,
      "mean_abs_epsilon_precision_ECOLI": 0.38564744210671115,
      "mean_abs_epsilon_precision_HUMAN": 0.1695698785912048,