{
  "old_new": "new",
  "id": "DIA-NN_20251027_132937",
  "software_name": "DIA-NN",
  "software_version": "1.9.2",
  "search_engine": "DIA-NN",
  "search_engine_version": "1.9.2",
  "ident_fdr_psm": 0.01,
  "ident_fdr_peptide": NaN,
  "ident_fdr_protein": NaN,
  "enable_match_between_runs": true,
  "precursor_mass_tolerance": "[-13.8504 ppm, 13.8504 ppm]",
  "fragment_mass_tolerance": "[-11.5251 ppm, 11.5251 ppm]",
  "enzyme": "Trypsin/P",
  "allowed_miscleavages": 1,
  "min_peptide_length": 6,
  "max_peptide_length": 30,
  "is_temporary": false,
  "intermediate_hash": "cb79cb1e61623cd26ccf20825c6d4909132048cf",
  "results": {
    "6": {
      "median_abs_epsilon_global": 0.12185700332489802,
      "median_abs_epsilon_eq_species": 0.15977226683314102,
      "median_abs_epsilon_ECOLI": 0.17731740260637885,
      "median_abs_epsilon_HUMAN": 0.10862200885061668,
      "median_abs_epsilon_YEAST": 0.19337738904242752,
      "mean_abs_epsilon_global": 0.17727802602216294,
      "mean_abs_epsilon_eq_species": 0.22228489853090005,
      "mean_abs_epsilon_ECOLI": 0.26081892960797914,
      "mean_abs_epsilon_HUMAN": 0.1600638242424769,
      "mean_abs_epsilon_YEAST": 0.24597194174224418,
      "median_log2_empirical_ECOLI": -1.8898619078463241,
      "median_log2_empirical_HUMAN": -0.03638209408429205,
      "median_log2_empirical_YEAST": 0.8305073078496417,
      "median_abs_epsilon_precision_global": 0.11127392433919248,
      "median_abs_epsilon_precision_eq_species": 0.13299184259427044,
      "median_abs_epsilon_precision_ECOLI": 0.15909913049197222,
      "median_abs_epsilon_precision_HUMAN": 0.10545714407125217,
      "median_abs_epsilon_precision_YEAST": 0.13441925321958692,
      "mean_log2_empirical_ECOLI": -1.8483358226583473,
      "mean_log2_empirical_HUMAN": -0.04968375518863285,
      "mean_log2_empirical_YEAST": 0.8109589063525232,
      "mean_abs_epsilon_precision_global": 0.1651298475205006,
      "mean_abs_epsilon_precision_eq_species": 0.19566091107652397,
      "mean_abs_epsilon_precision_ECOLI": 0.2419089601975522,
      "mean_abs_epsilon_precision_HUMAN": 0.15676732683998063,
      "mean_abs_epsilon_precision_YEAST": 0.18830644619203915,
      "CV_median": 0.08987516583405217,
      "CV_q75": 0.15827180567835586,
      "CV_q90": 0.24893916497065605,
      "CV_q95": 0.320054090418377,
      "roc_auc": 0.9773520612042123,
      "roc_auc_directional": 0.9910724298638786,
      "nr_prec": 82762,
      "nr_prec_HUMAN": 66785,
      "nr_prec_YEAST": 12466,
      "nr_prec_ECOLI": 3511,
      "variance_epsilon_global": 0.06349451615950319
    },
    "5": {
      "median_abs_epsilon_global": 0.13090779138100572,
      "median_abs_epsilon_eq_species": 0.1762539702461178,
      "median_abs_epsilon_ECOLI": 0.20589342765166307,
      "median_abs_epsilon_HUMAN": 0.11540954395513658,
      "median_abs_epsilon_YEAST": 0.20745893913155378,
      "mean_abs_epsilon_global": 0.19547420232687618,
      "mean_abs_epsilon_eq_species": 0.2519254584196852,
      "mean_abs_epsilon_ECOLI": 0.3120052950317471,
      "mean_abs_epsilon_HUMAN": 0.17281519198028295,
      "mean_abs_epsilon_YEAST": 0.2709558882470256,
      "median_log2_empirical_ECOLI": -1.86237795394071,
      "median_log2_empirical_HUMAN": -0.03669392109728875,
      "median_log2_empirical_YEAST": 0.8202980414726486,
      "median_abs_epsilon_precision_global": 0.12013381191466621,
      "median_abs_epsilon_precision_eq_species": 0.1493878961273533,
      "median_abs_epsilon_precision_ECOLI": 0.1879080656769485,
      "median_abs_epsilon_precision_HUMAN": 0.11224969887679137,
      "median_abs_epsilon_precision_YEAST": 0.14800592382832,
      "mean_log2_empirical_ECOLI": -1.794283338402446,
      "mean_log2_empirical_HUMAN": -0.05019871925814373,
      "mean_log2_empirical_YEAST": 0.7926828777586048,
      "mean_abs_epsilon_precision_global": 0.18232567981040654,
      "mean_abs_epsilon_precision_eq_species": 0.22326025838546681,
      "mean_abs_epsilon_precision_ECOLI": 0.2881995588849888,
      "mean_abs_epsilon_precision_HUMAN": 0.16965428894568457,
      "mean_abs_epsilon_precision_YEAST": 0.21192692732572704,
      "CV_median": 0.09489593455223708,
      "CV_q75": 0.1686420538556463,
      "CV_q90": 0.26819525149059986,
      "CV_q95": 0.34848881129088904,
      "roc_auc": 0.9676466296333007,
      "roc_auc_directional": 0.9853184387151535,
      "nr_prec": 94165,
      "nr_prec_HUMAN": 74381,
      "nr_prec_YEAST": 15105,
      "nr_prec_ECOLI": 4679,
      "variance_epsilon_global": 0.08143340182927249
    },
    "4": {
      "median_abs_epsilon_global": 0.1375632540932692,
      "median_abs_epsilon_eq_species": 0.19482102839232565,
      "median_abs_epsilon_ECOLI": 0.245690675048027,
      "median_abs_epsilon_HUMAN": 0.11924078055268339,
      "median_abs_epsilon_YEAST": 0.2195316295762666,
      "mean_abs_epsilon_global": 0.2117871863867764,
      "mean_abs_epsilon_eq_species": 0.28610766150100203,
      "mean_abs_epsilon_ECOLI": 0.38392680681218816,
      "mean_abs_epsilon_HUMAN": 0.18145799251738143,
      "mean_abs_epsilon_YEAST": 0.2929381851734365,
      "median_log2_empirical_ECOLI": -1.8257930758607772,
      "median_log2_empirical_HUMAN": -0.037339874276760554,
      "median_log2_empirical_YEAST": 0.8131641146537332,
      "median_abs_epsilon_precision_global": 0.12686785232796893,
      "median_abs_epsilon_precision_eq_species": 0.16739643144472124,
      "median_abs_epsilon_precision_ECOLI": 0.2270807677076272,
      "median_abs_epsilon_precision_HUMAN": 0.1160071877435378,
      "median_abs_epsilon_precision_YEAST": 0.1591013388829987,
      "mean_log2_empirical_ECOLI": -1.7284629576997463,
      "mean_log2_empirical_HUMAN": -0.050762801826835034,
      "mean_log2_empirical_YEAST": 0.7791383559479097,
      "mean_abs_epsilon_precision_global": 0.1975069864505193,
      "mean_abs_epsilon_precision_eq_species": 0.254689065762938,
      "mean_abs_epsilon_precision_ECOLI": 0.3529142879072134,
      "mean_abs_epsilon_precision_HUMAN": 0.178276273716111,
      "mean_abs_epsilon_precision_YEAST": 0.23287663566548952,
      "CV_median": 0.09665451547864888,
      "CV_q75": 0.1726902009763947,
      "CV_q90": 0.27604487787787285,
      "CV_q95": 0.36022214971252564,
      "roc_auc": 0.9589880410615628,
      "roc_auc_directional": 0.9780815610907374,
      "nr_prec": 100857,
      "nr_prec_HUMAN": 78191,
      "nr_prec_YEAST": 16818,
      "nr_prec_ECOLI": 5848,
      "variance_epsilon_global": 0.10153717639374761
    },
    "3": {
      "median_abs_epsilon_global": 0.14031237314993028,
      "median_abs_epsilon_eq_species": 0.2000210391778848,
      "median_abs_epsilon_ECOLI": 0.2532513216392722,
      "median_abs_epsilon_HUMAN": 0.12133581404325255,
      "median_abs_epsilon_YEAST": 0.2254759818511296,
      "mean_abs_epsilon_global": 0.21917353062878905,
      "mean_abs_epsilon_eq_species": 0.2964150300174199,
      "mean_abs_epsilon_ECOLI": 0.3978936878747748,
      "mean_abs_epsilon_HUMAN": 0.18721208078805376,
      "mean_abs_epsilon_YEAST": 0.30413932138943117,
      "median_log2_empirical_ECOLI": -1.8180771916445302,
      "median_log2_empirical_HUMAN": -0.0373001379954232,
      "median_log2_empirical_YEAST": 0.8095747025462394,
      "median_abs_epsilon_precision_global": 0.1296892226567934,
      "median_abs_epsilon_precision_eq_species": 0.17154156011386443,
      "median_abs_epsilon_precision_ECOLI": 0.2327593855724741,
      "median_abs_epsilon_precision_HUMAN": 0.11821865180544933,
      "median_abs_epsilon_precision_YEAST": 0.16364664296366982,
      "mean_log2_empirical_ECOLI": -1.715200796356296,
      "mean_log2_empirical_HUMAN": -0.05009220387543847,
      "mean_log2_empirical_YEAST": 0.7722748574430643,
      "mean_abs_epsilon_precision_global": 0.20460405627011846,
      "mean_abs_epsilon_precision_eq_species": 0.26445816596001875,
      "mean_abs_epsilon_precision_ECOLI": 0.36595520284856375,
      "mean_abs_epsilon_precision_HUMAN": 0.18403967815727537,