{
  "old_new": "new",
  "id": "DIA-NN_20251027_132937",
  "software_name": "DIA-NN",
  "software_version": "1.9.2",
  "search_engine": "DIA-NN",
  "search_engine_version": "1.9.2",
  "ident_fdr_psm": "0.01",
  "ident_fdr_peptide": NaN,
  "ident_fdr_protein": NaN,
  "enable_match_between_runs": true,
  "precursor_mass_tolerance": "[-13.8504 ppm, 13.8504 ppm]",
  "fragment_mass_tolerance": "[-11.5251 ppm, 11.5251 ppm]",
  "enzyme": "Trypsin/P",
  "allowed_miscleavages": "1",
  "min_peptide_length": "6",
  "max_peptide_length": "30",
  "is_temporary": false,
  "intermediate_hash": "cb79cb1e61623cd26ccf20825c6d4909132048cf",
  "results": {
    "6": {
      "median_abs_epsilon": 0.12195974288637501,
      "mean_abs_epsilon": 0.17817277209696575,
      "variance_epsilon": 0.06458587261795898,
      "nr_prec": 83402,
      "CV_median": 0.08961657660635458,
      "CV_q75": 0.1580280211913629,
      "CV_q90": 0.24877732326659324,
      "CV_q95": 0.3200450902877624
    },
    "5": {
      "median_abs_epsilon": 0.13100482258104584,
      "mean_abs_epsilon": 0.19619412238092337,
      "variance_epsilon": 0.08230662497405691,
      "nr_prec": 94845,
      "CV_median": 0.09467074052634289,
      "CV_q75": 0.16835295602175424,
      "CV_q90": 0.26797496124543785,
      "CV_q95": 0.3483254444809298
    },
    "4": {
      "median_abs_epsilon": 0.13761875161635473,
      "mean_abs_epsilon": 0.21238217327922412,
      "variance_epsilon": 0.10225648578939682,
      "nr_prec": 101555,
      "CV_median": 0.09642047916280272,
      "CV_q75": 0.1724324642381389,
      "CV_q90": 0.27576872079665465,
      "CV_q95": 0.36000732480844216
    },
    "3": {
      "median_abs_epsilon": 0.14036225944970138,
      "mean_abs_epsilon": 0.21972690011747695,
      "variance_epsilon": 0.11249767220650615,
      "nr_prec": 106074,
      "CV_median": 0.09729845020851088,
      "CV_q75": 0.17430985549766287,
      "CV_q90": 0.2794003516176402,
      "CV_q95": 0.36491644016013813
    },
    "2": {
      "median_abs_epsilon": 0.14141327499540246,
      "mean_abs_epsilon": 0.22304633317856395,
      "variance_epsilon": 0.11850260906504607,
      "nr_prec": 108265,
      "CV_median": 0.09751015818765185,
      "CV_q75": 0.17483567144699014,
      "CV_q90": 0.2805265523915206,
      "CV_q95": 0.36686797630277485
    },
    "1": {
      "median_abs_epsilon": 0.14141327499540246,
      "mean_abs_epsilon": 0.22304633317856384,
      "variance_epsilon": 0.11850260906504607,
      "nr_prec": 109403,
      "CV_median": 0.09751015818765185,
      "CV_q75": 0.17483567144699014,
      "CV_q90": 0.2805265523915206,
      "CV_q95": 0.36686797630277485
    }
  },
  "median_abs_epsilon": 0.14036225944970138,
  "mean_abs_epsilon": 0.21972690011747695,
  "nr_prec": 106074,
  "comments": "",
  "proteobench_version": "0.10.3",
  "color": "#d42f2f",
  "hover_text": "ProteoBench ID: DIA-NN_20251027_132937<br>Software tool: DIA-NN <br>Comment (private submission): ...",
  "scatter_size": 20,
  "fixed_mods": "unimod4",
  "variable_mods": "UniMod:35/15.994915/M,UniMod:1/42.010565/*n",
  "max_mods": "1",
  "min_precursor_charge": "1",
  "max_precursor_charge": "4",
  "quantification_method": "QuantUMS high-precision",
  "protein_inference": "Genes",
  "abundance_normalization_ions": null,
  "submission_comments": "Resubmission of d3b81753cf38033b89b78c06612007e059c7dc5b after changing quant column from Precursor.Quantity -> Precursor.Normalised\n\n ### Parameter changes detected:\n- **ident_fdr_protein**: `None` \u2192 `nan`\n- **ident_fdr_peptide**: `None` \u2192 `nan`\n\nDataset URL: https://proteobench.cubimed.rub.de/datasets/cb79cb1e61623cd26ccf20825c6d4909132048cf/",
  "min_precursor_mz": "400",
  "max_precursor_mz": "1000",
  "min_fragment_mz": "50",
  "max_fragment_mz": "2000",
  "predictors_library": "{'RT': 'DIANN', 'IM': 'DIANN', 'MS2_int': 'DIANN'}",
  "scan_window": "8"
}