{
  "old_new": "new",
  "id": "AlphaDIA_20260309_102514",
  "software_name": "AlphaDIA",
  "software_version": "1.12.1",
  "search_engine": "AlphaDIA",
  "search_engine_version": NaN,
  "ident_fdr_psm": "0.01",
  "ident_fdr_peptide": NaN,
  "ident_fdr_protein": "0.01",
  "enable_match_between_runs": false,
  "precursor_mass_tolerance": "[-15 ppm, 15 ppm]",
  "fragment_mass_tolerance": "[-15 ppm, 15 ppm]",
  "enzyme": "trypsin/p ",
  "allowed_miscleavages": "1",
  "min_peptide_length": 6,
  "max_peptide_length": 30,
  "is_temporary": false,
  "intermediate_hash": "d0f53f932f222263385d6d7bdbfae4f729c51e18",
  "results": {
    "6": {
      "median_abs_epsilon_global": 0.1490705807930519,
      "median_abs_epsilon_eq_species": 0.21930599212713453,
      "median_abs_epsilon_ECOLI": 0.2922795613598108,
      "median_abs_epsilon_HUMAN": 0.13577938080002383,
      "median_abs_epsilon_YEAST": 0.22985903422156895,
      "mean_abs_epsilon_global": 0.23656695360738816,
      "mean_abs_epsilon_eq_species": 0.31397390275080794,
      "mean_abs_epsilon_ECOLI": 0.4034018500520138,
      "mean_abs_epsilon_HUMAN": 0.21870941793697374,
      "mean_abs_epsilon_YEAST": 0.31981044026343636,
      "median_log2_empirical_ECOLI": -1.7948112487770143,
      "median_log2_empirical_HUMAN": -0.0006472269712958223,
      "median_log2_empirical_YEAST": 0.8353818257665608,
      "median_abs_epsilon_precision_global": 0.14151954650768772,
      "median_abs_epsilon_precision_eq_species": 0.1771134270585506,
      "median_abs_epsilon_precision_ECOLI": 0.21319834391238857,
      "median_abs_epsilon_precision_HUMAN": 0.13576825460551323,
      "median_abs_epsilon_precision_YEAST": 0.18237368265775,
      "mean_log2_empirical_ECOLI": -1.7433320658823743,
      "mean_log2_empirical_HUMAN": 0.005441282334665883,
      "mean_log2_empirical_YEAST": 0.8118633563916913,
      "mean_abs_epsilon_precision_global": 0.22971502143678013,
      "mean_abs_epsilon_precision_eq_species": 0.28160549745084257,
      "mean_abs_epsilon_precision_ECOLI": 0.3497744631985524,
      "mean_abs_epsilon_precision_HUMAN": 0.21879950653780594,
      "mean_abs_epsilon_precision_YEAST": 0.2762425226161693,
      "CV_median": 0.10627324868823385,
      "CV_q75": 0.23127166753531608,
      "CV_q90": 0.36337127070655656,
      "CV_q95": 0.45617047265106586,
      "roc_auc": 0.9431534521856977,
      "roc_auc_directional": 0.9650237835481801,
      "nr_prec": 33574,
      "nr_prec_HUMAN": 28464,
      "nr_prec_YEAST": 4118,
      "nr_prec_ECOLI": 992,
      "variance_epsilon_global": 0.14501126306270654
    },
    "5": {
      "median_abs_epsilon_global": 0.1600666046172421,
      "median_abs_epsilon_eq_species": 0.23300960328754053,
      "median_abs_epsilon_ECOLI": 0.3061517079685512,
      "median_abs_epsilon_HUMAN": 0.14429807662737026,
      "median_abs_epsilon_YEAST": 0.24857902526670017,
      "mean_abs_epsilon_global": 0.2503166528553335,
      "mean_abs_epsilon_eq_species": 0.3332378789723876,
      "mean_abs_epsilon_ECOLI": 0.4324610649347735,
      "mean_abs_epsilon_HUMAN": 0.22935629613414593,
      "mean_abs_epsilon_YEAST": 0.3378962758482435,
      "median_log2_empirical_ECOLI": -1.7762368520094611,
      "median_log2_empirical_HUMAN": -0.001129150390948297,
      "median_log2_empirical_YEAST": 0.8184185028072619,
      "median_abs_epsilon_precision_global": 0.15292771657187387,
      "median_abs_epsilon_precision_eq_species": 0.19457022349132558,
      "median_abs_epsilon_precision_ECOLI": 0.23758681615305122,
      "median_abs_epsilon_precision_HUMAN": 0.14419746398978717,
      "median_abs_epsilon_precision_YEAST": 0.20192639033113835,
      "mean_log2_empirical_ECOLI": -1.7094164556066929,
      "mean_log2_empirical_HUMAN": 0.004248044057338013,
      "mean_log2_empirical_YEAST": 0.7937488353076656,
      "mean_abs_epsilon_precision_global": 0.24227382938241251,
      "mean_abs_epsilon_precision_eq_species": 0.29844390718356145,
      "mean_abs_epsilon_precision_ECOLI": 0.37493370948585475,
      "mean_abs_epsilon_precision_HUMAN": 0.22941956925411292,
      "mean_abs_epsilon_precision_YEAST": 0.29097844281071666,
      "CV_median": 0.11031477864786315,
      "CV_q75": 0.2364945122279432,
      "CV_q90": 0.3711203051472727,
      "CV_q95": 0.46944325407668885,
      "roc_auc": 0.9327453910779182,
      "roc_auc_directional": 0.9602963913820728,
      "nr_prec": 43389,
      "nr_prec_HUMAN": 36215,
      "nr_prec_YEAST": 5791,
      "nr_prec_ECOLI": 1383,
      "variance_epsilon_global": 0.15752765259011656
    },
    "4": {
      "median_abs_epsilon_global": 0.17181936899364203,
      "median_abs_epsilon_eq_species": 0.25101301405163756,
      "median_abs_epsilon_ECOLI": 0.33037058512228157,
      "median_abs_epsilon_HUMAN": 0.15345382689968545,
      "median_abs_epsilon_YEAST": 0.26921463013294566,
      "mean_abs_epsilon_global": 0.26578446970410163,
      "mean_abs_epsilon_eq_species": 0.35745456884147364,
      "mean_abs_epsilon_ECOLI": 0.47385663025782626,
      "mean_abs_epsilon_HUMAN": 0.24136060769831122,
      "mean_abs_epsilon_YEAST": 0.35714646856828347,
      "median_log2_empirical_ECOLI": -1.7422672907537518,
      "median_log2_empirical_HUMAN": -0.001089572909318548,
      "median_log2_empirical_YEAST": 0.8071185747746368,
      "median_abs_epsilon_precision_global": 0.1633002758042572,
      "median_abs_epsilon_precision_eq_species": 0.20970826678579732,
      "median_abs_epsilon_precision_ECOLI": 0.2598183949772981,
      "median_abs_epsilon_precision_HUMAN": 0.15339899062403894,
      "median_abs_epsilon_precision_YEAST": 0.2159074147560549,
      "mean_log2_empirical_ECOLI": -1.6647127837183928,
      "mean_log2_empirical_HUMAN": 0.005623805450938893,
      "mean_log2_empirical_YEAST": 0.7802272411169424,
      "mean_abs_epsilon_precision_global": 0.2564458251966337,
      "mean_abs_epsilon_precision_eq_species": 0.31753617725559674,
      "mean_abs_epsilon_precision_ECOLI": 0.40376473517507555,
      "mean_abs_epsilon_precision_HUMAN": 0.24145483082200528,
      "mean_abs_epsilon_precision_YEAST": 0.3073889657697094,
      "CV_median": 0.11178436768902064,
      "CV_q75": 0.23840959746396678,
      "CV_q90": 0.3754441394219625,
      "CV_q95": 0.47431948926877265,
      "roc_auc": 0.9224637181060649,
      "roc_auc_directional": 0.954617162850076,
      "nr_prec": 52352,
      "nr_prec_HUMAN": 43219,
      "nr_prec_YEAST": 7238,
      "nr_prec_ECOLI": 1895,
      "variance_epsilon_global": 0.17412013736830312
    },
    "3": {
      "median_abs_epsilon_global": 0.18178653716409698,
      "median_abs_epsilon_eq_species": 0.25884363386222375,
      "median_abs_epsilon_ECOLI": 0.3328034083047804,
      "median_abs_epsilon_HUMAN": 0.16322326660127118,
      "median_abs_epsilon_YEAST": 0.2805042266806197,
      "mean_abs_epsilon_global": 0.27864135520185535,
      "mean_abs_epsilon_eq_species": 0.36926652614242633,
      "mean_abs_epsilon_ECOLI": 0.4810627750998727,
      "mean_abs_epsilon_HUMAN": 0.2551558737082502,
      "mean_abs_epsilon_YEAST": 0.37158092961915595,
      "median_log2_empirical_ECOLI": -1.7371692657495537,
      "median_log2_empirical_HUMAN": -0.001886844628899098,
      "median_log2_empirical_YEAST": 0.7942485809328659,
      "median_abs_epsilon_precision_global": 0.17303832371354488,
      "median_abs_epsilon_precision_eq_species": 0.21666171816346194,
      "median_abs_epsilon_precision_ECOLI": 0.2630424499527031,
      "median_abs_epsilon_precision_HUMAN": 0.16300344469084216,
      "median_abs_epsilon_precision_YEAST": 0.2239392598468406,
      "mean_log2_empirical_ECOLI": -1.6586734715342877,
      "mean_log2_empirical_HUMAN": 0.005249405732803418,
      "mean_log2_empirical_YEAST": 0.7671985630044394,
      "mean_abs_epsilon_precision_global": 0.26902986758513064,
      "mean_abs_epsilon_precision_eq_species": 0.32784873895640687,
      "mean_abs_epsilon_precision_ECOLI": 0.4103751577442347,
      "mean_abs_epsilon_precision_HUMAN": 0.2552523555130308,