{
  "old_new": "new",
  "id": "FragPipe (DIA-NN quant)_20260428_152839",
  "software_name": "FragPipe (DIA-NN quant)",
  "software_version": "24.0",
  "search_engine": "MSFragger",
  "search_engine_version": "4.4",
  "ident_fdr_psm": 0.01,
  "ident_fdr_peptide": NaN,
  "ident_fdr_protein": 0.01,
  "enable_match_between_runs": false,
  "precursor_mass_tolerance": "[-20 ppm, 20 ppm]",
  "fragment_mass_tolerance": "[-20 ppm, 20 ppm]",
  "enzyme": "Trypsin/P",
  "allowed_miscleavages": 2,
  "min_peptide_length": 7,
  "max_peptide_length": 30,
  "is_temporary": false,
  "intermediate_hash": "d1bb56a4e17aa7b641ce1f6075445c3cb5d839c0",
  "results": {
    "6": {
      "median_abs_epsilon_global": 0.095535558948503,
      "median_abs_epsilon_eq_species": 0.136445870669091,
      "median_abs_epsilon_ECOLI": 0.15368444919006402,
      "median_abs_epsilon_HUMAN": 0.08482841481198301,
      "median_abs_epsilon_YEAST": 0.170824748005227,
      "mean_abs_epsilon_global": 0.140104941984752,
      "mean_abs_epsilon_eq_species": 0.18589900452132102,
      "mean_abs_epsilon_ECOLI": 0.218108181686331,
      "mean_abs_epsilon_HUMAN": 0.12485148141735002,
      "mean_abs_epsilon_YEAST": 0.21473735046028103,
      "median_log2_empirical_ECOLI": -1.8808244947279231,
      "median_log2_empirical_HUMAN": -0.029267122173615004,
      "median_log2_empirical_YEAST": 0.84081486548742,
      "median_abs_epsilon_precision_global": 0.087387644133833,
      "median_abs_epsilon_precision_eq_species": 0.10554305547236101,
      "median_abs_epsilon_precision_ECOLI": 0.12346484949734302,
      "median_abs_epsilon_precision_HUMAN": 0.08309367701699101,
      "median_abs_epsilon_precision_YEAST": 0.11007063990274801,
      "mean_log2_empirical_ECOLI": -1.8484714056676441,
      "mean_log2_empirical_HUMAN": -0.042347731949529004,
      "mean_log2_empirical_YEAST": 0.8178177804720721,
      "mean_abs_epsilon_precision_global": 0.12885829254921,
      "mean_abs_epsilon_precision_eq_species": 0.154582103097528,
      "mean_abs_epsilon_precision_ECOLI": 0.18827195161640903,
      "mean_abs_epsilon_precision_HUMAN": 0.12247664561026,
      "mean_abs_epsilon_precision_YEAST": 0.152997712065913,
      "CV_median": 0.067483737535475,
      "CV_q75": 0.11673757460493,
      "CV_q90": 0.18271162317587603,
      "CV_q95": 0.23521041458809802,
      "variance_epsilon_global": 0.039681390214308006,
      "nr_prec": 57882,
      "roc_auc": 0.99008911442888
    },
    "5": {
      "median_abs_epsilon_global": 0.10372161800377201,
      "median_abs_epsilon_eq_species": 0.147340553808111,
      "median_abs_epsilon_ECOLI": 0.16877327991138702,
      "median_abs_epsilon_HUMAN": 0.09160981293733801,
      "median_abs_epsilon_YEAST": 0.181638568575607,
      "mean_abs_epsilon_global": 0.15354816666918802,
      "mean_abs_epsilon_eq_species": 0.20409315592793,
      "mean_abs_epsilon_ECOLI": 0.24536424828667103,
      "mean_abs_epsilon_HUMAN": 0.136147660254997,
      "mean_abs_epsilon_YEAST": 0.23076755924212203,
      "median_log2_empirical_ECOLI": -1.869445557883318,
      "median_log2_empirical_HUMAN": -0.030004835374667003,
      "median_log2_empirical_YEAST": 0.8328716001736851,
      "median_abs_epsilon_precision_global": 0.09529580003928201,
      "median_abs_epsilon_precision_eq_species": 0.116774067177765,
      "median_abs_epsilon_precision_ECOLI": 0.13969304700179902,
      "median_abs_epsilon_precision_HUMAN": 0.090185833033238,
      "median_abs_epsilon_precision_YEAST": 0.12044332149825701,
      "mean_log2_empirical_ECOLI": -1.824542127853834,
      "mean_log2_empirical_HUMAN": -0.043090311054885005,
      "mean_log2_empirical_YEAST": 0.8059490167044611,
      "mean_abs_epsilon_precision_global": 0.141557073679089,
      "mean_abs_epsilon_precision_eq_species": 0.17181949506642502,
      "mean_abs_epsilon_precision_ECOLI": 0.21423250617774503,
      "mean_abs_epsilon_precision_HUMAN": 0.13377846628876602,
      "mean_abs_epsilon_precision_YEAST": 0.167447512732766,
      "CV_median": 0.071834014677729,
      "CV_q75": 0.12594409431932801,
      "CV_q90": 0.198121691929899,
      "CV_q95": 0.258252166777652,
      "variance_epsilon_global": 0.04839850659841401,
      "nr_prec": 68877,
      "roc_auc": 0.985516051214611
    },
    "4": {
      "median_abs_epsilon_global": 0.11201791506633,
      "median_abs_epsilon_eq_species": 0.16339682259680902,
      "median_abs_epsilon_ECOLI": 0.194964102128551,
      "median_abs_epsilon_HUMAN": 0.097863884908526,
      "median_abs_epsilon_YEAST": 0.19736248075335003,
      "mean_abs_epsilon_global": 0.16914016585920602,
      "mean_abs_epsilon_eq_species": 0.230909040841124,
      "mean_abs_epsilon_ECOLI": 0.29112733943005403,
      "mean_abs_epsilon_HUMAN": 0.147236969551921,
      "mean_abs_epsilon_YEAST": 0.254362813541395,
      "median_log2_empirical_ECOLI": -1.848514268148456,
      "median_log2_empirical_HUMAN": -0.03060731264047,
      "median_log2_empirical_YEAST": 0.8202344463906641,
      "median_abs_epsilon_precision_global": 0.103262962074206,
      "median_abs_epsilon_precision_eq_species": 0.132011180433068,
      "median_abs_epsilon_precision_ECOLI": 0.16657348319797502,
      "median_abs_epsilon_precision_HUMAN": 0.09623133891493,
      "median_abs_epsilon_precision_YEAST": 0.133228719186299,
      "mean_log2_empirical_ECOLI": -1.78275519334909,
      "mean_log2_empirical_HUMAN": -0.043957711586544004,
      "mean_log2_empirical_YEAST": 0.789296219780223,
      "mean_abs_epsilon_precision_global": 0.15602585676907701,
      "mean_abs_epsilon_precision_eq_species": 0.19655497360259602,
      "mean_abs_epsilon_precision_ECOLI": 0.256355174089535,
      "mean_abs_epsilon_precision_HUMAN": 0.14486813568169102,
      "mean_abs_epsilon_precision_YEAST": 0.188441611036561,
      "CV_median": 0.074460217048225,
      "CV_q75": 0.131227355941266,
      "CV_q90": 0.20819040342104803,
      "CV_q95": 0.27188512738485904,
      "variance_epsilon_global": 0.060369586309348,
      "nr_prec": 78029,
      "roc_auc": 0.9783240214965211
    },
    "3": {
      "median_abs_epsilon_global": 0.118099755605125,
      "median_abs_epsilon_eq_species": 0.168786535153672,
      "median_abs_epsilon_ECOLI": 0.19766813182450702,
      "median_abs_epsilon_HUMAN": 0.10331933601603101,
      "median_abs_epsilon_YEAST": 0.205372137620479,
      "mean_abs_epsilon_global": 0.18088313624756602,
      "mean_abs_epsilon_eq_species": 0.24423330983881503,
      "mean_abs_epsilon_ECOLI": 0.30248737475651605,
      "mean_abs_epsilon_HUMAN": 0.15847721194629602,
      "mean_abs_epsilon_YEAST": 0.27173534281363304,
      "median_log2_empirical_ECOLI": -1.844729384890222,
      "median_log2_empirical_HUMAN": -0.030919738738592002,
      "median_log2_empirical_YEAST": 0.8139120666469171,
      "median_abs_epsilon_precision_global": 0.109098689220191,
      "median_abs_epsilon_precision_eq_species": 0.137320778607358,
      "median_abs_epsilon_precision_ECOLI": 0.169794574492964,
      "median_abs_epsilon_precision_HUMAN": 0.10176599315715101,
      "median_abs_epsilon_precision_YEAST": 0.14040176817196,
      "mean_log2_empirical_ECOLI": -1.770480366922266,
      "mean_log2_empirical_HUMAN": -0.043447354173512004,
      "mean_log2_empirical_YEAST": 0.7737877201896961,
      "mean_abs_epsilon_precision_global": 0.16764433161150102,
      "mean_abs_epsilon_precision_eq_species": 0.20941224882943701,
      "mean_abs_epsilon_precision_ECOLI": 0.267962776865732,
      "mean_abs_epsilon_precision_HUMAN": 0.15609852262349502,
      "mean_abs_epsilon_precision_YEAST": 0.20417544699908202,
      "CV_median": 0.07644123364471901,
      "CV_q75": 0.13542960671495202,
      "CV_q90": 0.21501627242769003,
      "CV_q95": 0.280727520348557,
      "variance_epsilon_global": 0.071012714153061,
      "nr_prec": 88924,
      "roc_auc": 0.969768835881448
    },
    "2": {
      "median_abs_epsilon_global": 0.12277640822682301,
      "median_abs_epsilon_eq_species": 0.17262470456818302,