{
  "id": "FragPipe (DIA-NN quant)_20260428_152839",
  "software_name": "FragPipe (DIA-NN quant)",
  "software_version": "24.0",
  "search_engine": "MSFragger",
  "search_engine_version": "4.4",
  "ident_fdr_psm": 0.01,
  "ident_fdr_peptide": NaN,
  "ident_fdr_protein": 0.01,
  "enable_match_between_runs": false,
  "precursor_mass_tolerance": "[-20 ppm, 20 ppm]",
  "fragment_mass_tolerance": "[-20 ppm, 20 ppm]",
  "enzyme": "Trypsin/P",
  "allowed_miscleavages": 2,
  "min_peptide_length": 7,
  "max_peptide_length": 30,
  "is_temporary": false,
  "intermediate_hash": "d1bb56a4e17aa7b641ce1f6075445c3cb5d839c0",
  "results": {
    "6": {
      "median_abs_epsilon_global": 0.11265214542575386,
      "median_abs_epsilon_eq_species": 0.19702729514330977,
      "median_abs_epsilon_ECOLI": 0.28925639144914594,
      "median_abs_epsilon_HUMAN": 0.09351415912750394,
      "median_abs_epsilon_YEAST": 0.20831133485327946,
      "mean_abs_epsilon_global": 0.1718621546377297,
      "mean_abs_epsilon_eq_species": 0.26400559041784377,
      "mean_abs_epsilon_ECOLI": 0.39422931595386396,
      "mean_abs_epsilon_HUMAN": 0.14013555740353467,
      "mean_abs_epsilon_YEAST": 0.25765189789613263,
      "median_log2_empirical_ECOLI": -1.7199865596001196,
      "median_log2_empirical_HUMAN": -0.007886352181597722,
      "median_log2_empirical_YEAST": 0.8062649469383185,
      "median_abs_epsilon_precision_global": 0.10118942326374025,
      "median_abs_epsilon_precision_eq_species": 0.12915148225237752,
      "median_abs_epsilon_precision_ECOLI": 0.1679350998916762,
      "median_abs_epsilon_precision_HUMAN": 0.09358624118416525,
      "median_abs_epsilon_precision_YEAST": 0.12593310568129112,
      "mean_log2_empirical_ECOLI": -1.635711632764611,
      "mean_log2_empirical_HUMAN": -0.018428579290586746,
      "mean_log2_empirical_YEAST": 0.7803185269968518,
      "mean_abs_epsilon_precision_global": 0.15360354258075606,
      "mean_abs_epsilon_precision_eq_species": 0.19818245925216896,
      "mean_abs_epsilon_precision_ECOLI": 0.27476876307272396,
      "mean_abs_epsilon_precision_HUMAN": 0.14028451644413997,
      "mean_abs_epsilon_precision_YEAST": 0.179494098239643,
      "CV_median": 0.08201216744961629,
      "CV_q75": 0.14267889094365666,
      "CV_q90": 0.22670150796065855,
      "CV_q95": 0.2925644183933035,
      "variance_epsilon_global": 0.06618863567984765,
      "nr_feature": 71429,
      "roc_auc": 0.981005864651996
    },
    "5": {
      "median_abs_epsilon_global": 0.11730881420285577,
      "median_abs_epsilon_eq_species": 0.21066147409456537,
      "median_abs_epsilon_ECOLI": 0.3213057339006813,
      "median_abs_epsilon_HUMAN": 0.0961824925958954,
      "median_abs_epsilon_YEAST": 0.21449619578711943,
      "mean_abs_epsilon_global": 0.18276407719978066,
      "mean_abs_epsilon_eq_species": 0.28542567289445403,
      "mean_abs_epsilon_ECOLI": 0.4422944409801169,
      "mean_abs_epsilon_HUMAN": 0.1452724704090397,
      "mean_abs_epsilon_YEAST": 0.2687101072942055,
      "median_log2_empirical_ECOLI": -1.6884236324219,
      "median_log2_empirical_HUMAN": -0.007869671389681088,
      "median_log2_empirical_YEAST": 0.8011831623302763,
      "median_abs_epsilon_precision_global": 0.10543924752159128,
      "median_abs_epsilon_precision_eq_species": 0.14022721203260335,
      "median_abs_epsilon_precision_ECOLI": 0.1929588184543629,
      "median_abs_epsilon_precision_HUMAN": 0.09619721589453789,
      "median_abs_epsilon_precision_YEAST": 0.13152560174890926,
      "mean_log2_empirical_ECOLI": -1.587495150063669,
      "mean_log2_empirical_HUMAN": -0.018152956823326773,
      "mean_log2_empirical_YEAST": 0.7727480649826455,
      "mean_abs_epsilon_precision_global": 0.16249595928997568,
      "mean_abs_epsilon_precision_eq_species": 0.21530358663444712,
      "mean_abs_epsilon_precision_ECOLI": 0.31064537888666577,
      "mean_abs_epsilon_precision_HUMAN": 0.1454050237445222,
      "mean_abs_epsilon_precision_YEAST": 0.18986035727215336,
      "CV_median": 0.08421034336043873,
      "CV_q75": 0.14759481524180187,
      "CV_q90": 0.2365835326511985,
      "CV_q95": 0.3069820318355486,
      "variance_epsilon_global": 0.0769902772206255,
      "nr_feature": 75505,
      "roc_auc": 0.9769411380301679
    },
    "4": {
      "median_abs_epsilon_global": 0.11984012398030153,
      "median_abs_epsilon_eq_species": 0.22043327893098694,
      "median_abs_epsilon_ECOLI": 0.34469993505460295,
      "median_abs_epsilon_HUMAN": 0.09718158295993806,
      "median_abs_epsilon_YEAST": 0.21941831877841977,
      "mean_abs_epsilon_global": 0.18975497726751334,
      "mean_abs_epsilon_eq_species": 0.30007089597231057,
      "mean_abs_epsilon_ECOLI": 0.4748398283445316,
      "mean_abs_epsilon_HUMAN": 0.14800753106242426,
      "mean_abs_epsilon_YEAST": 0.2773653285099758,
      "median_log2_empirical_ECOLI": -1.6667067635720176,
      "median_log2_empirical_HUMAN": -0.007839567930692404,
      "median_log2_empirical_YEAST": 0.7972391008234716,
      "median_abs_epsilon_precision_global": 0.10748998851735436,
      "median_abs_epsilon_precision_eq_species": 0.14849186961838315,
      "median_abs_epsilon_precision_ECOLI": 0.21321373409760103,
      "median_abs_epsilon_precision_HUMAN": 0.097112676589167,
      "median_abs_epsilon_precision_YEAST": 0.13514919816838145,
      "mean_log2_empirical_ECOLI": -1.556982444762058,
      "mean_log2_empirical_HUMAN": -0.018058667320305453,
      "mean_log2_empirical_YEAST": 0.7673919179868964,
      "mean_abs_epsilon_precision_global": 0.16826190212887432,
      "mean_abs_epsilon_precision_eq_species": 0.22738546381990477,
      "mean_abs_epsilon_precision_ECOLI": 0.3362384207173968,
      "mean_abs_epsilon_precision_HUMAN": 0.14813696702465157,
      "mean_abs_epsilon_precision_YEAST": 0.19778100371766597,
      "CV_median": 0.08489840694394761,
      "CV_q75": 0.14922027315914263,
      "CV_q90": 0.2393800673902412,
      "CV_q95": 0.311352991709538,
      "variance_epsilon_global": 0.08499368774366663,
      "nr_feature": 77252,
      "roc_auc": 0.9737160803242495
    },
    "3": {
      "median_abs_epsilon_global": 0.12074710979052217,
      "median_abs_epsilon_eq_species": 0.22239155337930536,
      "median_abs_epsilon_ECOLI": 0.34824705649290877,
      "median_abs_epsilon_HUMAN": 0.0978202312568639,
      "median_abs_epsilon_YEAST": 0.22110737238814338,
      "mean_abs_epsilon_global": 0.19207655691451478,
      "mean_abs_epsilon_eq_species": 0.3036952350319011,
      "mean_abs_epsilon_ECOLI": 0.4809283277883636,
      "mean_abs_epsilon_HUMAN": 0.14974618074526136,
      "mean_abs_epsilon_YEAST": 0.28041119656207836,
      "median_log2_empirical_ECOLI": -1.6644330517286177,
      "median_log2_empirical_HUMAN": -0.007795835255135053,
      "median_log2_empirical_YEAST": 0.7963409334254372,
      "median_abs_epsilon_precision_global": 0.1083044690430981,
      "median_abs_epsilon_precision_eq_species": 0.15003655335017463,
      "median_abs_epsilon_precision_ECOLI": 0.21589074227770322,
      "median_abs_epsilon_precision_HUMAN": 0.09782072011791065,
      "median_abs_epsilon_precision_YEAST": 0.13639819765491001,
      "mean_log2_empirical_ECOLI": -1.5513974348054052,
      "mean_log2_empirical_HUMAN": -0.017907870376031174,
      "mean_log2_empirical_YEAST": 0.7651458502262377,
      "mean_abs_epsilon_precision_global": 0.17047791981942884,
      "mean_abs_epsilon_precision_eq_species": 0.23081233896526768,
      "mean_abs_epsilon_precision_ECOLI": 0.34190537170127266,
      "mean_abs_epsilon_precision_HUMAN": 0.14987303449645759,
      "mean_abs_epsilon_precision_YEAST": 0.20065861069807278,
      "CV_median": 0.0851003236595973,
      "CV_q75": 0.14977537703216576,
      "CV_q90": 0.24051597727736557,
      "CV_q95": 0.3124507199120665,
      "variance_epsilon_global": 0.0876212771378727,
      "nr_feature": 78261,
      "roc_auc": 0.9721009504773481
    },
    "2": {
      "median_abs_epsilon_global": 0.12113815189886878,