{
  "old_new": "new",
  "id": "DIA-NN_20250220_084331",
  "software_name": "DIA-NN",
  "software_version": "1.9.2",
  "search_engine": "DIA-NN",
  "search_engine_version": "1.9.2",
  "ident_fdr_psm": "0.01",
  "ident_fdr_peptide": NaN,
  "ident_fdr_protein": "0.01",
  "enable_match_between_runs": true,
  "precursor_mass_tolerance": "[-11.5251 ppm, 11.5251 ppm]",
  "fragment_mass_tolerance": "[-11.5251 ppm, 11.5251 ppm]",
  "enzyme": "Trypsin/P",
  "allowed_miscleavages": "1",
  "min_peptide_length": "6",
  "max_peptide_length": "30",
  "is_temporary": false,
  "intermediate_hash": "d3b81753cf38033b89b78c06612007e059c7dc5b",
  "results": {
    "6": {
      "median_abs_epsilon": 0.12200570063597738,
      "mean_abs_epsilon": 0.17929761396018645,
      "variance_epsilon": 0.06884193620539829,
      "nr_prec": 83402,
      "CV_median": 0.0930895402411292,
      "CV_q90": 0.25398188896048335,
      "CV_q75": 0.16290153331070142,
      "CV_q95": 0.3268603720458351
    },
    "5": {
      "median_abs_epsilon": 0.1311111500703781,
      "mean_abs_epsilon": 0.1974279428124436,
      "variance_epsilon": 0.08671105457770244,
      "nr_prec": 94845,
      "CV_median": 0.097931995813487,
      "CV_q90": 0.27304465265793076,
      "CV_q75": 0.1733245743977685,
      "CV_q95": 0.354131984506025
    },
    "4": {
      "median_abs_epsilon": 0.13834697608474755,
      "mean_abs_epsilon": 0.21369871102398602,
      "variance_epsilon": 0.10662598943006442,
      "nr_prec": 101555,
      "CV_median": 0.09972976962328546,
      "CV_q90": 0.2805499959032646,
      "CV_q75": 0.17728393903137318,
      "CV_q95": 0.3654536294403059
    },
    "3": {
      "median_abs_epsilon": 0.14135770922584623,
      "mean_abs_epsilon": 0.22101482930545788,
      "variance_epsilon": 0.11690564135069333,
      "nr_prec": 106074,
      "CV_median": 0.10070341117290113,
      "CV_q90": 0.28422945916750514,
      "CV_q75": 0.1791768968782283,
      "CV_q95": 0.3705351759378339
    },
    "2": {
      "median_abs_epsilon": 0.14236258380558198,
      "mean_abs_epsilon": 0.2243768980630021,
      "variance_epsilon": 0.12292072673496884,
      "nr_prec": 108265,
      "CV_median": 0.10090819871320483,
      "CV_q90": 0.2856001558889699,
      "CV_q75": 0.17965302813497325,
      "CV_q95": 0.3725690056013549
    },
    "1": {
      "median_abs_epsilon": 0.14236258380558198,
      "mean_abs_epsilon": 0.2243768980630021,
      "variance_epsilon": 0.12292072673496886,
      "nr_prec": 109403,
      "CV_median": 0.10090819871320483,
      "CV_q90": 0.2856001558889699,
      "CV_q75": 0.17965302813497325,
      "CV_q95": 0.3725690056013549
    }
  },
  "median_abs_epsilon": 0.14135770922584623,
  "mean_abs_epsilon": 0.22101482930545788,
  "nr_prec": 106074,
  "comments": "",
  "proteobench_version": "0.6.0",
  "color": "#8c564b",
  "hover_text": "ProteoBench ID: DIA-NN_20250220_084331<br>Software tool: DIA-NN <br>Comment (private submission): ",
  "scatter_size": 20,
  "fixed_mods": "unimod4",
  "variable_mods": "UniMod:35/15.994915/M,UniMod:1/42.010565/*n",
  "max_mods": "1",
  "min_precursor_charge": "1",
  "max_precursor_charge": "4",
  "quantification_method": "QuantUMS high-precision",
  "protein_inference": "Genes",
  "abundance_normalization_ions": null,
  "submission_comments": "\n\n ### Parameter changes Detected:\n- **ident_fdr_peptide**: `0.01` \u2192 `nan`\n- **ident_fdr_psm**: `None` \u2192 `0.01`\n\nDataset URL: https://proteobench.cubimed.rub.de/datasets/d3b81753cf38033b89b78c06612007e059c7dc5b/"
}