{
  "old_new": "new",
  "id": "DIA-NN_20260428_151505",
  "software_name": "DIA-NN",
  "software_version": "1.9.1",
  "search_engine": "DIA-NN",
  "search_engine_version": "1.9.1",
  "ident_fdr_psm": "0.01",
  "ident_fdr_peptide": NaN,
  "ident_fdr_protein": NaN,
  "enable_match_between_runs": false,
  "precursor_mass_tolerance": "[-20.0 ppm, 20.0 ppm]",
  "fragment_mass_tolerance": "[-20.0 ppm, 20.0 ppm]",
  "enzyme": "Trypsin/P",
  "allowed_miscleavages": "2",
  "min_peptide_length": "7",
  "max_peptide_length": "30",
  "is_temporary": false,
  "intermediate_hash": "df2e8424d9b9283b57f67f8f7377f56611c1da9d",
  "results": {
    "6": {
      "median_abs_epsilon_global": 0.0968079020860424,
      "median_abs_epsilon_eq_species": 0.1438364776461493,
      "median_abs_epsilon_ECOLI": 0.18054503984166992,
      "median_abs_epsilon_HUMAN": 0.08746093875605077,
      "median_abs_epsilon_YEAST": 0.16350345434072722,
      "mean_abs_epsilon_global": 0.14090601087843413,
      "mean_abs_epsilon_eq_species": 0.19530576772728478,
      "mean_abs_epsilon_ECOLI": 0.2500881861936409,
      "mean_abs_epsilon_HUMAN": 0.12483422311231314,
      "mean_abs_epsilon_YEAST": 0.21099489387590029,
      "median_log2_empirical_ECOLI": -1.8399717491922196,
      "median_log2_empirical_HUMAN": -0.010564423826733282,
      "median_log2_empirical_YEAST": 0.8477863231269822,
      "median_abs_epsilon_precision_global": 0.09161668417446123,
      "median_abs_epsilon_precision_eq_species": 0.10806378891310835,
      "median_abs_epsilon_precision_ECOLI": 0.1269671166973687,
      "median_abs_epsilon_precision_HUMAN": 0.0875863287498655,
      "median_abs_epsilon_precision_YEAST": 0.10963792129209082,
      "mean_log2_empirical_ECOLI": -1.7927174738153722,
      "mean_log2_empirical_HUMAN": -0.023397291702364226,
      "mean_log2_empirical_YEAST": 0.8202272401604006,
      "mean_abs_epsilon_precision_global": 0.13196783497108075,
      "mean_abs_epsilon_precision_eq_species": 0.16037790281870976,
      "mean_abs_epsilon_precision_ECOLI": 0.19894034098703878,
      "mean_abs_epsilon_precision_HUMAN": 0.1250030453441248,
      "mean_abs_epsilon_precision_YEAST": 0.15719032212496564,
      "CV_median": 0.07596265506491653,
      "CV_q75": 0.12570782030616032,
      "CV_q90": 0.1922313917174127,
      "CV_q95": 0.2454570973852536,
      "variance_epsilon_global": 0.042663637013422746,
      "nr_prec": 56478,
      "roc_auc": 0.9889122596446951
    },
    "5": {
      "median_abs_epsilon_global": 0.10491349972791753,
      "median_abs_epsilon_eq_species": 0.15888755540401286,
      "median_abs_epsilon_ECOLI": 0.2048471359893238,
      "median_abs_epsilon_HUMAN": 0.09377150757786268,
      "median_abs_epsilon_YEAST": 0.17804402264485208,
      "mean_abs_epsilon_global": 0.1555163335400202,
      "mean_abs_epsilon_eq_species": 0.22295141454807507,
      "mean_abs_epsilon_ECOLI": 0.3017927820885321,
      "mean_abs_epsilon_HUMAN": 0.135457122519039,
      "mean_abs_epsilon_YEAST": 0.23160433903665414,
      "median_log2_empirical_ECOLI": -1.8136350527104845,
      "median_log2_empirical_HUMAN": -0.010964406173558316,
      "median_log2_empirical_YEAST": 0.83408494202458,
      "median_abs_epsilon_precision_global": 0.09946580327330334,
      "median_abs_epsilon_precision_eq_species": 0.12046139467952048,
      "median_abs_epsilon_precision_ECOLI": 0.14656041392348662,
      "median_abs_epsilon_precision_HUMAN": 0.09420787322822655,
      "median_abs_epsilon_precision_YEAST": 0.12061589688684826,
      "mean_log2_empirical_ECOLI": -1.7394143959840906,
      "mean_log2_empirical_HUMAN": -0.023601895633713777,
      "mean_log2_empirical_YEAST": 0.8009576639680202,
      "mean_abs_epsilon_precision_global": 0.1450636666422049,
      "mean_abs_epsilon_precision_eq_species": 0.18442470017493387,
      "mean_abs_epsilon_precision_ECOLI": 0.24500198398682368,
      "mean_abs_epsilon_precision_HUMAN": 0.13556348054034356,
      "mean_abs_epsilon_precision_YEAST": 0.17270863599763442,
      "CV_median": 0.07937111863548191,
      "CV_q75": 0.13301071879559595,
      "CV_q90": 0.20474705474755497,
      "CV_q95": 0.2622979656091635,
      "variance_epsilon_global": 0.054210188970146116,
      "nr_prec": 67588,
      "roc_auc": 0.9833802321938052
    },
    "4": {
      "median_abs_epsilon_global": 0.11413405473889071,
      "median_abs_epsilon_eq_species": 0.1802656360603727,
      "median_abs_epsilon_ECOLI": 0.24261458042802175,
      "median_abs_epsilon_HUMAN": 0.09960254044840511,
      "median_abs_epsilon_YEAST": 0.19857978730469128,
      "mean_abs_epsilon_global": 0.17550477604597184,
      "mean_abs_epsilon_eq_species": 0.2636129556238786,
      "mean_abs_epsilon_ECOLI": 0.37655798192696427,
      "mean_abs_epsilon_HUMAN": 0.14761833151751474,
      "mean_abs_epsilon_YEAST": 0.2666625534271567,
      "median_log2_empirical_ECOLI": -1.7766845431976126,
      "median_log2_empirical_HUMAN": -0.011082757683695377,
      "median_log2_empirical_YEAST": 0.8159604441233101,
      "median_abs_epsilon_precision_global": 0.10779852374153887,
      "median_abs_epsilon_precision_eq_species": 0.13950498540355719,
      "median_abs_epsilon_precision_ECOLI": 0.1798951017401187,
      "median_abs_epsilon_precision_HUMAN": 0.10032625875355805,
      "median_abs_epsilon_precision_YEAST": 0.13829359571699484,
      "mean_log2_empirical_ECOLI": -1.6658163708355924,
      "mean_log2_empirical_HUMAN": -0.023342677429147817,
      "mean_log2_empirical_YEAST": 0.7706132271197829,
      "mean_abs_epsilon_precision_global": 0.16317870497961076,
      "mean_abs_epsilon_precision_eq_species": 0.22089532766338768,
      "mean_abs_epsilon_precision_ECOLI": 0.31211938657878424,
      "mean_abs_epsilon_precision_HUMAN": 0.14768312814208703,
      "mean_abs_epsilon_precision_YEAST": 0.20288346826929166,
      "CV_median": 0.08135461097549301,
      "CV_q75": 0.13746863093037015,
      "CV_q90": 0.21337697472792344,
      "CV_q95": 0.27475463228858843,
      "variance_epsilon_global": 0.0747769430595043,
      "nr_prec": 77598,
      "roc_auc": 0.9719361247626831
    },
    "3": {
      "median_abs_epsilon_global": 0.12167688908072449,
      "median_abs_epsilon_eq_species": 0.19442683655497492,
      "median_abs_epsilon_ECOLI": 0.2615488991524124,
      "median_abs_epsilon_HUMAN": 0.10635119865310827,
      "median_abs_epsilon_YEAST": 0.21538041185940404,
      "mean_abs_epsilon_global": 0.2000276306438787,
      "mean_abs_epsilon_eq_species": 0.31542926421073236,
      "mean_abs_epsilon_ECOLI": 0.47543623014384767,
      "mean_abs_epsilon_HUMAN": 0.1660664798720595,
      "mean_abs_epsilon_YEAST": 0.30478508261628995,
      "median_log2_empirical_ECOLI": -1.7547741090979905,
      "median_log2_empirical_HUMAN": -0.011081893652439945,
      "median_log2_empirical_YEAST": 0.7997229013448743,
      "median_abs_epsilon_precision_global": 0.11571688451035422,
      "median_abs_epsilon_precision_eq_species": 0.15341752646430043,
      "median_abs_epsilon_precision_ECOLI": 0.20032856934761245,
      "median_abs_epsilon_precision_HUMAN": 0.10674966979231826,
      "median_abs_epsilon_precision_YEAST": 0.1531743402529706,
      "mean_log2_empirical_ECOLI": -1.5650075889597066,
      "mean_log2_empirical_HUMAN": -0.022824473350751554,
      "mean_log2_empirical_YEAST": 0.7359872196124505,
      "mean_abs_epsilon_precision_global": 0.18789928217575796,
      "mean_abs_epsilon_precision_eq_species": 0.2763303238128351,
      "mean_abs_epsilon_precision_ECOLI": 0.4251591694801635,
      "mean_abs_epsilon_precision_HUMAN": 0.1660951998742579,
      "mean_abs_epsilon_precision_YEAST": 0.23773660208408387,
      "CV_median": 0.08301418022879412,
      "CV_q75": 0.1411138444666204,
      "CV_q90": 0.22056589776626784,
      "CV_q95": 0.28620735702248773,
      "variance_epsilon_global": 0.11536100025196858,
      "nr_prec": 90907,
      "roc_auc": 0.9545976994752187
    },
    "2": {
      "median_abs_epsilon_global": 0.13411690044546365,