{
  "old_new": "new",
  "id": "DIA-NN_20250430_084917",
  "software_name": "DIA-NN",
  "software_version": "1.9.2",
  "search_engine": "DIA-NN",
  "search_engine_version": "1.9.2",
  "ident_fdr_psm": "0.01",
  "ident_fdr_peptide": NaN,
  "ident_fdr_protein": NaN,
  "enable_match_between_runs": true,
  "precursor_mass_tolerance": "[-13.7148 ppm, 13.7148 ppm]",
  "fragment_mass_tolerance": "[-11.5889 ppm, 11.5889 ppm]",
  "enzyme": "Trypsin/P",
  "allowed_miscleavages": "1",
  "min_peptide_length": "6",
  "max_peptide_length": "30",
  "is_temporary": false,
  "intermediate_hash": "ebbe5bcba962ae527ab57fd36fdb0ad28584a044",
  "results": {
    "6": {
      "median_abs_epsilon": 0.11807341413101824,
      "mean_abs_epsilon": 0.1734593098099068,
      "variance_epsilon": 0.06582606062386323,
      "nr_prec": 79653,
      "CV_median": 0.08954589469187915,
      "CV_q90": 0.244446780078837,
      "CV_q75": 0.15623061652141945,
      "CV_q95": 0.3152522670922414
    },
    "5": {
      "median_abs_epsilon": 0.12723392420909363,
      "mean_abs_epsilon": 0.19045057392481007,
      "variance_epsilon": 0.08138176907260929,
      "nr_prec": 90953,
      "CV_median": 0.0943600128428076,
      "CV_q90": 0.2626902592227377,
      "CV_q75": 0.1660220270766487,
      "CV_q95": 0.3404850870406295
    },
    "4": {
      "median_abs_epsilon": 0.13419830321360315,
      "mean_abs_epsilon": 0.2070025757680501,
      "variance_epsilon": 0.10076147660013737,
      "nr_prec": 97628,
      "CV_median": 0.0962491865728416,
      "CV_q90": 0.2705352303957844,
      "CV_q75": 0.17019833047576693,
      "CV_q95": 0.35117692900748054
    },
    "3": {
      "median_abs_epsilon": 0.13691947944963445,
      "mean_abs_epsilon": 0.2138163370438745,
      "variance_epsilon": 0.10974153129291288,
      "nr_prec": 102205,
      "CV_median": 0.09718183601345289,
      "CV_q90": 0.27445930171655797,
      "CV_q75": 0.17227323198612088,
      "CV_q95": 0.3565316465414956
    },
    "2": {
      "median_abs_epsilon": 0.13781695323348941,
      "mean_abs_epsilon": 0.21685084248651743,
      "variance_epsilon": 0.11503110656579786,
      "nr_prec": 104468,
      "CV_median": 0.09739494536146384,
      "CV_q90": 0.2757621506299317,
      "CV_q75": 0.17280904989316934,
      "CV_q95": 0.35830588881984504
    },
    "1": {
      "median_abs_epsilon": 0.13781695323348941,
      "mean_abs_epsilon": 0.21685084248651743,
      "variance_epsilon": 0.11503110656579783,
      "nr_prec": 105667,
      "CV_median": 0.09739494536146384,
      "CV_q90": 0.2757621506299317,
      "CV_q75": 0.17280904989316934,
      "CV_q95": 0.35830588881984504
    }
  },
  "median_abs_epsilon": 0.13691947944963445,
  "mean_abs_epsilon": 0.2138163370438745,
  "nr_prec": 102205,
  "comments": "",
  "proteobench_version": "0.8.6",
  "color": "#8c564b",
  "hover_text": "ProteoBench ID: DIA-NN_20250430_084917<br>Software tool: DIA-NN <br>Comment (private submission): ...",
  "scatter_size": 20,
  "fixed_mods": "unimod4",
  "variable_mods": "UniMod:35/15.994915/M,UniMod:1/42.010565/*n",
  "max_mods": "1",
  "min_precursor_charge": "1",
  "max_precursor_charge": "4",
  "quantification_method": "QuantUMS high-precision",
  "protein_inference": "Genes",
  "abundance_normalization_ions": null,
  "submission_comments": "Conservative NN classifier\n\n ### Parameter changes Detected:\n- **ident_fdr_protein**: `None` \u2192 `nan`\n- **ident_fdr_peptide**: `None` \u2192 `nan`\n\nDataset URL: https://proteobench.cubimed.rub.de/datasets/ebbe5bcba962ae527ab57fd36fdb0ad28584a044/"
}