{
  "old_new": "new",
  "id": "DIA-NN_20250609_141414",
  "software_name": "DIA-NN",
  "software_version": "1.9.2",
  "search_engine": "DIA-NN",
  "search_engine_version": "1.9.2",
  "ident_fdr_psm": "0.01",
  "ident_fdr_peptide": NaN,
  "ident_fdr_protein": NaN,
  "enable_match_between_runs": true,
  "precursor_mass_tolerance": "[-13.8504 ppm, 13.8504 ppm]",
  "fragment_mass_tolerance": "[-11.5251 ppm, 11.5251 ppm]",
  "enzyme": "Trypsin/P",
  "allowed_miscleavages": "1",
  "min_peptide_length": "6",
  "max_peptide_length": "30",
  "is_temporary": false,
  "intermediate_hash": "ed303b048f54e91287b7690b865f7cd9cbb2c2ab",
  "results": {
    "6": {
      "median_abs_epsilon": 0.12246738521097011,
      "mean_abs_epsilon": 0.1809677101233624,
      "variance_epsilon": 0.07063432329772708,
      "nr_prec": 83662,
      "CV_median": 0.09502417274815195,
      "CV_q90": 0.26032866073855543,
      "CV_q75": 0.16616544037838638,
      "CV_q95": 0.33462762705981436
    },
    "5": {
      "median_abs_epsilon": 0.1317152999975555,
      "mean_abs_epsilon": 0.1986485001575757,
      "variance_epsilon": 0.08756820379618092,
      "nr_prec": 94924,
      "CV_median": 0.10014347932581034,
      "CV_q90": 0.2785285633913547,
      "CV_q75": 0.17645933523353885,
      "CV_q95": 0.36070054489622
    },
    "4": {
      "median_abs_epsilon": 0.13818755186668596,
      "mean_abs_epsilon": 0.2148230743447926,
      "variance_epsilon": 0.10799991821551763,
      "nr_prec": 101345,
      "CV_median": 0.10206947516593412,
      "CV_q90": 0.28604845186939915,
      "CV_q75": 0.18042199302390158,
      "CV_q95": 0.37105976577077304
    },
    "3": {
      "median_abs_epsilon": 0.1407465106214154,
      "mean_abs_epsilon": 0.22130508023373413,
      "variance_epsilon": 0.11672217698993792,
      "nr_prec": 105535,
      "CV_median": 0.10288505202130743,
      "CV_q90": 0.28966393367680765,
      "CV_q75": 0.18220935902848406,
      "CV_q95": 0.37596198890194465
    },
    "2": {
      "median_abs_epsilon": 0.14161669807010835,
      "mean_abs_epsilon": 0.22443775220593984,
      "variance_epsilon": 0.12211293815349153,
      "nr_prec": 107638,
      "CV_median": 0.10307852822781448,
      "CV_q90": 0.29082822635214944,
      "CV_q75": 0.18269808449691577,
      "CV_q95": 0.3775753012194776
    },
    "1": {
      "median_abs_epsilon": 0.14161669807010835,
      "mean_abs_epsilon": 0.22443775220593987,
      "variance_epsilon": 0.12211293815349152,
      "nr_prec": 108686,
      "CV_median": 0.10307852822781448,
      "CV_q90": 0.29082822635214944,
      "CV_q75": 0.18269808449691577,
      "CV_q95": 0.3775753012194776
    }
  },
  "median_abs_epsilon": 0.1407465106214154,
  "mean_abs_epsilon": 0.22130508023373413,
  "nr_prec": 105535,
  "comments": "",
  "proteobench_version": "0.8.22",
  "color": "#8c564b",
  "hover_text": "ProteoBench ID: DIA-NN_20250609_141414<br>Software tool: DIA-NN <br>Comment (private submission): ...",
  "scatter_size": 20,
  "fixed_mods": "unimod4",
  "variable_mods": "UniMod:35/15.994915/M,UniMod:1/42.010565/*n",
  "max_mods": "1",
  "min_precursor_charge": "1",
  "max_precursor_charge": "4",
  "quantification_method": "QuantUMS high-accuracy",
  "protein_inference": "Genes",
  "abundance_normalization_ions": null,
  "submission_comments": "\n\n ### Parameter changes detected:\n- **ident_fdr_protein**: `None` \u2192 `nan`\n- **ident_fdr_peptide**: `None` \u2192 `nan`\n\nDataset URL: https://proteobench.cubimed.rub.de/datasets/ed303b048f54e91287b7690b865f7cd9cbb2c2ab/"
}