{
  "old_new": "new",
  "id": "DIA-NN_20251027_132217",
  "software_name": "DIA-NN",
  "software_version": "1.8",
  "search_engine": "DIA-NN",
  "search_engine_version": "1.8",
  "ident_fdr_psm": "0.01",
  "ident_fdr_peptide": NaN,
  "ident_fdr_protein": NaN,
  "enable_match_between_runs": true,
  "precursor_mass_tolerance": "[-14.3141 ppm, 14.3141 ppm]",
  "fragment_mass_tolerance": "[-12.1831 ppm, 12.1831 ppm]",
  "enzyme": "Trypsin/P",
  "allowed_miscleavages": "1",
  "min_peptide_length": "6",
  "max_peptide_length": "30",
  "is_temporary": false,
  "intermediate_hash": "ee003831abbf5a91e735b6426869566147febe7c",
  "results": {
    "6": {
      "median_abs_epsilon": 0.15533897059812318,
      "mean_abs_epsilon": 0.2352690004641411,
      "variance_epsilon": 0.1183080513444626,
      "nr_prec": 78581,
      "CV_median": 0.12128477665513175,
      "CV_q75": 0.23029531050982632,
      "CV_q90": 0.36492346815055277,
      "CV_q95": 0.46070047416147775
    },
    "5": {
      "median_abs_epsilon": 0.1691662489081054,
      "mean_abs_epsilon": 0.26030900305039095,
      "variance_epsilon": 0.151279474229519,
      "nr_prec": 88373,
      "CV_median": 0.12957334554972538,
      "CV_q75": 0.24527923271573304,
      "CV_q90": 0.38752961491940163,
      "CV_q95": 0.4897490108834096
    },
    "4": {
      "median_abs_epsilon": 0.17718341414084016,
      "mean_abs_epsilon": 0.27982525981553924,
      "variance_epsilon": 0.18786904643016542,
      "nr_prec": 96874,
      "CV_median": 0.1320650080803925,
      "CV_q75": 0.2496212657327417,
      "CV_q90": 0.39427218199652,
      "CV_q95": 0.4989679690739138
    },
    "3": {
      "median_abs_epsilon": 0.17992971114769318,
      "mean_abs_epsilon": 0.2877748767766144,
      "variance_epsilon": 0.21050963126565148,
      "nr_prec": 100289,
      "CV_median": 0.13323516344422204,
      "CV_q75": 0.2517749341695339,
      "CV_q90": 0.39744378635385463,
      "CV_q95": 0.5032416173167091
    },
    "2": {
      "median_abs_epsilon": 0.18062249858007995,
      "mean_abs_epsilon": 0.28984962504072964,
      "variance_epsilon": 0.21474781735875764,
      "nr_prec": 102222,
      "CV_median": 0.13334359245366728,
      "CV_q75": 0.252092782209856,
      "CV_q90": 0.3982026313285608,
      "CV_q95": 0.5046578585558231
    },
    "1": {
      "median_abs_epsilon": 0.18062249858007995,
      "mean_abs_epsilon": 0.28984962504072964,
      "variance_epsilon": 0.21474781735875764,
      "nr_prec": 102773,
      "CV_median": 0.13334359245366728,
      "CV_q75": 0.252092782209856,
      "CV_q90": 0.3982026313285608,
      "CV_q95": 0.5046578585558231
    }
  },
  "median_abs_epsilon": 0.17992971114769318,
  "mean_abs_epsilon": 0.2877748767766144,
  "nr_prec": 100289,
  "comments": "",
  "proteobench_version": "0.10.3",
  "color": "#d42f2f",
  "hover_text": "ProteoBench ID: DIA-NN_20251027_132217<br>Software tool: DIA-NN <br>Comment (private submission): ...",
  "scatter_size": 20,
  "fixed_mods": "unimod4",
  "variable_mods": "UniMod:35/15.994915/M,UniMod:1/42.010565/*n",
  "max_mods": "1",
  "min_precursor_charge": "1",
  "max_precursor_charge": "4",
  "quantification_method": "QuantUMS high-precision",
  "protein_inference": "Genes",
  "abundance_normalization_ions": null,
  "submission_comments": "Resubmission of 313d3b3a4ea82c554fc245e41e23f68aaa4c85b6 after changing quant column from Precursor.Quantity -> Precursor.Normalised\n\n ### Parameter changes detected:\n- **ident_fdr_protein**: `None` \u2192 `nan`\n- **ident_fdr_peptide**: `None` \u2192 `nan`\n\nDataset URL: https://proteobench.cubimed.rub.de/datasets/ee003831abbf5a91e735b6426869566147febe7c/",
  "min_precursor_mz": "400",
  "max_precursor_mz": "1000",
  "min_fragment_mz": "50",
  "max_fragment_mz": "2000",
  "predictors_library": "{'RT': 'DIANN', 'IM': 'DIANN', 'MS2_int': 'DIANN'}",
  "scan_window": "8"
}