{
  "old_new": "new",
  "id": "DIA-NN_20251027_132217",
  "software_name": "DIA-NN",
  "software_version": "1.8",
  "search_engine": "DIA-NN",
  "search_engine_version": "1.8",
  "ident_fdr_psm": 0.01,
  "ident_fdr_peptide": NaN,
  "ident_fdr_protein": NaN,
  "enable_match_between_runs": true,
  "precursor_mass_tolerance": "[-14.3141 ppm, 14.3141 ppm]",
  "fragment_mass_tolerance": "[-12.1831 ppm, 12.1831 ppm]",
  "enzyme": "Trypsin/P",
  "allowed_miscleavages": 1,
  "min_peptide_length": 6,
  "max_peptide_length": 30,
  "is_temporary": false,
  "intermediate_hash": "ee003831abbf5a91e735b6426869566147febe7c",
  "results": {
    "6": {
      "median_abs_epsilon_global": 0.15561543029978253,
      "median_abs_epsilon_eq_species": 0.20620125829017955,
      "median_abs_epsilon_ECOLI": 0.24420879731489542,
      "median_abs_epsilon_HUMAN": 0.13799247298341122,
      "median_abs_epsilon_YEAST": 0.236402504572232,
      "mean_abs_epsilon_global": 0.23550455084914584,
      "mean_abs_epsilon_eq_species": 0.3000219868200651,
      "mean_abs_epsilon_ECOLI": 0.37143849586458055,
      "mean_abs_epsilon_HUMAN": 0.21308931799607392,
      "mean_abs_epsilon_YEAST": 0.31553814659954077,
      "median_log2_empirical_ECOLI": -1.8444252521277615,
      "median_log2_empirical_HUMAN": -0.012152598517781499,
      "median_log2_empirical_YEAST": 0.8460101857119673,
      "median_abs_epsilon_precision_global": 0.1472902489404735,
      "median_abs_epsilon_precision_eq_species": 0.1797354716318805,
      "median_abs_epsilon_precision_ECOLI": 0.2081186930268526,
      "median_abs_epsilon_precision_HUMAN": 0.13736817702625181,
      "median_abs_epsilon_precision_YEAST": 0.19371954484253706,
      "mean_log2_empirical_ECOLI": -1.795557428539397,
      "mean_log2_empirical_HUMAN": -0.015319398835303175,
      "mean_log2_empirical_YEAST": 0.8505332810887697,
      "mean_abs_epsilon_precision_global": 0.22836208216553017,
      "mean_abs_epsilon_precision_eq_species": 0.27743929705385423,
      "mean_abs_epsilon_precision_ECOLI": 0.34015594029159923,
      "mean_abs_epsilon_precision_HUMAN": 0.21275635499813242,
      "mean_abs_epsilon_precision_YEAST": 0.279405595871831,
      "CV_median": 0.12161051673990857,
      "CV_q75": 0.23066702489662563,
      "CV_q90": 0.36523203214612454,
      "CV_q95": 0.46091613564758066,
      "roc_auc": 0.9461004865134359,
      "roc_auc_directional": 0.9724250916795345,
      "nr_prec": 78138,
      "nr_prec_HUMAN": 62831,
      "nr_prec_YEAST": 12028,
      "nr_prec_ECOLI": 3279,
      "variance_epsilon_global": 0.11846274522241554
    },
    "5": {
      "median_abs_epsilon_global": 0.16952732014617133,
      "median_abs_epsilon_eq_species": 0.2336532760167446,
      "median_abs_epsilon_ECOLI": 0.29516684831767925,
      "median_abs_epsilon_HUMAN": 0.1474175896356602,
      "median_abs_epsilon_YEAST": 0.25837539009689436,
      "mean_abs_epsilon_global": 0.26060166351473046,
      "mean_abs_epsilon_eq_species": 0.3439914151570676,
      "mean_abs_epsilon_ECOLI": 0.45495808677235344,
      "mean_abs_epsilon_HUMAN": 0.23014406299918216,
      "mean_abs_epsilon_YEAST": 0.34687209569966726,
      "median_log2_empirical_ECOLI": -1.7985774537658816,
      "median_log2_empirical_HUMAN": -0.012164981475217829,
      "median_log2_empirical_YEAST": 0.8312079371966163,
      "median_abs_epsilon_precision_global": 0.16029154911874244,
      "median_abs_epsilon_precision_eq_species": 0.21002324689956411,
      "median_abs_epsilon_precision_ECOLI": 0.26902825892107174,
      "median_abs_epsilon_precision_HUMAN": 0.14695364360580854,
      "median_abs_epsilon_precision_YEAST": 0.2140878381718121,
      "mean_log2_empirical_ECOLI": -1.7118528147218077,
      "mean_log2_empirical_HUMAN": -0.016010073959130153,
      "mean_log2_empirical_YEAST": 0.8239954170078961,
      "mean_abs_epsilon_precision_global": 0.25177546784971466,
      "mean_abs_epsilon_precision_eq_species": 0.31702605035904763,
      "mean_abs_epsilon_precision_ECOLI": 0.4145602009868061,
      "mean_abs_epsilon_precision_HUMAN": 0.2298369066374302,
      "mean_abs_epsilon_precision_YEAST": 0.30668104345290653,
      "CV_median": 0.129919026735422,
      "CV_q75": 0.24559471231517366,
      "CV_q90": 0.3877790631067907,
      "CV_q95": 0.4899716020262743,
      "roc_auc": 0.9297701408258378,
      "roc_auc_directional": 0.961058968751354,
      "nr_prec": 87911,
      "nr_prec_HUMAN": 69157,
      "nr_prec_YEAST": 14235,
      "nr_prec_ECOLI": 4519,
      "variance_epsilon_global": 0.1515411147047411
    },
    "4": {
      "median_abs_epsilon_global": 0.1775310139199986,
      "median_abs_epsilon_eq_species": 0.25866279522113383,
      "median_abs_epsilon_ECOLI": 0.3544223801432693,
      "median_abs_epsilon_HUMAN": 0.15199000861002254,
      "median_abs_epsilon_YEAST": 0.2695759969101097,
      "mean_abs_epsilon_global": 0.2802035778666733,
      "mean_abs_epsilon_eq_species": 0.382672505571084,
      "mean_abs_epsilon_ECOLI": 0.5404288929648688,
      "mean_abs_epsilon_HUMAN": 0.24168431648645325,
      "mean_abs_epsilon_YEAST": 0.3659043072619299,
      "median_log2_empirical_ECOLI": -1.754942778276611,
      "median_log2_empirical_HUMAN": -0.011092746329786074,
      "median_log2_empirical_YEAST": 0.8269291064707343,
      "median_abs_epsilon_precision_global": 0.1687618931702839,
      "median_abs_epsilon_precision_eq_species": 0.2329317272395016,
      "median_abs_epsilon_precision_ECOLI": 0.3216666324917874,
      "median_abs_epsilon_precision_HUMAN": 0.15150332382168674,
      "median_abs_epsilon_precision_YEAST": 0.2256252254050306,
      "mean_log2_empirical_ECOLI": -1.6355050303501049,
      "mean_log2_empirical_HUMAN": -0.017083373830229336,
      "mean_log2_empirical_YEAST": 0.8151790645563686,
      "mean_abs_epsilon_precision_global": 0.27040719926910173,
      "mean_abs_epsilon_precision_eq_species": 0.35252081869137286,
      "mean_abs_epsilon_precision_ECOLI": 0.4901587513602331,
      "mean_abs_epsilon_precision_HUMAN": 0.24147499065030953,
      "mean_abs_epsilon_precision_YEAST": 0.3259287140635759,
      "CV_median": 0.13239566626870092,
      "CV_q75": 0.24994464911013514,
      "CV_q90": 0.3945121042033608,
      "CV_q95": 0.4994252419893114,
      "roc_auc": 0.9199028800075566,
      "roc_auc_directional": 0.949971517250761,
      "nr_prec": 96382,
      "nr_prec_HUMAN": 74648,
      "nr_prec_YEAST": 15931,
      "nr_prec_ECOLI": 5803,
      "variance_epsilon_global": 0.18831102121764953
    },
    "3": {
      "median_abs_epsilon_global": 0.18035140374337288,
      "median_abs_epsilon_eq_species": 0.2638040877220729,
      "median_abs_epsilon_ECOLI": 0.36148967022485756,
      "median_abs_epsilon_HUMAN": 0.15388642427078025,
      "median_abs_epsilon_YEAST": 0.276036168670581,
      "mean_abs_epsilon_global": 0.28819388898006854,
      "mean_abs_epsilon_eq_species": 0.39361857840754516,
      "mean_abs_epsilon_ECOLI": 0.5564764840155073,
      "mean_abs_epsilon_HUMAN": 0.24821509001238015,
      "mean_abs_epsilon_YEAST": 0.376164161194748,
      "median_log2_empirical_ECOLI": -1.7478925328000408,
      "median_log2_empirical_HUMAN": -0.01091499595252543,
      "median_log2_empirical_YEAST": 0.8231918764729276,
      "median_abs_epsilon_precision_global": 0.17137543111743092,
      "median_abs_epsilon_precision_eq_species": 0.23701774323039793,
      "median_abs_epsilon_precision_ECOLI": 0.32704003878698273,
      "median_abs_epsilon_precision_HUMAN": 0.15346051452861076,
      "median_abs_epsilon_precision_YEAST": 0.23055267637560029,
      "mean_log2_empirical_ECOLI": -1.6214160900082477,
      "mean_log2_empirical_HUMAN": -0.01746035265734629,
      "mean_log2_empirical_YEAST": 0.8088053293009156,
      "mean_abs_epsilon_precision_global": 0.27814293345935404,
      "mean_abs_epsilon_precision_eq_species": 0.3628929462425278,
      "mean_abs_epsilon_precision_ECOLI": 0.5052839522025034,
      "mean_abs_epsilon_precision_HUMAN": 0.24803155286475828,