{
  "old_new": "new",
  "id": "FragPipe (DIA-NN quant)_20250715_152457",
  "software_name": "FragPipe (DIA-NN quant)",
  "software_version": "23.0",
  "search_engine": "MSFragger",
  "search_engine_version": "4.3",
  "ident_fdr_psm": "0.01",
  "ident_fdr_peptide": null,
  "ident_fdr_protein": "0.01",
  "enable_match_between_runs": false,
  "precursor_mass_tolerance": "[-10 ppm, 10 ppm]",
  "fragment_mass_tolerance": "[-20 ppm, 20 ppm]",
  "enzyme": "Trypsin/P",
  "allowed_miscleavages": "1",
  "min_peptide_length": "6",
  "max_peptide_length": "30",
  "is_temporary": false,
  "intermediate_hash": "f0d402d3172310d1662390d5d8fb76bd002588db",
  "results": {
    "6": {
      "median_abs_epsilon": 0.12360233135263066,
      "mean_abs_epsilon": 0.18440608358513713,
      "variance_epsilon": 0.0752739679605197,
      "nr_prec": 77052,
      "CV_median": 0.09294442270295519,
      "CV_q75": 0.1640990558449103,
      "CV_q90": 0.25939885108238736,
      "CV_q95": 0.3327693372266497
    },
    "5": {
      "median_abs_epsilon": 0.1293613516133103,
      "mean_abs_epsilon": 0.19695212239635046,
      "variance_epsilon": 0.0872529739822844,
      "nr_prec": 82475,
      "CV_median": 0.0961283509383048,
      "CV_q75": 0.1711070056964008,
      "CV_q90": 0.2724422088909578,
      "CV_q95": 0.35055116718410506
    },
    "4": {
      "median_abs_epsilon": 0.1327605280612243,
      "mean_abs_epsilon": 0.20608608893022043,
      "variance_epsilon": 0.09779998456179767,
      "nr_prec": 85031,
      "CV_median": 0.09718062056497785,
      "CV_q75": 0.1735975075348779,
      "CV_q90": 0.27730204777130507,
      "CV_q95": 0.35717330923527857
    },
    "3": {
      "median_abs_epsilon": 0.13426462788499371,
      "mean_abs_epsilon": 0.2095276821134282,
      "variance_epsilon": 0.10211966133092475,
      "nr_prec": 86510,
      "CV_median": 0.09759847942727073,
      "CV_q75": 0.17443838538061093,
      "CV_q90": 0.2792267518307454,
      "CV_q95": 0.3598778229694647
    },
    "2": {
      "median_abs_epsilon": 0.1347837133435945,
      "mean_abs_epsilon": 0.2111626203402556,
      "variance_epsilon": 0.1043440956629756,
      "nr_prec": 87309,
      "CV_median": 0.09769663719713807,
      "CV_q75": 0.17467523091815906,
      "CV_q90": 0.27969791719112974,
      "CV_q95": 0.3607108351767174
    },
    "1": {
      "median_abs_epsilon": 0.1347837133435945,
      "mean_abs_epsilon": 0.2111626203402556,
      "variance_epsilon": 0.10434409566297558,
      "nr_prec": 87924,
      "CV_median": 0.09769663719713807,
      "CV_q75": 0.17467523091815906,
      "CV_q90": 0.27969791719112974,
      "CV_q95": 0.3607108351767174
    }
  },
  "median_abs_epsilon": 0.13426462788499371,
  "mean_abs_epsilon": 0.2095276821134282,
  "nr_prec": 86510,
  "comments": "",
  "proteobench_version": "0.8.29",
  "color": "#F89008",
  "hover_text": "ProteoBench ID: FragPipe (DIA-NN quant)_20250715_152457<br>Software tool: FragPipe (DIA-NN quant) <br>Comment (private submission): ...",
  "scatter_size": 20,
  "fixed_mods": "0.0,C-Term Peptide,true,-1; 0.0,N-Term Peptide,true,-1; 0.0,C-Term Protein,true,-1; 0.0,N-Term Protein,true,-1; 0.0,G (glycine),true,-1; 0.0,A (alanine),true,-1; 0.0,S (serine),true,-1; 0.0,P (proline),true,-1; 0.0,V (valine),true,-1; 0.0,T (threonine),true,-1; 57.02146,C (cysteine),true,-1; 0.0,L (leucine),true,-1; 0.0,I (isoleucine),true,-1; 0.0,N (asparagine),true,-1; 0.0,D (aspartic acid),true,-1; 0.0,Q (glutamine),true,-1; 0.0,K (lysine),true,-1; 0.0,E (glutamic acid),true,-1; 0.0,M (methionine),true,-1; 0.0,H (histidine),true,-1; 0.0,F (phenylalanine),true,-1; 0.0,R (arginine),true,-1; 0.0,Y (tyrosine),true,-1; 0.0,W (tryptophan),true,-1; 0.0,B ,true,-1; 0.0,J,true,-1; 0.0,O,true,-1; 0.0,U,true,-1; 0.0,X,true,-1; 0.0,Z,true,-1",
  "variable_mods": "15.9949,M,true,2; 42.0106,[^,true,1; 79.96633,STY,false,3; -17.0265,nQnC,false,1; -18.0106,nE,false,1; 4.025107,K,false,2; 6.020129,R,false,2; 8.014199,K,false,2; 10.008269,R,false,2; 0.0,site_10,false,1; 0.0,site_11,false,1; 0.0,site_12,false,1; 0.0,site_13,false,1; 0.0,site_14,false,1; 0.0,site_15,false,1; 0.0,site_16,false,1",
  "max_mods": "1",
  "min_precursor_charge": "1",
  "max_precursor_charge": null,
  "quantification_method": "Robust LC (high accuracy)",
  "protein_inference": "ProteinProphet: --maxppmdiff 2000000",
  "abundance_normalization_ions": null,
  "submission_comments": "\n\n ### No parameter changes detected. \n\n\nDataset URL: https://proteobench.cubimed.rub.de/datasets/f0d402d3172310d1662390d5d8fb76bd002588db/"
}