{
  "old_new": "new",
  "id": "DIA-NN_20250610_092639",
  "software_name": "DIA-NN",
  "software_version": "2.0 Academia ",
  "search_engine": "DIA-NN",
  "search_engine_version": "2.0 Academia ",
  "ident_fdr_psm": "0.01",
  "ident_fdr_peptide": NaN,
  "ident_fdr_protein": NaN,
  "enable_match_between_runs": true,
  "precursor_mass_tolerance": "[-12 ppm, 12 ppm]",
  "fragment_mass_tolerance": "[-10 ppm, 10 ppm]",
  "enzyme": "Trypsin/P",
  "allowed_miscleavages": "1",
  "min_peptide_length": "6",
  "max_peptide_length": "30",
  "is_temporary": false,
  "intermediate_hash": "f71bf72b89a7fcf7092c21983ee47c518da43ea6",
  "results": {
    "6": {
      "median_abs_epsilon": 0.135528564453125,
      "mean_abs_epsilon": 0.19107510035422984,
      "variance_epsilon": 0.07344835238680981,
      "nr_prec": 91153,
      "CV_median": 0.10838282832242216,
      "CV_q90": 0.27433980288777904,
      "CV_q75": 0.18287642898211476,
      "CV_q95": 0.34158521847626006
    },
    "5": {
      "median_abs_epsilon": 0.1449756622314453,
      "mean_abs_epsilon": 0.20656402094226953,
      "variance_epsilon": 0.0865081771735532,
      "nr_prec": 103577,
      "CV_median": 0.11346525678861244,
      "CV_q90": 0.29184473613031603,
      "CV_q75": 0.19281244674219214,
      "CV_q95": 0.3634780726637771
    },
    "4": {
      "median_abs_epsilon": 0.15201950073242188,
      "mean_abs_epsilon": 0.22137583384857806,
      "variance_epsilon": 0.1023742537315144,
      "nr_prec": 111033,
      "CV_median": 0.11526090055636001,
      "CV_q90": 0.2980544828369184,
      "CV_q75": 0.19651935636297355,
      "CV_q95": 0.37210631420073986
    },
    "3": {
      "median_abs_epsilon": 0.15475082397460938,
      "mean_abs_epsilon": 0.2273155221766026,
      "variance_epsilon": 0.10906692398420051,
      "nr_prec": 116612,
      "CV_median": 0.11620956190941684,
      "CV_q90": 0.30089849037025185,
      "CV_q75": 0.19838205901264638,
      "CV_q95": 0.37563802957546805
    },
    "2": {
      "median_abs_epsilon": 0.15598487854003906,
      "mean_abs_epsilon": 0.23022075358884347,
      "variance_epsilon": 0.11316681837190086,
      "nr_prec": 119508,
      "CV_median": 0.11637415892371487,
      "CV_q90": 0.3016777705782894,
      "CV_q75": 0.19883763093431644,
      "CV_q95": 0.3770795446130428
    },
    "1": {
      "median_abs_epsilon": 0.15598487854003906,
      "mean_abs_epsilon": 0.23022075358884347,
      "variance_epsilon": 0.11316681837190086,
      "nr_prec": 121305,
      "CV_median": 0.11637415892371487,
      "CV_q90": 0.3016777705782894,
      "CV_q75": 0.19883763093431644,
      "CV_q95": 0.3770795446130428
    }
  },
  "median_abs_epsilon": 0.15475082397460938,
  "mean_abs_epsilon": 0.2273155221766026,
  "nr_prec": 116612,
  "comments": "",
  "proteobench_version": "0.8.22",
  "color": "#8c564b",
  "hover_text": "ProteoBench ID: DIA-NN_20250610_092639<br>Software tool: DIA-NN <br>Comment (private submission): ...",
  "scatter_size": 20,
  "fixed_mods": "unimod4",
  "variable_mods": "UniMod:35/15.994915/M,UniMod:1/42.010565/*n",
  "max_mods": "1",
  "min_precursor_charge": "1",
  "max_precursor_charge": "4",
  "quantification_method": "QuantUMS high-precision",
  "protein_inference": "Genes",
  "abundance_normalization_ions": null,
  "submission_comments": "\n\n ### Parameter changes detected:\n- **ident_fdr_protein**: `None` \u2192 `nan`\n- **ident_fdr_peptide**: `None` \u2192 `nan`\n\nDataset URL: https://proteobench.cubimed.rub.de/datasets/f71bf72b89a7fcf7092c21983ee47c518da43ea6/"
}