{
  "old_new": "new",
  "id": "DIA-NN_20251027_133143",
  "software_name": "DIA-NN",
  "software_version": "1.9.2",
  "search_engine": "DIA-NN",
  "search_engine_version": "1.9.2",
  "ident_fdr_psm": 0.01,
  "ident_fdr_peptide": NaN,
  "ident_fdr_protein": NaN,
  "enable_match_between_runs": true,
  "precursor_mass_tolerance": "[-13.8504 ppm, 13.8504 ppm]",
  "fragment_mass_tolerance": "[-11.5251 ppm, 11.5251 ppm]",
  "enzyme": "Trypsin/P",
  "allowed_miscleavages": 1,
  "min_peptide_length": 6,
  "max_peptide_length": 30,
  "is_temporary": false,
  "intermediate_hash": "f7fd0d7cd8ce19e0d8a50590d39b758809285a0e",
  "results": {
    "6": {
      "median_abs_epsilon_global": 0.12179600283265124,
      "median_abs_epsilon_eq_species": 0.15419817284612472,
      "median_abs_epsilon_ECOLI": 0.17065401201842256,
      "median_abs_epsilon_HUMAN": 0.11037353623142643,
      "median_abs_epsilon_YEAST": 0.1815669702885252,
      "mean_abs_epsilon_global": 0.17879156395620324,
      "mean_abs_epsilon_eq_species": 0.21915857855565632,
      "mean_abs_epsilon_ECOLI": 0.25504879849683515,
      "mean_abs_epsilon_HUMAN": 0.1634702452350104,
      "mean_abs_epsilon_YEAST": 0.2389566919351234,
      "median_log2_empirical_ECOLI": -1.9231752416726895,
      "median_log2_empirical_HUMAN": -0.03700468219801678,
      "median_log2_empirical_YEAST": 0.8491696879052295,
      "median_abs_epsilon_precision_global": 0.11373728811874173,
      "median_abs_epsilon_precision_eq_species": 0.1356327957539,
      "median_abs_epsilon_precision_ECOLI": 0.15957829733244466,
      "median_abs_epsilon_precision_HUMAN": 0.10799966642582248,
      "median_abs_epsilon_precision_YEAST": 0.13932042350343288,
      "mean_log2_empirical_ECOLI": -1.88550268839741,
      "mean_log2_empirical_HUMAN": -0.052972321185352604,
      "mean_log2_empirical_YEAST": 0.8277450271642288,
      "mean_abs_epsilon_precision_global": 0.169042245732236,
      "mean_abs_epsilon_precision_eq_species": 0.20023807284090536,
      "mean_abs_epsilon_precision_ECOLI": 0.24694325883587034,
      "mean_abs_epsilon_precision_HUMAN": 0.16031386675474357,
      "mean_abs_epsilon_precision_YEAST": 0.19345709293210223,
      "CV_median": 0.0919725326327398,
      "CV_q75": 0.16164453541913482,
      "CV_q90": 0.2545399207950537,
      "CV_q95": 0.3279142949780963,
      "roc_auc": 0.9772040043755952,
      "roc_auc_directional": 0.9911177813556997,
      "nr_prec": 83013,
      "nr_prec_HUMAN": 66927,
      "nr_prec_YEAST": 12507,
      "nr_prec_ECOLI": 3579,
      "variance_epsilon_global": 0.06522189035532304
    },
    "5": {
      "median_abs_epsilon_global": 0.13123927267536928,
      "median_abs_epsilon_eq_species": 0.1703054310834554,
      "median_abs_epsilon_ECOLI": 0.19749570190103505,
      "median_abs_epsilon_HUMAN": 0.11737537481761606,
      "median_abs_epsilon_YEAST": 0.19604521653171503,
      "mean_abs_epsilon_global": 0.1967945937054741,
      "mean_abs_epsilon_eq_species": 0.24763198892968585,
      "mean_abs_epsilon_ECOLI": 0.3018412469255481,
      "mean_abs_epsilon_HUMAN": 0.17634382098113804,
      "mean_abs_epsilon_YEAST": 0.2647108988823715,
      "median_log2_empirical_ECOLI": -1.8991123831771244,
      "median_log2_empirical_HUMAN": -0.03800916200069082,
      "median_log2_empirical_YEAST": 0.8378504090661707,
      "median_abs_epsilon_precision_global": 0.12259406799999795,
      "median_abs_epsilon_precision_eq_species": 0.15215419791781315,
      "median_abs_epsilon_precision_ECOLI": 0.188124144371713,
      "median_abs_epsilon_precision_HUMAN": 0.11461329454935054,
      "median_abs_epsilon_precision_YEAST": 0.15372515483237592,
      "mean_log2_empirical_ECOLI": -1.8415087539549015,
      "mean_log2_empirical_HUMAN": -0.054329445527607906,
      "mean_log2_empirical_YEAST": 0.8074510052151667,
      "mean_abs_epsilon_precision_global": 0.1861985119358316,
      "mean_abs_epsilon_precision_eq_species": 0.22739322055243383,
      "mean_abs_epsilon_precision_ECOLI": 0.2917741543916762,
      "mean_abs_epsilon_precision_HUMAN": 0.17319087980411935,
      "mean_abs_epsilon_precision_YEAST": 0.2172146274615059,
      "CV_median": 0.0970055645037569,
      "CV_q75": 0.17196892023365923,
      "CV_q90": 0.2730907876157215,
      "CV_q95": 0.35485580482756823,
      "roc_auc": 0.967013635746292,
      "roc_auc_directional": 0.9849791307111998,
      "nr_prec": 94237,
      "nr_prec_HUMAN": 74419,
      "nr_prec_YEAST": 15079,
      "nr_prec_ECOLI": 4739,
      "variance_epsilon_global": 0.08216533263589464
    },
    "4": {
      "median_abs_epsilon_global": 0.137818436521858,
      "median_abs_epsilon_eq_species": 0.18907222029452045,
      "median_abs_epsilon_ECOLI": 0.2374831318117261,
      "median_abs_epsilon_HUMAN": 0.12121293324024851,
      "median_abs_epsilon_YEAST": 0.20852059583158677,
      "mean_abs_epsilon_global": 0.2132550696597542,
      "mean_abs_epsilon_eq_species": 0.28237022740414125,
      "mean_abs_epsilon_ECOLI": 0.37469151029619213,
      "mean_abs_epsilon_HUMAN": 0.18525385817450224,
      "mean_abs_epsilon_YEAST": 0.2871653137417295,
      "median_log2_empirical_ECOLI": -1.8679017202830037,
      "median_log2_empirical_HUMAN": -0.03856269248637112,
      "median_log2_empirical_YEAST": 0.8304596962278197,
      "median_abs_epsilon_precision_global": 0.12917577189694818,
      "median_abs_epsilon_precision_eq_species": 0.17055685636682968,
      "median_abs_epsilon_precision_ECOLI": 0.22915898511984967,
      "median_abs_epsilon_precision_HUMAN": 0.11832004186354972,
      "median_abs_epsilon_precision_YEAST": 0.16419154211708964,
      "mean_log2_empirical_ECOLI": -1.771391606034566,
      "mean_log2_empirical_HUMAN": -0.05526047372494917,
      "mean_log2_empirical_YEAST": 0.793640525577061,
      "mean_abs_epsilon_precision_global": 0.20186763236207295,
      "mean_abs_epsilon_precision_eq_species": 0.2603071494323397,
      "mean_abs_epsilon_precision_ECOLI": 0.3605993561547707,
      "mean_abs_epsilon_precision_HUMAN": 0.18213214965373611,
      "mean_abs_epsilon_precision_YEAST": 0.23818994248851227,
      "CV_median": 0.09893419362353742,
      "CV_q75": 0.17598849563897356,
      "CV_q90": 0.28075864524621663,
      "CV_q95": 0.36581833992710916,
      "roc_auc": 0.958218405469494,
      "roc_auc_directional": 0.9774733303902368,
      "nr_prec": 100641,
      "nr_prec_HUMAN": 78032,
      "nr_prec_YEAST": 16737,
      "nr_prec_ECOLI": 5872,
      "variance_epsilon_global": 0.10288023397243867
    },
    "3": {
      "median_abs_epsilon_global": 0.14035260424886875,
      "median_abs_epsilon_eq_species": 0.19306638042990146,
      "median_abs_epsilon_ECOLI": 0.24148558453709867,
      "median_abs_epsilon_HUMAN": 0.12293463440290076,
      "median_abs_epsilon_YEAST": 0.21477892234970497,
      "mean_abs_epsilon_global": 0.21978967876041927,
      "mean_abs_epsilon_eq_species": 0.29126092921568797,
      "mean_abs_epsilon_ECOLI": 0.3852717542194261,
      "mean_abs_epsilon_HUMAN": 0.1902383527073641,
      "mean_abs_epsilon_YEAST": 0.29827268072027363,
      "median_log2_empirical_ECOLI": -1.8618006897915578,
      "median_log2_empirical_HUMAN": -0.038342974784316475,
      "median_log2_empirical_YEAST": 0.8265560570310413,
      "median_abs_epsilon_precision_global": 0.13165935035558007,
      "median_abs_epsilon_precision_eq_species": 0.17456190286662596,
      "median_abs_epsilon_precision_ECOLI": 0.23420418355429362,
      "median_abs_epsilon_precision_HUMAN": 0.12007765691371652,
      "median_abs_epsilon_precision_YEAST": 0.1694038681318677,
      "mean_log2_empirical_ECOLI": -1.760230074145572,
      "mean_log2_empirical_HUMAN": -0.054515937850955876,
      "mean_log2_empirical_YEAST": 0.7859816419624609,
      "mean_abs_epsilon_precision_global": 0.20813504328547344,
      "mean_abs_epsilon_precision_eq_species": 0.26868790232371564,
      "mean_abs_epsilon_precision_ECOLI": 0.37050781830642404,
      "mean_abs_epsilon_precision_HUMAN": 0.18713593900590228,