{
  "old_new": "new",
  "id": "DIA-NN_20251027_133143",
  "software_name": "DIA-NN",
  "software_version": "1.9.2",
  "search_engine": "DIA-NN",
  "search_engine_version": "1.9.2",
  "ident_fdr_psm": 0.01,
  "ident_fdr_peptide": NaN,
  "ident_fdr_protein": NaN,
  "enable_match_between_runs": true,
  "precursor_mass_tolerance": "[-13.8504 ppm, 13.8504 ppm]",
  "fragment_mass_tolerance": "[-11.5251 ppm, 11.5251 ppm]",
  "enzyme": "Trypsin/P",
  "allowed_miscleavages": 1,
  "min_peptide_length": 6,
  "max_peptide_length": 30,
  "is_temporary": false,
  "intermediate_hash": "f7fd0d7cd8ce19e0d8a50590d39b758809285a0e",
  "results": {
    "6": {
      "median_abs_epsilon_global": 0.12191286098308218,
      "median_abs_epsilon_eq_species": 0.15473050303412705,
      "median_abs_epsilon_ECOLI": 0.1707751747858115,
      "median_abs_epsilon_HUMAN": 0.11033139540815107,
      "median_abs_epsilon_YEAST": 0.1830849389084186,
      "mean_abs_epsilon_global": 0.17974058609993315,
      "mean_abs_epsilon_eq_species": 0.22155772929238057,
      "mean_abs_epsilon_ECOLI": 0.2567226072726466,
      "mean_abs_epsilon_HUMAN": 0.16353103706356356,
      "mean_abs_epsilon_YEAST": 0.2444195435409315,
      "median_log2_empirical_ECOLI": -1.9230243708099932,
      "median_log2_empirical_HUMAN": -0.03708556258913376,
      "median_log2_empirical_YEAST": 0.8468190291888256,
      "median_abs_epsilon_precision_global": 0.11380123253133512,
      "median_abs_epsilon_precision_eq_species": 0.13605773315423578,
      "median_abs_epsilon_precision_ECOLI": 0.15975672515244632,
      "median_abs_epsilon_precision_HUMAN": 0.10790125420499308,
      "median_abs_epsilon_precision_YEAST": 0.14051522010526796,
      "mean_log2_empirical_ECOLI": -1.8836164571135199,
      "mean_log2_empirical_HUMAN": -0.052990867363295426,
      "mean_log2_empirical_YEAST": 0.8217328403703674,
      "mean_abs_epsilon_precision_global": 0.16989194682159733,
      "mean_abs_epsilon_precision_eq_species": 0.2025158954340207,
      "mean_abs_epsilon_precision_ECOLI": 0.24880384042323267,
      "mean_abs_epsilon_precision_HUMAN": 0.1603535120818054,
      "mean_abs_epsilon_precision_YEAST": 0.19839033379702414,
      "CV_median": 0.09173950815397228,
      "CV_q75": 0.16138456081656405,
      "CV_q90": 0.254402846105837,
      "CV_q95": 0.32782614868042637,
      "roc_auc": 0.9750123868224113,
      "roc_auc_directional": 0.9897366538227135,
      "nr_prec": 83662,
      "nr_prec_HUMAN": 67443,
      "nr_prec_YEAST": 12627,
      "nr_prec_ECOLI": 3592,
      "variance_epsilon_global": 0.06636495359548182
    },
    "5": {
      "median_abs_epsilon_global": 0.13131944218986202,
      "median_abs_epsilon_eq_species": 0.1708370306013484,
      "median_abs_epsilon_ECOLI": 0.19749570190103505,
      "median_abs_epsilon_HUMAN": 0.11731608747282785,
      "median_abs_epsilon_YEAST": 0.1976993024301823,
      "mean_abs_epsilon_global": 0.19755208395334445,
      "mean_abs_epsilon_eq_species": 0.2494269245233843,
      "mean_abs_epsilon_ECOLI": 0.30282285015872173,
      "mean_abs_epsilon_HUMAN": 0.17636265975064416,
      "mean_abs_epsilon_YEAST": 0.2690952636607869,
      "median_log2_empirical_ECOLI": -1.899016196704011,
      "median_log2_empirical_HUMAN": -0.03811073215541683,
      "median_log2_empirical_YEAST": 0.8356701119235908,
      "median_abs_epsilon_precision_global": 0.12266396298998483,
      "median_abs_epsilon_precision_eq_species": 0.15235491213160537,
      "median_abs_epsilon_precision_ECOLI": 0.18757864985369643,
      "median_abs_epsilon_precision_HUMAN": 0.11449455394648389,
      "median_abs_epsilon_precision_YEAST": 0.15499153259463583,
      "mean_log2_empirical_ECOLI": -1.8402125150436845,
      "mean_log2_empirical_HUMAN": -0.05437819413526001,
      "mean_log2_empirical_YEAST": 0.8025483002910089,
      "mean_abs_epsilon_precision_global": 0.1868642516208436,
      "mean_abs_epsilon_precision_eq_species": 0.22906560721804714,
      "mean_abs_epsilon_precision_ECOLI": 0.29288976355686214,
      "mean_abs_epsilon_precision_HUMAN": 0.17318946154455295,
      "mean_abs_epsilon_precision_YEAST": 0.22111759655272636,
      "CV_median": 0.09675916522491099,
      "CV_q75": 0.17170940333318382,
      "CV_q90": 0.27292166406956053,
      "CV_q95": 0.3546715400006225,
      "roc_auc": 0.9651864685296103,
      "roc_auc_directional": 0.9838565342377343,
      "nr_prec": 94924,
      "nr_prec_HUMAN": 74964,
      "nr_prec_YEAST": 15203,
      "nr_prec_ECOLI": 4757,
      "variance_epsilon_global": 0.0831021534487336
    },
    "4": {
      "median_abs_epsilon_global": 0.13791838789590471,
      "median_abs_epsilon_eq_species": 0.18975243349304774,
      "median_abs_epsilon_ECOLI": 0.23748009147464622,
      "median_abs_epsilon_HUMAN": 0.12115893173428116,
      "median_abs_epsilon_YEAST": 0.21061827727021587,
      "mean_abs_epsilon_global": 0.2139190347992675,
      "mean_abs_epsilon_eq_species": 0.28396986939273805,
      "mean_abs_epsilon_ECOLI": 0.3756304360686674,
      "mean_abs_epsilon_HUMAN": 0.1852484289442057,
      "mean_abs_epsilon_YEAST": 0.29103074316534105,
      "median_log2_empirical_ECOLI": -1.8676234729823715,
      "median_log2_empirical_HUMAN": -0.03866956758717599,
      "median_log2_empirical_YEAST": 0.8290423187272502,
      "median_abs_epsilon_precision_global": 0.12925294711982183,
      "median_abs_epsilon_precision_eq_species": 0.17102054506017042,
      "median_abs_epsilon_precision_ECOLI": 0.22904894617835048,
      "median_abs_epsilon_precision_HUMAN": 0.11820179782759244,
      "median_abs_epsilon_precision_YEAST": 0.16581089117456838,
      "mean_log2_empirical_ECOLI": -1.7701159812382405,
      "mean_log2_empirical_HUMAN": -0.0552964085280995,
      "mean_log2_empirical_YEAST": 0.7892393958188226,
      "mean_abs_epsilon_precision_global": 0.20244171989451784,
      "mean_abs_epsilon_precision_eq_species": 0.261784527011061,
      "mean_abs_epsilon_precision_ECOLI": 0.3616791390133076,
      "mean_abs_epsilon_precision_HUMAN": 0.18210670190457087,
      "mean_abs_epsilon_precision_YEAST": 0.24156774011530444,
      "CV_median": 0.0987180569351009,
      "CV_q75": 0.17569986276442812,
      "CV_q90": 0.2805975662876877,
      "CV_q95": 0.36567735870331874,
      "roc_auc": 0.9565995484745156,
      "roc_auc_directional": 0.9764396349051174,
      "nr_prec": 101345,
      "nr_prec_HUMAN": 78590,
      "nr_prec_YEAST": 16862,
      "nr_prec_ECOLI": 5893,
      "variance_epsilon_global": 0.10371492351289041
    },
    "3": {
      "median_abs_epsilon_global": 0.14042797820635577,
      "median_abs_epsilon_eq_species": 0.19357826087158672,
      "median_abs_epsilon_ECOLI": 0.24143422152828187,
      "median_abs_epsilon_HUMAN": 0.12285848136300004,
      "median_abs_epsilon_YEAST": 0.2164420797234783,
      "mean_abs_epsilon_global": 0.2204048958655972,
      "mean_abs_epsilon_eq_species": 0.2927644967392175,
      "mean_abs_epsilon_ECOLI": 0.38615425745219595,
      "mean_abs_epsilon_HUMAN": 0.19021470580814254,
      "mean_abs_epsilon_YEAST": 0.30192452695731403,
      "median_log2_empirical_ECOLI": -1.8617563368551462,
      "median_log2_empirical_HUMAN": -0.03842364133192966,
      "median_log2_empirical_YEAST": 0.8250149631378649,
      "median_abs_epsilon_precision_global": 0.1317575770645023,
      "median_abs_epsilon_precision_eq_species": 0.1748870462201418,
      "median_abs_epsilon_precision_ECOLI": 0.23411490255471357,
      "median_abs_epsilon_precision_HUMAN": 0.11992252903963951,
      "median_abs_epsilon_precision_YEAST": 0.17062370706607233,
      "mean_log2_empirical_ECOLI": -1.7590198938938144,
      "mean_log2_empirical_HUMAN": -0.054539746067552033,
      "mean_log2_empirical_YEAST": 0.7817880027632631,
      "mean_abs_epsilon_precision_global": 0.20865924599852273,
      "mean_abs_epsilon_precision_eq_species": 0.2700649503086727,
      "mean_abs_epsilon_precision_ECOLI": 0.3715312165115337,