{
  "old_new": "new",
  "id": "DIA-NN_20251027_133143",
  "software_name": "DIA-NN",
  "software_version": "1.9.2",
  "search_engine": "DIA-NN",
  "search_engine_version": "1.9.2",
  "ident_fdr_psm": "0.01",
  "ident_fdr_peptide": NaN,
  "ident_fdr_protein": NaN,
  "enable_match_between_runs": true,
  "precursor_mass_tolerance": "[-13.8504 ppm, 13.8504 ppm]",
  "fragment_mass_tolerance": "[-11.5251 ppm, 11.5251 ppm]",
  "enzyme": "Trypsin/P",
  "allowed_miscleavages": "1",
  "min_peptide_length": "6",
  "max_peptide_length": "30",
  "is_temporary": false,
  "intermediate_hash": "f7fd0d7cd8ce19e0d8a50590d39b758809285a0e",
  "results": {
    "6": {
      "median_abs_epsilon": 0.12191286098308218,
      "mean_abs_epsilon": 0.17974058609993315,
      "variance_epsilon": 0.06636495359548182,
      "nr_prec": 83662,
      "CV_median": 0.09173950815397228,
      "CV_q75": 0.16138456081656405,
      "CV_q90": 0.254402846105837,
      "CV_q95": 0.32782614868042637
    },
    "5": {
      "median_abs_epsilon": 0.13131944218986202,
      "mean_abs_epsilon": 0.19755208395334445,
      "variance_epsilon": 0.0831021534487336,
      "nr_prec": 94924,
      "CV_median": 0.09675916522491099,
      "CV_q75": 0.17170940333318382,
      "CV_q90": 0.27292166406956053,
      "CV_q95": 0.3546715400006225
    },
    "4": {
      "median_abs_epsilon": 0.13791838789590471,
      "mean_abs_epsilon": 0.2139190347992675,
      "variance_epsilon": 0.10371492351289041,
      "nr_prec": 101345,
      "CV_median": 0.0987180569351009,
      "CV_q75": 0.17569986276442812,
      "CV_q90": 0.2805975662876877,
      "CV_q95": 0.36567735870331874
    },
    "3": {
      "median_abs_epsilon": 0.14042797820635577,
      "mean_abs_epsilon": 0.2204048958655972,
      "variance_epsilon": 0.11225356522868774,
      "nr_prec": 105535,
      "CV_median": 0.09950047316384034,
      "CV_q75": 0.17751775917097995,
      "CV_q90": 0.2843931239150219,
      "CV_q95": 0.3706918526003373
    },
    "2": {
      "median_abs_epsilon": 0.14126181570815888,
      "mean_abs_epsilon": 0.22352550720264125,
      "variance_epsilon": 0.1176135729309371,
      "nr_prec": 107638,
      "CV_median": 0.0997063480025279,
      "CV_q75": 0.17804585225675507,
      "CV_q90": 0.2855364627234494,
      "CV_q95": 0.37245434888894335
    },
    "1": {
      "median_abs_epsilon": 0.14126181570815888,
      "mean_abs_epsilon": 0.22352550720264122,
      "variance_epsilon": 0.11761357293093708,
      "nr_prec": 108686,
      "CV_median": 0.0997063480025279,
      "CV_q75": 0.17804585225675507,
      "CV_q90": 0.2855364627234494,
      "CV_q95": 0.37245434888894335
    }
  },
  "median_abs_epsilon": 0.14042797820635577,
  "mean_abs_epsilon": 0.2204048958655972,
  "nr_prec": 105535,
  "comments": "",
  "proteobench_version": "0.10.3",
  "color": "#d42f2f",
  "hover_text": "ProteoBench ID: DIA-NN_20251027_133143<br>Software tool: DIA-NN <br>Comment (private submission): ...",
  "scatter_size": 20,
  "fixed_mods": "unimod4",
  "variable_mods": "UniMod:35/15.994915/M,UniMod:1/42.010565/*n",
  "max_mods": "1",
  "min_precursor_charge": "1",
  "max_precursor_charge": "4",
  "quantification_method": "QuantUMS high-accuracy",
  "protein_inference": "Genes",
  "abundance_normalization_ions": null,
  "submission_comments": "Resubmission of ed303b048f54e91287b7690b865f7cd9cbb2c2ab after changing quant column from Precursor.Quantity -> Precursor.Normalised\n\n ### Parameter changes detected:\n- **ident_fdr_protein**: `None` \u2192 `nan`\n- **ident_fdr_peptide**: `None` \u2192 `nan`\n\nDataset URL: https://proteobench.cubimed.rub.de/datasets/f7fd0d7cd8ce19e0d8a50590d39b758809285a0e/",
  "min_precursor_mz": "400",
  "max_precursor_mz": "1000",
  "min_fragment_mz": "50",
  "max_fragment_mz": "2000",
  "predictors_library": "{'RT': 'DIANN', 'IM': 'DIANN', 'MS2_int': 'DIANN'}",
  "scan_window": "8"
}