{
  "old_new": "new",
  "id": "DIA-NN_20251027_133651",
  "software_name": "DIA-NN",
  "software_version": "2.0 Academia ",
  "search_engine": "DIA-NN",
  "search_engine_version": "2.0 Academia ",
  "ident_fdr_psm": "0.01",
  "ident_fdr_peptide": NaN,
  "ident_fdr_protein": NaN,
  "enable_match_between_runs": true,
  "precursor_mass_tolerance": "[-12 ppm, 12 ppm]",
  "fragment_mass_tolerance": "[-10 ppm, 10 ppm]",
  "enzyme": "Trypsin/P",
  "allowed_miscleavages": "1",
  "min_peptide_length": "6",
  "max_peptide_length": "30",
  "is_temporary": false,
  "intermediate_hash": "faed01b6bfac49c5a836ea576433db1022828842",
  "results": {
    "6": {
      "median_abs_epsilon": 0.1308422088623047,
      "mean_abs_epsilon": 0.18628960363644118,
      "variance_epsilon": 0.07000612132335793,
      "nr_prec": 91153,
      "CV_median": 0.10608557133009446,
      "CV_q75": 0.17966895360707566,
      "CV_q90": 0.2706774880735229,
      "CV_q95": 0.33703321240355344
    },
    "5": {
      "median_abs_epsilon": 0.1403827667236328,
      "mean_abs_epsilon": 0.20184632635402466,
      "variance_epsilon": 0.08283404412507084,
      "nr_prec": 103577,
      "CV_median": 0.11120850905866217,
      "CV_q75": 0.18967287930990295,
      "CV_q90": 0.287379516373765,
      "CV_q95": 0.35827961779561274
    },
    "4": {
      "median_abs_epsilon": 0.14764022827148438,
      "mean_abs_epsilon": 0.21669721625725233,
      "variance_epsilon": 0.09863608593095177,
      "nr_prec": 111033,
      "CV_median": 0.11304828462734931,
      "CV_q75": 0.19348754363099946,
      "CV_q90": 0.2938242798041535,
      "CV_q95": 0.3677094131269243
    },
    "3": {
      "median_abs_epsilon": 0.1503005027770996,
      "mean_abs_epsilon": 0.22270640238794256,
      "variance_epsilon": 0.1052864781399721,
      "nr_prec": 116612,
      "CV_median": 0.11391620228285179,
      "CV_q75": 0.19547144825929252,
      "CV_q90": 0.2971081647550988,
      "CV_q95": 0.3716766115134746
    },
    "2": {
      "median_abs_epsilon": 0.15157318115234375,
      "mean_abs_epsilon": 0.22563871062435598,
      "variance_epsilon": 0.10934543483205314,
      "nr_prec": 119508,
      "CV_median": 0.11408405206676245,
      "CV_q75": 0.1959332758102171,
      "CV_q90": 0.2981624091935836,
      "CV_q95": 0.3731725599857506
    },
    "1": {
      "median_abs_epsilon": 0.15157318115234375,
      "mean_abs_epsilon": 0.22563871062435598,
      "variance_epsilon": 0.10934543483205315,
      "nr_prec": 121305,
      "CV_median": 0.11408405206676245,
      "CV_q75": 0.1959332758102171,
      "CV_q90": 0.2981624091935836,
      "CV_q95": 0.3731725599857506
    }
  },
  "median_abs_epsilon": 0.1503005027770996,
  "mean_abs_epsilon": 0.22270640238794256,
  "nr_prec": 116612,
  "comments": "",
  "proteobench_version": "0.10.3",
  "color": "#d42f2f",
  "hover_text": "ProteoBench ID: DIA-NN_20251027_133651<br>Software tool: DIA-NN <br>Comment (private submission): ...",
  "scatter_size": 20,
  "fixed_mods": "unimod4",
  "variable_mods": "UniMod:35/15.994915/M,UniMod:1/42.010565/*n",
  "max_mods": "1",
  "min_precursor_charge": "1",
  "max_precursor_charge": "4",
  "quantification_method": "QuantUMS high-precision",
  "protein_inference": "Genes",
  "abundance_normalization_ions": null,
  "submission_comments": "Resubmission off 71bf72b89a7fcf7092c21983ee47c518da43ea6 after changing quant column from Precursor.Quantity -> Precursor.Normalised\n\n ### Parameter changes detected:\n- **ident_fdr_protein**: `None` \u2192 `nan`\n- **ident_fdr_peptide**: `None` \u2192 `nan`\n\nDataset URL: https://proteobench.cubimed.rub.de/datasets/faed01b6bfac49c5a836ea576433db1022828842/",
  "min_precursor_mz": "400",
  "max_precursor_mz": "1000",
  "min_fragment_mz": "50",
  "max_fragment_mz": "2000",
  "predictors_library": "{'RT': 'DIANN', 'IM': 'DIANN', 'MS2_int': 'DIANN'}",
  "scan_window": "8"
}