{
  "old_new": "new",
  "id": "DIA-NN_20251027_133651",
  "software_name": "DIA-NN",
  "software_version": "2.0 Academia ",
  "search_engine": "DIA-NN",
  "search_engine_version": "2.0 Academia ",
  "ident_fdr_psm": 0.01,
  "ident_fdr_peptide": NaN,
  "ident_fdr_protein": NaN,
  "enable_match_between_runs": true,
  "precursor_mass_tolerance": "[-12 ppm, 12 ppm]",
  "fragment_mass_tolerance": "[-10 ppm, 10 ppm]",
  "enzyme": "Trypsin/P",
  "allowed_miscleavages": 1,
  "min_peptide_length": 6,
  "max_peptide_length": 30,
  "is_temporary": false,
  "intermediate_hash": "faed01b6bfac49c5a836ea576433db1022828842",
  "results": {
    "6": {
      "median_abs_epsilon_global": 0.1307535171508789,
      "median_abs_epsilon_eq_species": 0.1715383529663086,
      "median_abs_epsilon_ECOLI": 0.21126937866210938,
      "median_abs_epsilon_HUMAN": 0.1201324462890625,
      "median_abs_epsilon_YEAST": 0.1832132339477539,
      "mean_abs_epsilon_global": 0.1853310164274312,
      "mean_abs_epsilon_eq_species": 0.23187083554548038,
      "mean_abs_epsilon_ECOLI": 0.28739293291088414,
      "mean_abs_epsilon_HUMAN": 0.17020272155130095,
      "mean_abs_epsilon_YEAST": 0.23801685217425606,
      "median_log2_empirical_ECOLI": -1.8498239517211914,
      "median_log2_empirical_HUMAN": -0.0064754486083984375,
      "median_log2_empirical_YEAST": 0.859769344329834,
      "median_abs_epsilon_precision_global": 0.12645530700683594,
      "median_abs_epsilon_precision_eq_species": 0.14711570739746094,
      "median_abs_epsilon_precision_ECOLI": 0.16981124877929688,
      "median_abs_epsilon_precision_HUMAN": 0.12037324905395508,
      "median_abs_epsilon_precision_YEAST": 0.15116262435913086,
      "mean_log2_empirical_ECOLI": -1.8142075392089556,
      "mean_log2_empirical_HUMAN": -0.02354782364639774,
      "mean_log2_empirical_YEAST": 0.8340251358479827,
      "mean_abs_epsilon_precision_global": 0.1788352025412421,
      "mean_abs_epsilon_precision_eq_species": 0.20810022155033717,
      "mean_abs_epsilon_precision_ECOLI": 0.25182915076895623,
      "mean_abs_epsilon_precision_HUMAN": 0.170774705959215,
      "mean_abs_epsilon_precision_YEAST": 0.2016968079228403,
      "CV_median": 0.10630676773244072,
      "CV_q75": 0.17994389849229533,
      "CV_q90": 0.2708034231345796,
      "CV_q95": 0.33714135386102373,
      "roc_auc": 0.976988170265394,
      "roc_auc_directional": 0.9904455706703735,
      "nr_prec": 90463,
      "nr_prec_HUMAN": 73054,
      "nr_prec_YEAST": 13602,
      "nr_prec_ECOLI": 3807,
      "variance_epsilon_global": 0.06868844952699149
    },
    "5": {
      "median_abs_epsilon_global": 0.1402263641357422,
      "median_abs_epsilon_eq_species": 0.18851041793823242,
      "median_abs_epsilon_ECOLI": 0.2391343116760254,
      "median_abs_epsilon_HUMAN": 0.1268329620361328,
      "median_abs_epsilon_YEAST": 0.19956398010253906,
      "mean_abs_epsilon_global": 0.2010311086781308,
      "mean_abs_epsilon_eq_species": 0.25856258085068434,
      "mean_abs_epsilon_ECOLI": 0.33437331908650336,
      "mean_abs_epsilon_HUMAN": 0.18088194667529334,
      "mean_abs_epsilon_YEAST": 0.2604324767902562,
      "median_log2_empirical_ECOLI": -1.819596767425537,
      "median_log2_empirical_HUMAN": -0.00667572021484375,
      "median_log2_empirical_YEAST": 0.8440380096435547,
      "median_abs_epsilon_precision_global": 0.13570690155029297,
      "median_abs_epsilon_precision_eq_species": 0.16326284408569336,
      "median_abs_epsilon_precision_ECOLI": 0.19860267639160156,
      "median_abs_epsilon_precision_HUMAN": 0.1273326873779297,
      "median_abs_epsilon_precision_YEAST": 0.16385316848754883,
      "mean_log2_empirical_ECOLI": -1.7648680438048996,
      "mean_log2_empirical_HUMAN": -0.022738123941101106,
      "mean_log2_empirical_YEAST": 0.8139206671188306,
      "mean_abs_epsilon_precision_global": 0.1927882411067026,
      "mean_abs_epsilon_precision_eq_species": 0.23081053053449962,
      "mean_abs_epsilon_precision_ECOLI": 0.29147157516364747,
      "mean_abs_epsilon_precision_HUMAN": 0.1813461612822479,
      "mean_abs_epsilon_precision_YEAST": 0.21961385515760354,
      "CV_median": 0.11141902296539977,
      "CV_q75": 0.18991074480719528,
      "CV_q90": 0.2875062569366149,
      "CV_q95": 0.35848772854799715,
      "roc_auc": 0.9684683045412823,
      "roc_auc_directional": 0.9863701627749566,
      "nr_prec": 102849,
      "nr_prec_HUMAN": 81407,
      "nr_prec_YEAST": 16484,
      "nr_prec_ECOLI": 4958,
      "variance_epsilon_global": 0.08168991104946478
    },
    "4": {
      "median_abs_epsilon_global": 0.1475229263305664,
      "median_abs_epsilon_eq_species": 0.2084188461303711,
      "median_abs_epsilon_ECOLI": 0.28185081481933594,
      "median_abs_epsilon_HUMAN": 0.13097381591796875,
      "median_abs_epsilon_YEAST": 0.2124319076538086,
      "mean_abs_epsilon_global": 0.21596224854119583,
      "mean_abs_epsilon_eq_species": 0.29046962216139205,
      "mean_abs_epsilon_ECOLI": 0.3999513906234637,
      "mean_abs_epsilon_HUMAN": 0.18832721690396448,
      "mean_abs_epsilon_YEAST": 0.28313025895674787,
      "median_log2_empirical_ECOLI": -1.7780637741088867,
      "median_log2_empirical_HUMAN": -0.0067615509033203125,
      "median_log2_empirical_YEAST": 0.832763671875,
      "median_abs_epsilon_precision_global": 0.14235496520996094,
      "median_abs_epsilon_precision_eq_species": 0.18062067031860352,
      "median_abs_epsilon_precision_ECOLI": 0.23473310470581055,
      "median_abs_epsilon_precision_HUMAN": 0.13136672973632812,
      "median_abs_epsilon_precision_YEAST": 0.17576217651367188,
      "mean_log2_empirical_ECOLI": -1.6982313878142357,
      "mean_log2_empirical_HUMAN": -0.02226902582595978,
      "mean_log2_empirical_YEAST": 0.7969148904723377,
      "mean_abs_epsilon_precision_global": 0.20593882152112392,
      "mean_abs_epsilon_precision_eq_species": 0.25778121502629486,
      "mean_abs_epsilon_precision_ECOLI": 0.3450352138313148,
      "mean_abs_epsilon_precision_HUMAN": 0.18873725808141778,
      "mean_abs_epsilon_precision_YEAST": 0.23957117316615195,
      "CV_median": 0.11327312019130567,
      "CV_q75": 0.19372215440285392,
      "CV_q90": 0.2940007415647348,
      "CV_q95": 0.367827247800261,
      "roc_auc": 0.9588793646966131,
      "roc_auc_directional": 0.9801604115237512,
      "nr_prec": 110280,
      "nr_prec_HUMAN": 85697,
      "nr_prec_YEAST": 18445,
      "nr_prec_ECOLI": 6138,
      "variance_epsilon_global": 0.09755424917260573
    },
    "3": {
      "median_abs_epsilon_global": 0.15019989013671875,
      "median_abs_epsilon_eq_species": 0.21212546030680338,
      "median_abs_epsilon_ECOLI": 0.28502750396728516,
      "median_abs_epsilon_HUMAN": 0.13344383239746094,
      "median_abs_epsilon_YEAST": 0.21790504455566406,
      "mean_abs_epsilon_global": 0.22197378627894432,
      "mean_abs_epsilon_eq_species": 0.29841041286889597,
      "mean_abs_epsilon_ECOLI": 0.40969694188007943,
      "mean_abs_epsilon_HUMAN": 0.19342238324075572,
      "mean_abs_epsilon_YEAST": 0.29211191348585275,
      "median_log2_empirical_ECOLI": -1.773850440979004,
      "median_log2_empirical_HUMAN": -0.006768226623535156,
      "median_log2_empirical_YEAST": 0.8287105560302734,
      "median_abs_epsilon_precision_global": 0.1451253890991211,
      "median_abs_epsilon_precision_eq_species": 0.18433125813802084,
      "median_abs_epsilon_precision_ECOLI": 0.23899316787719727,
      "median_abs_epsilon_precision_HUMAN": 0.13376665115356445,
      "median_abs_epsilon_precision_YEAST": 0.18023395538330078,
      "mean_log2_empirical_ECOLI": -1.6877809167672426,
      "mean_log2_empirical_HUMAN": -0.021935057249758774,
      "mean_log2_empirical_YEAST": 0.7903440057654182,
      "mean_abs_epsilon_precision_global": 0.2116696437860101,
      "mean_abs_epsilon_precision_eq_species": 0.26508870302519244,
      "mean_abs_epsilon_precision_ECOLI": 0.35403268931934423,
      "mean_abs_epsilon_precision_HUMAN": 0.19380292677914954,