{
  "old_new": "new",
  "id": "FragPipe (DIA-NN quant)_20251027_133359",
  "software_name": "FragPipe (DIA-NN quant)",
  "software_version": "23.0",
  "search_engine": "MSFragger",
  "search_engine_version": "4.3",
  "ident_fdr_psm": "0.01",
  "ident_fdr_peptide": null,
  "ident_fdr_protein": "0.01",
  "enable_match_between_runs": false,
  "precursor_mass_tolerance": "[-10 ppm, 10 ppm]",
  "fragment_mass_tolerance": "[-20 ppm, 20 ppm]",
  "enzyme": "Trypsin/P",
  "allowed_miscleavages": "1",
  "min_peptide_length": "6",
  "max_peptide_length": "30",
  "is_temporary": false,
  "intermediate_hash": "fdad2a4d2e6fe409bbbb0ed2d6644ee100e288ba",
  "results": {
    "6": {
      "median_abs_epsilon": 0.11783014752292065,
      "mean_abs_epsilon": 0.1792556378860009,
      "variance_epsilon": 0.07174384650691112,
      "nr_prec": 77052,
      "CV_median": 0.08880797307741128,
      "CV_q75": 0.15771332792321843,
      "CV_q90": 0.2522248968145734,
      "CV_q95": 0.32513393298281595
    },
    "5": {
      "median_abs_epsilon": 0.12378719695848339,
      "mean_abs_epsilon": 0.19169443733013164,
      "variance_epsilon": 0.08354477555398344,
      "nr_prec": 82475,
      "CV_median": 0.09210069112285076,
      "CV_q75": 0.16481563929507417,
      "CV_q90": 0.2653341512927044,
      "CV_q95": 0.342422733144057
    },
    "4": {
      "median_abs_epsilon": 0.12701918335929996,
      "mean_abs_epsilon": 0.20080857673891103,
      "variance_epsilon": 0.09402784936904883,
      "nr_prec": 85031,
      "CV_median": 0.09309812716209316,
      "CV_q75": 0.16732388295438982,
      "CV_q90": 0.27035608261966637,
      "CV_q95": 0.35005219050886655
    },
    "3": {
      "median_abs_epsilon": 0.12850452236463994,
      "mean_abs_epsilon": 0.2042234948916829,
      "variance_epsilon": 0.09825708627595031,
      "nr_prec": 86510,
      "CV_median": 0.09349029231907659,
      "CV_q75": 0.16820679370444525,
      "CV_q90": 0.2720533770563742,
      "CV_q95": 0.35254703116856767
    },
    "2": {
      "median_abs_epsilon": 0.12897041647580032,
      "mean_abs_epsilon": 0.20583881461155992,
      "variance_epsilon": 0.10047917136718183,
      "nr_prec": 87309,
      "CV_median": 0.09358881981060307,
      "CV_q75": 0.16840603973265028,
      "CV_q90": 0.27253640245741245,
      "CV_q95": 0.3532287724693357
    },
    "1": {
      "median_abs_epsilon": 0.12897041647580032,
      "mean_abs_epsilon": 0.20583881461156,
      "variance_epsilon": 0.10047917136718183,
      "nr_prec": 87924,
      "CV_median": 0.09358881981060307,
      "CV_q75": 0.16840603973265028,
      "CV_q90": 0.27253640245741245,
      "CV_q95": 0.3532287724693357
    }
  },
  "median_abs_epsilon": 0.12850452236463994,
  "mean_abs_epsilon": 0.2042234948916829,
  "nr_prec": 86510,
  "comments": "",
  "proteobench_version": "0.10.3",
  "color": "#F89008",
  "hover_text": "ProteoBench ID: FragPipe (DIA-NN quant)_20251027_133359<br>Software tool: FragPipe (DIA-NN quant) <br>Comment (private submission): ...",
  "scatter_size": 20,
  "fixed_mods": "0.0,C-Term Peptide,true,-1; 0.0,N-Term Peptide,true,-1; 0.0,C-Term Protein,true,-1; 0.0,N-Term Protein,true,-1; 0.0,G (glycine),true,-1; 0.0,A (alanine),true,-1; 0.0,S (serine),true,-1; 0.0,P (proline),true,-1; 0.0,V (valine),true,-1; 0.0,T (threonine),true,-1; 57.02146,C (cysteine),true,-1; 0.0,L (leucine),true,-1; 0.0,I (isoleucine),true,-1; 0.0,N (asparagine),true,-1; 0.0,D (aspartic acid),true,-1; 0.0,Q (glutamine),true,-1; 0.0,K (lysine),true,-1; 0.0,E (glutamic acid),true,-1; 0.0,M (methionine),true,-1; 0.0,H (histidine),true,-1; 0.0,F (phenylalanine),true,-1; 0.0,R (arginine),true,-1; 0.0,Y (tyrosine),true,-1; 0.0,W (tryptophan),true,-1; 0.0,B ,true,-1; 0.0,J,true,-1; 0.0,O,true,-1; 0.0,U,true,-1; 0.0,X,true,-1; 0.0,Z,true,-1",
  "variable_mods": "15.9949,M,true,2; 42.0106,[^,true,1; 79.96633,STY,false,3; -17.0265,nQnC,false,1; -18.0106,nE,false,1; 4.025107,K,false,2; 6.020129,R,false,2; 8.014199,K,false,2; 10.008269,R,false,2; 0.0,site_10,false,1; 0.0,site_11,false,1; 0.0,site_12,false,1; 0.0,site_13,false,1; 0.0,site_14,false,1; 0.0,site_15,false,1; 0.0,site_16,false,1",
  "max_mods": "1",
  "min_precursor_charge": "1",
  "max_precursor_charge": null,
  "quantification_method": "Robust LC (high accuracy)",
  "protein_inference": "ProteinProphet: --maxppmdiff 2000000",
  "abundance_normalization_ions": null,
  "submission_comments": "Resubmission of f0d402d3172310d1662390d5d8fb76bd002588db after changing quant column from Precursor.Quantity -> Precursor.Normalised\n\n ### Parameter changes detected:\n- **semi_enzymatic**: `False` \u2192 `[MISSING]`\n\nDataset URL: https://proteobench.cubimed.rub.de/datasets/fdad2a4d2e6fe409bbbb0ed2d6644ee100e288ba/",
  "min_precursor_mz": null,
  "max_precursor_mz": "5000.0",
  "min_fragment_mz": null,
  "max_fragment_mz": null,
  "predictors_library": "nan",
  "scan_window": "nan"
}