{
  "id": "FragPipe (DIA-NN quant)_20251027_133359",
  "software_name": "FragPipe (DIA-NN quant)",
  "software_version": "23.0",
  "search_engine": "MSFragger",
  "search_engine_version": "4.3",
  "ident_fdr_psm": 0.01,
  "ident_fdr_peptide": NaN,
  "ident_fdr_protein": 0.01,
  "enable_match_between_runs": false,
  "precursor_mass_tolerance": "[-10 ppm, 10 ppm]",
  "fragment_mass_tolerance": "[-20 ppm, 20 ppm]",
  "enzyme": "Trypsin/P",
  "allowed_miscleavages": 1,
  "min_peptide_length": 6,
  "max_peptide_length": 30,
  "is_temporary": false,
  "intermediate_hash": "fdad2a4d2e6fe409bbbb0ed2d6644ee100e288ba",
  "results": {
    "6": {
      "median_abs_epsilon_global": 0.11777029081783841,
      "median_abs_epsilon_eq_species": 0.18174295291735879,
      "median_abs_epsilon_ECOLI": 0.2491837598964146,
      "median_abs_epsilon_HUMAN": 0.10076709265837458,
      "median_abs_epsilon_YEAST": 0.1952780061972872,
      "mean_abs_epsilon_global": 0.1787156344299808,
      "mean_abs_epsilon_eq_species": 0.25421982576219376,
      "mean_abs_epsilon_ECOLI": 0.3574600547900843,
      "mean_abs_epsilon_HUMAN": 0.1528520889193994,
      "mean_abs_epsilon_YEAST": 0.25234733357709765,
      "median_log2_empirical_ECOLI": -1.772892053251736,
      "median_log2_empirical_HUMAN": -0.00897655625477789,
      "median_log2_empirical_YEAST": 0.8300989869468243,
      "median_abs_epsilon_precision_global": 0.10772915839046515,
      "median_abs_epsilon_precision_eq_species": 0.13454339183458627,
      "median_abs_epsilon_precision_ECOLI": 0.1696496619018557,
      "median_abs_epsilon_precision_HUMAN": 0.1010215428373833,
      "median_abs_epsilon_precision_YEAST": 0.1329589707645198,
      "mean_log2_empirical_ECOLI": -1.6975252969340469,
      "mean_log2_empirical_HUMAN": -0.019903095232004838,
      "mean_log2_empirical_YEAST": 0.8074783979423709,
      "mean_abs_epsilon_precision_global": 0.16583908510716386,
      "mean_abs_epsilon_precision_eq_species": 0.20876554854304366,
      "mean_abs_epsilon_precision_ECOLI": 0.2795721833554118,
      "mean_abs_epsilon_precision_HUMAN": 0.15297221065594066,
      "mean_abs_epsilon_precision_YEAST": 0.1937522516177786,
      "CV_median": 0.0890261639918967,
      "CV_q75": 0.1579414121620305,
      "CV_q90": 0.25234967447996126,
      "CV_q95": 0.3251478701624705,
      "variance_epsilon_global": 0.07093557037712708,
      "nr_feature": 76434,
      "roc_auc": 0.9766211279563388
    },
    "5": {
      "median_abs_epsilon_global": 0.12373132336499637,
      "median_abs_epsilon_eq_species": 0.19509907271211743,
      "median_abs_epsilon_ECOLI": 0.27730917162066326,
      "median_abs_epsilon_HUMAN": 0.10453568445981531,
      "median_abs_epsilon_YEAST": 0.2034523620558737,
      "mean_abs_epsilon_global": 0.1912256898300067,
      "mean_abs_epsilon_eq_species": 0.27556075513230355,
      "mean_abs_epsilon_ECOLI": 0.3995042077311046,
      "mean_abs_epsilon_HUMAN": 0.16024380984475387,
      "mean_abs_epsilon_YEAST": 0.26693424782105224,
      "median_log2_empirical_ECOLI": -1.745832747991594,
      "median_log2_empirical_HUMAN": -0.008795948250815755,
      "median_log2_empirical_YEAST": 0.8253390485625722,
      "median_abs_epsilon_precision_global": 0.1135107632227772,
      "median_abs_epsilon_precision_eq_species": 0.14745154456182638,
      "median_abs_epsilon_precision_ECOLI": 0.19565995873576547,
      "median_abs_epsilon_precision_HUMAN": 0.1045512347037647,
      "median_abs_epsilon_precision_YEAST": 0.14214344024594894,
      "mean_log2_empirical_ECOLI": -1.6550928040886574,
      "mean_log2_empirical_HUMAN": -0.018418605877525196,
      "mean_log2_empirical_YEAST": 0.79798273780988,
      "mean_abs_epsilon_precision_global": 0.1768184966905908,
      "mean_abs_epsilon_precision_eq_species": 0.226774840428511,
      "mean_abs_epsilon_precision_ECOLI": 0.3120583938053571,
      "mean_abs_epsilon_precision_HUMAN": 0.16029649330923282,
      "mean_abs_epsilon_precision_YEAST": 0.20796963417094305,
      "CV_median": 0.09231074038166859,
      "CV_q75": 0.1651077844915753,
      "CV_q90": 0.2654470722142996,
      "CV_q95": 0.3424311157776294,
      "variance_epsilon_global": 0.08277629772249566,
      "nr_feature": 81843,
      "roc_auc": 0.9713391409700252
    },
    "4": {
      "median_abs_epsilon_global": 0.12695677551279516,
      "median_abs_epsilon_eq_species": 0.20515334104329921,
      "median_abs_epsilon_ECOLI": 0.30013858352165546,
      "median_abs_epsilon_HUMAN": 0.10651626994604335,
      "median_abs_epsilon_YEAST": 0.20880516966219886,
      "mean_abs_epsilon_global": 0.20034957600103145,
      "mean_abs_epsilon_eq_species": 0.2938941775681437,
      "mean_abs_epsilon_ECOLI": 0.43878429053837353,
      "mean_abs_epsilon_HUMAN": 0.164734521898105,
      "mean_abs_epsilon_YEAST": 0.2781637202679526,
      "median_log2_empirical_ECOLI": -1.724869857044987,
      "median_log2_empirical_HUMAN": -0.008856578173907614,
      "median_log2_empirical_YEAST": 0.8212890032790803,
      "median_abs_epsilon_precision_global": 0.11684214969136253,
      "median_abs_epsilon_precision_eq_species": 0.15719598647123542,
      "median_abs_epsilon_precision_ECOLI": 0.2179468431774909,
      "median_abs_epsilon_precision_HUMAN": 0.1063257977562504,
      "median_abs_epsilon_precision_YEAST": 0.14731531847996493,
      "mean_log2_empirical_ECOLI": -1.620714060282209,
      "mean_log2_empirical_HUMAN": -0.018310199153142925,
      "mean_log2_empirical_YEAST": 0.7903556364023071,
      "mean_abs_epsilon_precision_global": 0.18494175143106253,
      "mean_abs_epsilon_precision_eq_species": 0.2430781740292514,
      "mean_abs_epsilon_precision_ECOLI": 0.3460063770489211,
      "mean_abs_epsilon_precision_HUMAN": 0.16477439228773738,
      "mean_abs_epsilon_precision_YEAST": 0.21845375275109571,
      "CV_median": 0.09333121234438585,
      "CV_q75": 0.16760346419687042,
      "CV_q90": 0.27045314111804963,
      "CV_q95": 0.35004486007534985,
      "variance_epsilon_global": 0.09326881854167247,
      "nr_feature": 84385,
      "roc_auc": 0.9666344094881123
    },
    "3": {
      "median_abs_epsilon_global": 0.12841132278685485,
      "median_abs_epsilon_eq_species": 0.20765970749187534,
      "median_abs_epsilon_ECOLI": 0.3033706731406376,
      "median_abs_epsilon_HUMAN": 0.10769816220608064,
      "median_abs_epsilon_YEAST": 0.2119102871289078,
      "mean_abs_epsilon_global": 0.20377597673572176,
      "mean_abs_epsilon_eq_species": 0.2988113242303189,
      "mean_abs_epsilon_ECOLI": 0.4456833132925187,
      "mean_abs_epsilon_HUMAN": 0.16748965906241364,
      "mean_abs_epsilon_YEAST": 0.28326100033602425,
      "median_log2_empirical_ECOLI": -1.7221134099251447,
      "median_log2_empirical_HUMAN": -0.008891478295776523,
      "median_log2_empirical_YEAST": 0.8193650651641597,
      "median_abs_epsilon_precision_global": 0.1180696342523806,
      "median_abs_epsilon_precision_eq_species": 0.15903638374750942,
      "median_abs_epsilon_precision_ECOLI": 0.22042830522844703,
      "median_abs_epsilon_precision_HUMAN": 0.10729792647256886,
      "median_abs_epsilon_precision_YEAST": 0.1493829195415124,
      "mean_log2_empirical_ECOLI": -1.6141761166993067,
      "mean_log2_empirical_HUMAN": -0.018043300777722468,
      "mean_log2_empirical_YEAST": 0.7872713237923467,
      "mean_abs_epsilon_precision_global": 0.18827594186351423,
      "mean_abs_epsilon_precision_eq_species": 0.2478587447263252,
      "mean_abs_epsilon_precision_ECOLI": 0.3527744758327567,
      "mean_abs_epsilon_precision_HUMAN": 0.16751004048162327,
      "mean_abs_epsilon_precision_YEAST": 0.2232917178645957,
      "CV_median": 0.09370715782682927,
      "CV_q75": 0.16847982337459522,
      "CV_q90": 0.2721806431161635,
      "CV_q95": 0.35257888867623016,
      "variance_epsilon_global": 0.0975290107296349,
      "nr_feature": 85855,
      "roc_auc": 0.9641791026176375
    },
    "2": {
      "median_abs_epsilon_global": 0.128913812605278,