{
  "old_new": "new",
  "id": "FragPipe (DIA-NN quant)_20251027_133359",
  "software_name": "FragPipe (DIA-NN quant)",
  "software_version": "23.0",
  "search_engine": "MSFragger",
  "search_engine_version": "4.3",
  "ident_fdr_psm": "0.01",
  "ident_fdr_peptide": null,
  "ident_fdr_protein": "0.01",
  "enable_match_between_runs": false,
  "precursor_mass_tolerance": "[-10 ppm, 10 ppm]",
  "fragment_mass_tolerance": "[-20 ppm, 20 ppm]",
  "enzyme": "Trypsin/P",
  "allowed_miscleavages": 1,
  "min_peptide_length": 6,
  "max_peptide_length": 30,
  "is_temporary": false,
  "intermediate_hash": "fdad2a4d2e6fe409bbbb0ed2d6644ee100e288ba",
  "results": {
    "6": {
      "median_abs_epsilon_global": 0.11784130221801536,
      "median_abs_epsilon_eq_species": 0.18197039200127266,
      "median_abs_epsilon_ECOLI": 0.24909010557335165,
      "median_abs_epsilon_HUMAN": 0.10084189042077085,
      "median_abs_epsilon_YEAST": 0.1959791800096955,
      "mean_abs_epsilon_global": 0.17920773827078515,
      "mean_abs_epsilon_eq_species": 0.25554603404738613,
      "mean_abs_epsilon_ECOLI": 0.3586922779067794,
      "mean_abs_epsilon_HUMAN": 0.1529650253180384,
      "mean_abs_epsilon_YEAST": 0.25498079891734066,
      "median_log2_empirical_ECOLI": -1.7730978618244162,
      "median_log2_empirical_HUMAN": -0.008860397587135083,
      "median_log2_empirical_YEAST": 0.8293545830067597,
      "median_abs_epsilon_precision_global": 0.10792268236463531,
      "median_abs_epsilon_precision_eq_species": 0.13488514392749482,
      "median_abs_epsilon_precision_ECOLI": 0.1696515448664817,
      "median_abs_epsilon_precision_HUMAN": 0.10111766895492913,
      "median_abs_epsilon_precision_YEAST": 0.13388621796107358,
      "mean_log2_empirical_ECOLI": -1.6962449485446063,
      "mean_log2_empirical_HUMAN": -0.01981915791464669,
      "mean_log2_empirical_YEAST": 0.8045687511774521,
      "mean_abs_epsilon_precision_global": 0.16634249595228828,
      "mean_abs_epsilon_precision_eq_species": 0.21014903988692593,
      "mean_abs_epsilon_precision_ECOLI": 0.28129853664016635,
      "mean_abs_epsilon_precision_HUMAN": 0.1530970810554859,
      "mean_abs_epsilon_precision_YEAST": 0.19605150196512555,
      "CV_median": 0.08884997899167307,
      "CV_q75": 0.15775909208048336,
      "CV_q90": 0.2522314859765337,
      "CV_q95": 0.3251130202155067,
      "roc_auc": 0.975897310985706,
      "roc_auc_directional": 0.9857936587543012,
      "nr_prec": 76918,
      "nr_prec_HUMAN": 61261,
      "nr_prec_YEAST": 11595,
      "nr_prec_ECOLI": 4062,
      "variance_epsilon_global": 0.07169011494614753
    },
    "5": {
      "median_abs_epsilon_global": 0.12380315512379525,
      "median_abs_epsilon_eq_species": 0.19539413262705096,
      "median_abs_epsilon_ECOLI": 0.27710707668280854,
      "median_abs_epsilon_HUMAN": 0.10460547058603265,
      "median_abs_epsilon_YEAST": 0.2044698506123117,
      "mean_abs_epsilon_global": 0.19164591595116712,
      "mean_abs_epsilon_eq_species": 0.2766944892510878,
      "mean_abs_epsilon_ECOLI": 0.4003983146759424,
      "mean_abs_epsilon_HUMAN": 0.16032400995354032,
      "mean_abs_epsilon_YEAST": 0.2693611431237806,
      "median_log2_empirical_ECOLI": -1.7461799822099593,
      "median_log2_empirical_HUMAN": -0.008618292133180105,
      "median_log2_empirical_YEAST": 0.8244501052372915,
      "median_abs_epsilon_precision_global": 0.11364451080017979,
      "median_abs_epsilon_precision_eq_species": 0.1477802010898713,
      "median_abs_epsilon_precision_ECOLI": 0.19581633843409563,
      "median_abs_epsilon_precision_HUMAN": 0.10463533596127217,
      "median_abs_epsilon_precision_YEAST": 0.1428889288742461,
      "mean_log2_empirical_ECOLI": -1.6541483424755388,
      "mean_log2_empirical_HUMAN": -0.018340054551966238,
      "mean_log2_empirical_YEAST": 0.7952728025622271,
      "mean_abs_epsilon_precision_global": 0.17725590085787787,
      "mean_abs_epsilon_precision_eq_species": 0.2279559735245027,
      "mean_abs_epsilon_precision_ECOLI": 0.31339639883343,
      "mean_abs_epsilon_precision_HUMAN": 0.16038778450779453,
      "mean_abs_epsilon_precision_YEAST": 0.21008373723228357,
      "CV_median": 0.09213702680470472,
      "CV_q75": 0.16485865212832979,
      "CV_q90": 0.26535479268664536,
      "CV_q95": 0.34235922098363514,
      "roc_auc": 0.970703664584497,
      "roc_auc_directional": 0.9824682801274318,
      "nr_prec": 82337,
      "nr_prec_HUMAN": 64570,
      "nr_prec_YEAST": 12870,
      "nr_prec_ECOLI": 4897,
      "variance_epsilon_global": 0.08346484319359723
    },
    "4": {
      "median_abs_epsilon_global": 0.127025145525697,
      "median_abs_epsilon_eq_species": 0.20549310606728266,
      "median_abs_epsilon_ECOLI": 0.3000835830631363,
      "median_abs_epsilon_HUMAN": 0.10660332327530142,
      "median_abs_epsilon_YEAST": 0.20979241186341024,
      "mean_abs_epsilon_global": 0.20076027894365484,
      "mean_abs_epsilon_eq_species": 0.29505538603911924,
      "mean_abs_epsilon_ECOLI": 0.4399173988851148,
      "mean_abs_epsilon_HUMAN": 0.16481607168452514,
      "mean_abs_epsilon_YEAST": 0.28043268754771783,
      "median_log2_empirical_ECOLI": -1.7249178171341075,
      "median_log2_empirical_HUMAN": -0.00872024845501329,
      "median_log2_empirical_YEAST": 0.8200435187981103,
      "median_abs_epsilon_precision_global": 0.11695760205534533,
      "median_abs_epsilon_precision_eq_species": 0.15762618392450603,
      "median_abs_epsilon_precision_ECOLI": 0.21829312343271745,
      "median_abs_epsilon_precision_HUMAN": 0.10638056780952354,
      "median_abs_epsilon_precision_YEAST": 0.14820486053127713,
      "mean_log2_empirical_ECOLI": -1.6194937539856713,
      "mean_log2_empirical_HUMAN": -0.018260930033858837,
      "mean_log2_empirical_YEAST": 0.7877990465964043,
      "mean_abs_epsilon_precision_global": 0.18536847726018574,
      "mean_abs_epsilon_precision_eq_species": 0.24425819771133517,
      "mean_abs_epsilon_precision_ECOLI": 0.34749135418275917,
      "mean_abs_epsilon_precision_HUMAN": 0.16486778653904266,
      "mean_abs_epsilon_precision_YEAST": 0.22041545241220373,
      "CV_median": 0.09312964342512427,
      "CV_q75": 0.167372042011957,
      "CV_q90": 0.2703577165200075,
      "CV_q95": 0.3500126855883755,
      "roc_auc": 0.9660165182507454,
      "roc_auc_directional": 0.9782665279168974,
      "nr_prec": 84888,
      "nr_prec_HUMAN": 65997,
      "nr_prec_YEAST": 13454,
      "nr_prec_ECOLI": 5437,
      "variance_epsilon_global": 0.09395022597643564
    },
    "3": {
      "median_abs_epsilon_global": 0.12850628352688798,
      "median_abs_epsilon_eq_species": 0.20799358807441296,
      "median_abs_epsilon_ECOLI": 0.3031885393765261,
      "median_abs_epsilon_HUMAN": 0.10778528098838436,
      "median_abs_epsilon_YEAST": 0.2130069438583284,
      "mean_abs_epsilon_global": 0.20417760079771927,
      "mean_abs_epsilon_eq_species": 0.29994478374173794,
      "mean_abs_epsilon_ECOLI": 0.4467899525169861,
      "mean_abs_epsilon_HUMAN": 0.16757587391574852,
      "mean_abs_epsilon_YEAST": 0.28546852479247914,
      "median_log2_empirical_ECOLI": -1.7222545282526864,
      "median_log2_empirical_HUMAN": -0.00877712976801348,
      "median_log2_empirical_YEAST": 0.8181882496766999,
      "median_abs_epsilon_precision_global": 0.11823874228746778,
      "median_abs_epsilon_precision_eq_species": 0.15928736502980811,
      "median_abs_epsilon_precision_ECOLI": 0.2205252383604197,
      "median_abs_epsilon_precision_HUMAN": 0.10738411650179103,
      "median_abs_epsilon_precision_YEAST": 0.1499527402272136,
      "mean_log2_empirical_ECOLI": -1.6129822027241523,
      "mean_log2_empirical_HUMAN": -0.017987872404012763,
      "mean_log2_empirical_YEAST": 0.7847717222755604,
      "mean_abs_epsilon_precision_global": 0.18869329841317595,
      "mean_abs_epsilon_precision_eq_species": 0.2490091547109143,
      "mean_abs_epsilon_precision_ECOLI": 0.3542293379535293,