{
  "old_new": "new",
  "id": "AlphaDIA_20250714_155427",
  "software_name": "AlphaDIA",
  "software_version": "1.10.4-dev0",
  "search_engine": "AlphaDIA",
  "search_engine_version": NaN,
  "ident_fdr_psm": "0.01",
  "ident_fdr_peptide": NaN,
  "ident_fdr_protein": "0.01",
  "enable_match_between_runs": true,
  "precursor_mass_tolerance": "[-0 ppm, 0 ppm]",
  "fragment_mass_tolerance": "[-0 ppm, 0 ppm]",
  "enzyme": "trypsin/p ",
  "allowed_miscleavages": "1",
  "min_peptide_length": 6,
  "max_peptide_length": 30,
  "is_temporary": false,
  "intermediate_hash": "ff31788bc5a1c8a8da1907f916acc76c4bef4cef",
  "results": {
    "6": {
      "median_abs_epsilon_global": 0.2290240923542246,
      "median_abs_epsilon_eq_species": 0.30839384925206986,
      "median_abs_epsilon_ECOLI": 0.3555685679117353,
      "median_abs_epsilon_HUMAN": 0.2075923283503709,
      "median_abs_epsilon_YEAST": 0.36202065149410334,
      "mean_abs_epsilon_global": 0.33077613215114515,
      "mean_abs_epsilon_eq_species": 0.41807850556021525,
      "mean_abs_epsilon_ECOLI": 0.4885671307704574,
      "mean_abs_epsilon_HUMAN": 0.2972013223201369,
      "mean_abs_epsilon_YEAST": 0.4684670635900516,
      "median_log2_empirical_ECOLI": -1.8225819269735677,
      "median_log2_empirical_HUMAN": -0.10223134358464847,
      "median_log2_empirical_YEAST": 0.6767007509735086,
      "median_abs_epsilon_precision_global": 0.2046149571371627,
      "median_abs_epsilon_precision_eq_species": 0.26628785662934956,
      "median_abs_epsilon_precision_ECOLI": 0.34634367625574036,
      "median_abs_epsilon_precision_HUMAN": 0.19016043345614442,
      "median_abs_epsilon_precision_YEAST": 0.26235946017616385,
      "mean_log2_empirical_ECOLI": -1.7464622324285637,
      "mean_log2_empirical_HUMAN": -0.12258026562151278,
      "mean_log2_empirical_YEAST": 0.6202192344191867,
      "mean_abs_epsilon_precision_global": 0.3009086403657768,
      "mean_abs_epsilon_precision_eq_species": 0.3685610554582734,
      "mean_abs_epsilon_precision_ECOLI": 0.46464674731471306,
      "mean_abs_epsilon_precision_HUMAN": 0.2814137631247578,
      "mean_abs_epsilon_precision_YEAST": 0.35962265593534937,
      "CV_median": 0.16805093577892521,
      "CV_q75": 0.29789065799312464,
      "CV_q90": 0.42219368170522287,
      "CV_q95": 0.5205654141774452,
      "roc_auc": 0.8510326311661018,
      "roc_auc_directional": 0.9337775075800061,
      "nr_prec": 54912,
      "nr_prec_HUMAN": 44427,
      "nr_prec_YEAST": 8100,
      "nr_prec_ECOLI": 2385,
      "variance_epsilon_global": 0.21333422056675527
    },
    "5": {
      "median_abs_epsilon_global": 0.24126021067350134,
      "median_abs_epsilon_eq_species": 0.33959097332466887,
      "median_abs_epsilon_ECOLI": 0.4212382634498013,
      "median_abs_epsilon_HUMAN": 0.21524953842481587,
      "median_abs_epsilon_YEAST": 0.38228511809938936,
      "mean_abs_epsilon_global": 0.3486255259799615,
      "mean_abs_epsilon_eq_species": 0.4534851855791593,
      "mean_abs_epsilon_ECOLI": 0.5637491571834401,
      "mean_abs_epsilon_HUMAN": 0.30872815774587276,
      "mean_abs_epsilon_YEAST": 0.4879782418081652,
      "median_log2_empirical_ECOLI": -1.7185902594787805,
      "median_log2_empirical_HUMAN": -0.10407129923496328,
      "median_log2_empirical_YEAST": 0.6542839209231444,
      "median_abs_epsilon_precision_global": 0.21549765267574017,
      "median_abs_epsilon_precision_eq_species": 0.28248222665469697,
      "median_abs_epsilon_precision_ECOLI": 0.38126103075631157,
      "median_abs_epsilon_precision_HUMAN": 0.1985979080287148,
      "median_abs_epsilon_precision_YEAST": 0.2675877411790646,
      "mean_log2_empirical_ECOLI": -1.6347762266949242,
      "mean_log2_empirical_HUMAN": -0.12494170558431968,
      "mean_log2_empirical_YEAST": 0.5988718246420752,
      "mean_abs_epsilon_precision_global": 0.315126948991286,
      "mean_abs_epsilon_precision_eq_species": 0.3901982097097653,
      "mean_abs_epsilon_precision_ECOLI": 0.5099749638746203,
      "mean_abs_epsilon_precision_HUMAN": 0.2930819354217234,
      "mean_abs_epsilon_precision_YEAST": 0.36753772983295224,
      "CV_median": 0.16727014204614282,
      "CV_q75": 0.30136545399307624,
      "CV_q90": 0.43427095038048413,
      "CV_q95": 0.5390486147862015,
      "roc_auc": 0.8371417656076326,
      "roc_auc_directional": 0.9227551847156514,
      "nr_prec": 84206,
      "nr_prec_HUMAN": 67219,
      "nr_prec_YEAST": 12834,
      "nr_prec_ECOLI": 4153,
      "variance_epsilon_global": 0.2381432948426393
    },
    "4": {
      "median_abs_epsilon_global": 0.2491779327310013,
      "median_abs_epsilon_eq_species": 0.3638769785613505,
      "median_abs_epsilon_ECOLI": 0.4735593795950841,
      "median_abs_epsilon_HUMAN": 0.21927547455380036,
      "median_abs_epsilon_YEAST": 0.398796081535167,
      "mean_abs_epsilon_global": 0.3640195814488027,
      "mean_abs_epsilon_eq_species": 0.4852722224258333,
      "mean_abs_epsilon_ECOLI": 0.6294378998470191,
      "mean_abs_epsilon_HUMAN": 0.31538586138528973,
      "mean_abs_epsilon_YEAST": 0.5109929060451909,
      "median_log2_empirical_ECOLI": -1.6532079378873412,
      "median_log2_empirical_HUMAN": -0.10475015641071472,
      "median_log2_empirical_YEAST": 0.6394316355331799,
      "median_abs_epsilon_precision_global": 0.22312784195045055,
      "median_abs_epsilon_precision_eq_species": 0.3037623299440308,
      "median_abs_epsilon_precision_ECOLI": 0.42877403893871424,
      "median_abs_epsilon_precision_HUMAN": 0.20294713973222933,
      "median_abs_epsilon_precision_YEAST": 0.27956581116114876,
      "mean_log2_empirical_ECOLI": -1.5555534948692136,
      "mean_log2_empirical_HUMAN": -0.12675948063183773,
      "mean_log2_empirical_YEAST": 0.5773246869134765,
      "mean_abs_epsilon_precision_global": 0.3279157381268308,
      "mean_abs_epsilon_precision_eq_species": 0.4134423165424428,
      "mean_abs_epsilon_precision_ECOLI": 0.5542970321179786,
      "mean_abs_epsilon_precision_HUMAN": 0.29988280207365514,
      "mean_abs_epsilon_precision_YEAST": 0.3861471154356945,
      "CV_median": 0.16945299267534752,
      "CV_q75": 0.304565519200094,
      "CV_q90": 0.43997820800995213,
      "CV_q95": 0.5475495383029418,
      "roc_auc": 0.8298040742116386,
      "roc_auc_directional": 0.9084513970720961,
      "nr_prec": 88559,
      "nr_prec_HUMAN": 69587,
      "nr_prec_YEAST": 13941,
      "nr_prec_ECOLI": 5031,
      "variance_epsilon_global": 0.26359589370086367
    },
    "3": {
      "median_abs_epsilon_global": 0.25187619527897454,
      "median_abs_epsilon_eq_species": 0.3682729138226441,
      "median_abs_epsilon_ECOLI": 0.477981567376518,
      "median_abs_epsilon_HUMAN": 0.221533775332162,
      "median_abs_epsilon_YEAST": 0.40530339875925225,
      "mean_abs_epsilon_global": 0.3699160882858391,
      "mean_abs_epsilon_eq_species": 0.49259083284164645,
      "mean_abs_epsilon_ECOLI": 0.6358461047354043,
      "mean_abs_epsilon_HUMAN": 0.31979399282446,
      "mean_abs_epsilon_YEAST": 0.5221324009650751,
      "median_log2_empirical_ECOLI": -1.6493878364277572,
      "median_log2_empirical_HUMAN": -0.10475905736125313,
      "median_log2_empirical_YEAST": 0.634004592899295,
      "median_abs_epsilon_precision_global": 0.2261274655608254,
      "median_abs_epsilon_precision_eq_species": 0.3074550098922675,
      "median_abs_epsilon_precision_ECOLI": 0.4319802920224989,
      "median_abs_epsilon_precision_HUMAN": 0.20530589421467482,
      "median_abs_epsilon_precision_YEAST": 0.28507884343962875,
      "mean_log2_empirical_ECOLI": -1.5487198829810735,
      "mean_log2_empirical_HUMAN": -0.12682050132418626,
      "mean_log2_empirical_YEAST": 0.5676372748803921,
      "mean_abs_epsilon_precision_global": 0.3334558707945623,
      "mean_abs_epsilon_precision_eq_species": 0.4201200721266653,
      "mean_abs_epsilon_precision_ECOLI": 0.5597525470090756,
      "mean_abs_epsilon_precision_HUMAN": 0.30441147330586577,