{
  "old_new": "new",
  "id": "AlphaDIA_20250714_155427",
  "software_name": "AlphaDIA",
  "software_version": "1.10.4-dev0",
  "search_engine": "AlphaDIA",
  "search_engine_version": NaN,
  "ident_fdr_psm": "0.01",
  "ident_fdr_peptide": NaN,
  "ident_fdr_protein": "0.01",
  "enable_match_between_runs": true,
  "precursor_mass_tolerance": "[-0 ppm, 0 ppm]",
  "fragment_mass_tolerance": "[-0 ppm, 0 ppm]",
  "enzyme": "trypsin/p ",
  "allowed_miscleavages": "1",
  "min_peptide_length": "6",
  "max_peptide_length": "30",
  "is_temporary": false,
  "intermediate_hash": "ff31788bc5a1c8a8da1907f916acc76c4bef4cef",
  "results": {
    "6": {
      "median_abs_epsilon": 0.22931051253825618,
      "mean_abs_epsilon": 0.3316749734177542,
      "variance_epsilon": 0.2156532975864587,
      "nr_prec": 55164,
      "CV_median": 0.1679969253861975,
      "CV_q75": 0.29803121171980507,
      "CV_q90": 0.42256090688981707,
      "CV_q95": 0.5213554483295495
    },
    "5": {
      "median_abs_epsilon": 0.24142138164655869,
      "mean_abs_epsilon": 0.349498246320723,
      "variance_epsilon": 0.24077696116145106,
      "nr_prec": 84661,
      "CV_median": 0.16713292957044057,
      "CV_q75": 0.3014643861937276,
      "CV_q90": 0.43477112684433383,
      "CV_q95": 0.5400894872385382
    },
    "4": {
      "median_abs_epsilon": 0.2492265701350771,
      "mean_abs_epsilon": 0.364800963113153,
      "variance_epsilon": 0.2660148749165083,
      "nr_prec": 89027,
      "CV_median": 0.16929740687330652,
      "CV_q75": 0.30462437374047,
      "CV_q90": 0.44040119370384,
      "CV_q95": 0.5482467789803409
    },
    "3": {
      "median_abs_epsilon": 0.25197950998443996,
      "mean_abs_epsilon": 0.37070354160609764,
      "variance_epsilon": 0.27566390999276125,
      "nr_prec": 91489,
      "CV_median": 0.17038534803376856,
      "CV_q75": 0.30612918405263384,
      "CV_q90": 0.44294921047796,
      "CV_q95": 0.5522668904364307
    },
    "2": {
      "median_abs_epsilon": 0.25331306457496794,
      "mean_abs_epsilon": 0.37394963905812945,
      "variance_epsilon": 0.2829799769180781,
      "nr_prec": 92692,
      "CV_median": 0.17062555876473612,
      "CV_q75": 0.3066288789905448,
      "CV_q90": 0.443963114695046,
      "CV_q95": 0.553733246025123
    },
    "1": {
      "median_abs_epsilon": 0.25331306457496794,
      "mean_abs_epsilon": 0.37394963905812945,
      "variance_epsilon": 0.2829799769180781,
      "nr_prec": 92692,
      "CV_median": 0.17062555876473612,
      "CV_q75": 0.3066288789905448,
      "CV_q90": 0.443963114695046,
      "CV_q95": 0.553733246025123
    }
  },
  "median_abs_epsilon": 0.25197950998443996,
  "mean_abs_epsilon": 0.37070354160609764,
  "nr_prec": 91489,
  "comments": "",
  "proteobench_version": "0.8.29",
  "color": "#1D2732",
  "hover_text": "ProteoBench ID: AlphaDIA_20250714_155427<br>Software tool: AlphaDIA <br>Comment (private submission): ...",
  "scatter_size": 20,
  "fixed_mods": "Carbamidomethyl@C",
  "variable_mods": "Oxidation@M;Acetyl@Protein_N-term",
  "max_mods": "1 ",
  "min_precursor_charge": "1",
  "max_precursor_charge": "4",
  "quantification_method": "DirectLFQ",
  "protein_inference": "heuristic",
  "abundance_normalization_ions": NaN,
  "submission_comments": "\n\n ### Parameter changes detected:\n- **search_engine_version**: `None` \u2192 `nan`\n- **abundance_normalization_ions**: `None` \u2192 `nan`\n- **ident_fdr_peptide**: `None` \u2192 `nan`\n\nDataset URL: https://proteobench.cubimed.rub.de/datasets/ff31788bc5a1c8a8da1907f916acc76c4bef4cef/"
}